$MeshFormat
4.1 0 8
$EndMeshFormat
$PhysicalNames
6
2 2 "LFCone"
2 3 "LFSurround"
2 4 "Interface"
2 5 "Walltreatment"
2 6 "SideChamber_boundary"
3 1 "SideChamber"
$EndPhysicalNames
$Entities
62 97 35 1
1 581.4 107.344978333805 -292.6 0 
2 581.4 246.5 -292.6 0 
3 581.4 107.344978333805 -761.4 0 
4 581.4 246.5 -761.4 0 
5 581.4 -6.49702514010641e-14 -292.6 0 
6 581.4 89.34497833380451 -292.6 0 
7 581.4 -1.16223860742457e-13 -523.425735931288 0 
8 581.4 73.3304583526658 -523.425735931288 0 
9 581.4 80.6049346793026 -529.775735931288 0 
10 581.4 80.6049346793026 -631.375735931288 0 
11 581.4 73.3304583526659 -637.725735931288 0 
12 581.4 -1.41603559085388e-13 -637.725735931288 0 
13 581.4 -1.33537625401914e-13 -761.4 0 
14 581.4 89.34497833380451 -761.4 0 
15 490.6 246.5 -292.6 0 
16 442.6 246.5 -761.4 0 
17 442.6 246.5 -292.6 0 
18 581.4 80.6049346793026 -179.775735931288 0 
19 535 3.35651463073454 -179.775735931288 0 
20 541.35 3.35651463073454 -173.425735931288 0 
21 581.4 73.3304583526658 -173.425735931288 0 
22 535 3.35651463073457 -281.375735931288 0 
23 581.4 80.6049346793026 -281.375735931288 0 
24 581.4 73.3304583526659 -287.725735931288 0 
25 541.35 3.35651463073457 -287.725735931288 0 
26 581.4 -6.38879473616267e-14 -287.725735931288 0 
27 541.35 -6.21724893790088e-14 -287.725735931288 0 
28 541.35 -3.5527136788005e-14 -173.425735931288 0 
29 535 -3.5527136788005e-14 -179.775735931288 0 
30 535 -6.21724893790088e-14 -281.375735931288 0 
31 581.4 -3.85082490186956e-14 -173.425735931288 0 
32 490.6 89.34497833380451 -292.6 0 
33 490.6 107.344978333805 -292.6 0 
34 490.6 89.34497833380451 -761.4 0 
35 490.6 107.344978333805 -761.4 0 
36 581.4 107.344978333805 -85.7514718625762 0 
37 490.6 107.344978333805 -85.7514718625762 0 
38 490.6 89.34497833380451 -85.7514718625762 0 
39 581.4 89.34497833380451 -85.7514718625762 0 
40 442.6 -1.33537625401914e-13 -761.4 0 
41 442.6 -2.94431146130591e-14 -292.6 0 
42 490.6 -6.49702514010642e-14 -292.6 0 
43 490.6 2.44800908738405e-14 -49.7514718625762 0 
44 490.6 246.5 -49.7514718625762 0 
45 442.6 -7.03435311898479e-14 -316.799100854524 0 
46 418.4 -7.03435311898479e-14 -316.799100854524 0 
47 442.6 -1.63691482401135e-13 -737.200899145477 0 
48 418.4 -1.63691482401135e-13 -737.200899145477 0 
49 418.4 -7.72558187093215e-14 -347.929276351503 0 
50 418.4 -1.56779194881661e-13 -706.0707236484971 0 
51 339.894773339751 -9.98126711206385e-14 -449.516308465762 0 
52 339.894773339751 -1.34222342470345e-13 -604.483691534239 0 
53 581.4 2.44800908738405e-14 -49.7514718625762 0 
54 581.4 246.5 -49.7514718625762 0 
55 541.35 -1.15463194561016e-13 -523.425735931288 0 
56 541.35 -1.33226762955019e-13 -637.725735931288 0 
57 535 -1.33226762955019e-13 -631.375735931288 0 
58 535 -1.15463194561016e-13 -529.775735931288 0 
59 541.35 3.35651463073454 -523.425735931288 0 
60 535 3.35651463073457 -631.375735931288 0 
61 535 3.35651463073454 -529.775735931288 0 
62 541.35 3.35651463073457 -637.725735931288 0 
1 581.3999999 107.344978233805 -292.6000001000002 581.4000000999999 246.5000001 -292.5999999000001 0 2 1 -2 
2 581.3999999 107.344978233805 -761.4000000999999 581.4000000999999 107.344978433805 -292.5999999 0 2 1 -3 
3 581.3999999 107.344978233805 -761.4000001000001 581.4000000999999 246.5000001 -761.3999999000001 0 2 3 -4 
4 581.3999999 246.4999998999998 -761.4000000999999 581.4000000999999 246.5000000999999 -292.5999999 0 2 2 -4 
5 581.3999999 -1.00000065117456e-07 -292.6000001000001 581.4000000999999 89.34497843380449 -292.5999999 0 2 5 -6 
6 581.3999999 -1.000001162238607e-07 -523.425736031288 581.4000000999999 9.999993502974859e-08 -292.5999999 0 2 5 -7 
7 581.3999999 -1.000001148554475e-07 -523.425736031288 581.4000000999999 73.33045845266579 -523.4257358312881 0 2 7 -8 
8 581.3995412667668 73.32999961943275 -529.7761946645211 581.4004587332331 80.60539341253565 -523.4252771980549 0 2 8 -9 
9 581.3999999 80.60493457930261 -631.3757360312879 581.4000000999999 80.60493477930261 -529.775735831288 0 2 9 -10 
10 581.3995412667676 73.32999961943347 -637.7261946645203 581.4004587332323 80.60539341253494 -631.3752771980556 0 2 10 -11 
11 581.3999999 -1.000001432771569e-07 -637.725736031288 581.4000000999999 73.33045845266588 -637.725735831288 0 2 11 -12 
12 581.3999999 -1.000001690647622e-07 -761.4000000999999 581.4000000999999 9.999985839644092e-08 -637.725735831288 0 2 12 -13 
13 581.3999999 -1.000001432771569e-07 -761.4000001000001 581.4000000999999 89.34497843380453 -761.3999999 0 2 13 -14 
14 581.3999999 89.34497823380451 -761.4000000999999 581.4000000999999 89.3449784338045 -292.5999999 0 2 14 -6 
15 490.5999999 246.4999999 -292.6000001 581.4000000999999 246.5000001 -292.5999999 0 2 2 -15 
16 442.5999999 246.4999999 -761.4000000999999 581.4000000999999 246.5000001 -761.3999999 0 2 4 -16 
17 442.5999999 246.4999999 -761.4000000999999 442.6000001 246.5000001000001 -292.5999999 0 2 16 -17 
18 442.5999999 246.4999999 -292.6000001 490.6000001 246.5000001 -292.5999999 0 2 17 -15 
19 534.9999999 3.356514530734607 -179.775736031288 581.4000001000001 80.60493477930251 -179.775735831288 0 2 18 -19 
20 534.9999999 3.356514530734538 -179.775736031288 541.3500001 3.356514730734539 -173.425735831288 0 2 20 -19 
21 541.3499999000001 3.356514530734565 -173.425736031288 581.4000000999999 73.33045845266575 -173.425735831288 0 2 20 -21 
22 581.3995412667668 73.32999961943263 -179.7761946645212 581.4004587332331 80.60539341253578 -173.4252771980548 0 2 21 -18 
23 534.9999999 3.356514530734593 -281.375736031288 581.4000000999999 80.60493477930252 -281.375735831288 0 2 22 -23 
24 534.9999999 3.356514530734535 -281.375736031288 535.0000001 3.356514730734558 -179.775735831288 0 2 22 -19 
25 581.3999999 80.60493457930261 -281.375736031288 581.4000000999999 80.60493477930261 -179.775735831288 0 2 18 -23 
26 541.3499999000001 3.356514530734636 -287.725736031288 581.4000001000001 73.33045845266581 -287.725735831288 0 2 24 -25 
27 534.9999999 3.356514530734565 -287.725736031288 541.3500001 3.356514730734571 -281.375735831288 0 2 25 -22 
28 581.3995412667676 73.32999961943358 -287.7261946645203 581.4004587332323 80.60539341253492 -281.3752771980556 0 2 23 -24 
29 581.3999999 -1.000000580120286e-07 -287.725736031288 581.4000000999999 73.33045845266588 -287.7257358312879 0 2 24 -26 
30 541.3499999000001 -1.000000640072329e-07 -287.725736031288 541.3500001 3.356514730734573 -287.725735831288 0 2 25 -27 
31 541.3499999000001 -1.000000621724894e-07 -287.7257360312881 581.4000000999999 9.999993782751062e-08 -287.725735831288 0 2 26 -27 
32 541.3499999000001 -1.000000355855235e-07 -173.425736031288 541.3500001 3.356514730734537 -173.425735831288 0 2 28 -20 
33 534.9999999 -1.000000355855235e-07 -179.775736031288 535.0000001 3.356514730734537 -179.775735831288 0 2 19 -29 
34 534.9999999 -1.000000976996262e-07 -179.775736031288 541.3500001 9.999990371035708e-08 -173.425735831288 0 2 29 -28 
35 534.9999999 -1.000000640072329e-07 -281.375736031288 535.0000001 3.356514730734573 -281.375735831288 0 2 30 -22 
36 534.9999999 -1.000000724642568e-07 -287.725736031288 541.3500001 9.999992894572642e-08 -281.375735831288 0 2 27 -30 
37 534.9999999 -1.000000624779641e-07 -281.375736031288 535.0000001 9.999996008176774e-08 -179.775735831288 0 2 30 -29 
38 581.3999999 -1.000000295903192e-07 -173.425736031288 581.4000000999999 73.33045845266579 -173.4257358312879 0 2 31 -21 
39 541.3499999000001 -1.000000355271368e-07 -173.425736031288 581.4000000999999 9.999996447286321e-08 -173.425735831288 0 2 28 -31 
40 490.5999999 89.34497823380454 -292.6000001000001 490.6000001 107.344978433805 -292.5999999000001 0 2 32 -33 
41 490.5999999 89.34497823380451 -761.4000000999999 490.6000001 89.3449784338045 -292.5999999 0 2 32 -34 
42 490.5999999 89.34497823380451 -761.4000000999999 490.6000001 107.344978433805 -761.3999999 0 2 35 -34 
43 490.5999999 107.344978233805 -761.4000000999999 490.6000001 107.344978433805 -292.5999999 0 2 33 -35 
44 490.5999999 107.344978233805 -761.4000000999999 581.4000000999999 107.344978433805 -761.3999999 0 2 3 -35 
45 581.3999999 107.344978233805 -292.6000001 581.4000000999999 107.344978433805 -85.7514717625762 0 2 36 -1 
46 490.5999999 107.344978233805 -85.75147196257619 581.4000000999999 107.344978433805 -85.7514717625762 0 2 37 -36 
47 490.5999999 107.344978233805 -292.6000001 490.6000001 107.344978433805 -85.7514717625762 0 2 33 -37 
48 490.5999999 89.34497823380461 -761.4000000999999 581.4000000999999 89.3449784338046 -761.3999999 0 2 34 -14 
49 490.5999999 89.34497823380451 -292.6000001 490.6000001 89.3449784338045 -85.7514717625762 0 2 38 -32 
50 490.5999999 89.34497823380451 -85.75147196257619 581.4000000999999 89.3449784338045 -85.7514717625762 0 2 39 -38 
51 581.3999999 89.34497823380451 -292.6000001 581.4000000999999 89.3449784338045 -85.7514717625762 0 2 6 -39 
52 581.3999999 89.34497823380451 -85.75147196257619 581.4000000999999 107.344978433805 -85.7514717625762 0 2 39 -36 
53 490.5999999 89.34497823380453 -85.75147196257619 490.6000001 107.344978433805 -85.7514717625762 0 2 37 -38 
54 442.5999999 -1.000001690647622e-07 -761.4000000999999 581.4000000999999 9.999983093523781e-08 -761.3999999 0 2 13 -40 
55 442.5999999 -1.000001361717295e-07 -761.4000001000001 442.6000001 246.5000001 -761.3999999 0 2 40 -16 
56 442.5999999 -1.000000224848918e-07 -292.6000001000002 442.6000001 246.5000001 -292.5999999000001 0 2 41 -17 
57 442.5999999 -1.000000649702514e-07 -292.6000001 490.6000001 9.999993502974859e-08 -292.5999998999999 0 2 41 -42 
58 490.5999999 -1.000000580120286e-07 -292.6000001000001 490.6000001 89.34497843380453 -292.5999999000001 0 2 42 -32 
59 490.5999999 107.344978233805 -292.6000001000002 490.6000001 246.5000001 -292.5999999000001 0 2 33 -15 
60 490.5999999 -1.000000649702514e-07 -292.6000001 490.6000001 9.999998895295408e-08 -49.75147176257619 0 2 42 -43 
61 490.5999999 -9.999996564147295e-08 -49.75147196257621 490.6000001 246.5000001 -49.75147176257616 0 2 43 -44 
62 490.5999999 246.4999999 -292.6000001 490.6000001 246.5000001000001 -49.75147176257622 0 2 15 -44 
63 418.3999999 -1.000000703435312e-07 -316.799100954524 442.6000001 9.99999296564688e-08 -316.799100754524 0 2 45 -46 
64 442.5999999 -1.000001930151484e-07 -737.200899245476 442.6000001 210.2008992454759 -316.799100754524 0 2 47 -45 
65 418.3999999 -1.000001636914824e-07 -737.200899245477 442.6000001 9.99998363085176e-08 -737.2008990454771 0 2 48 -47 
66 418.3999999 -1.000002782802767e-07 -737.200899245476 418.4000001 210.2008992454758 -316.799100754524 0 2 46 -48 
67 418.3999999 -1.000000772558187e-07 -347.929276451503 418.4000001 9.99999296564688e-08 -316.799100754524 0 2 46 -49 
68 418.3999999 -1.000001636914824e-07 -737.200899245477 418.4000001 9.999983940845813e-08 -706.0707235484971 0 2 50 -48 
69 418.3999999 -1.000002072260031e-07 -706.070723748497 418.4000001 179.0707237484968 -347.929276251503 0 2 49 -50 
70 339.8947732397507 -1.000000998126711e-07 -449.5163085657618 418.4000001000002 9.999992274418129e-08 -347.9292762515032 0 2 49 -51 
71 339.8947732397507 -1.000001575715513e-07 -706.0707237484971 418.4000000999998 9.999985254447778e-08 -604.4836914342393 0 2 52 -50 
72 339.894773239751 -1.000001930151484e-07 -604.4836916342387 339.894773439751 77.48369163423854 -449.5163083657613 0 2 51 -52 
73 339.8947732397505 -1.000001602604638e-07 -604.4836916342384 374.9101127122011 9.999985517117661e-08 -449.5163083657619 0 2 51 -52 
74 442.5999999 -1.000000703435312e-07 -316.799100954524 442.6000001 9.999993502974859e-08 -292.5999999 0 2 45 -41 
75 442.5999999 -1.000001690647622e-07 -761.4000000999999 442.6000001 9.99998363085176e-08 -737.2008990454771 0 2 40 -47 
76 490.5999999 -1.000000110470459e-07 -49.7514719625762 581.4000000999999 9.999998895295408e-08 -49.7514717625762 0 2 43 -53 
77 581.3999999 -9.999996564147295e-08 -49.75147196257621 581.4000000999999 246.5000001 -49.75147176257616 0 2 53 -54 
78 490.5999999 246.4999999 -49.7514719625762 581.4000000999999 246.5000001 -49.7514717625762 0 2 44 -54 
79 581.3999999 246.4999998999999 -292.6000001 581.4000000999999 246.5000001 -49.75147176257619 0 2 54 -2 
80 581.3999999 -1.00000038508249e-07 -173.425736031288 581.4000000999999 9.999998895295408e-08 -49.75147176257621 0 2 53 -31 
81 581.3999999 -1.000000649702514e-07 -292.6000001 581.4000000999999 9.999993611205264e-08 -287.725735831288 0 2 26 -5 
82 541.3499999000001 -1.000001154631946e-07 -523.425736031288 581.4000000999999 9.999988453680543e-08 -523.4257358312881 0 2 55 -7 
83 541.3499999000001 -1.00000133226763e-07 -637.725736031288 581.4000000999999 9.999986677323704e-08 -637.725735831288 0 2 12 -56 
84 534.9999999 -1.000000014099832e-07 -637.725736031288 541.3500001 1e-07 -631.375735831288 0 2 56 -57 
85 534.9999999 -1.000001401935758e-07 -631.3757360312879 535.0000001 9.999988236615602e-08 -529.775735831288 0 2 57 -58 
86 534.9999999 -1.000000177635684e-07 -529.7757360312879 541.3500001 9.999998364641485e-08 -523.425735831288 0 2 58 -55 
87 541.3499999000001 -1.000001137452244e-07 -523.425736031288 541.3500001 3.356514730734537 -523.4257358312881 0 2 55 -59 
88 541.3499999000001 3.356514530734565 -523.425736031288 581.4000000999999 73.33045845266575 -523.4257358312881 0 2 59 -8 
89 534.9999999 -1.000001350615065e-07 -631.3757360312879 535.0000001 3.356514730734573 -631.375735831288 0 2 57 -60 
90 534.9999999 3.356514530734535 -631.3757360312879 535.0000001 3.356514730734558 -529.775735831288 0 2 60 -61 
91 534.9999999 -1.000001137452244e-07 -529.7757360312879 535.0000001 3.356514730734537 -529.775735831288 0 2 61 -58 
92 534.9999999 3.356514530734565 -637.725736031288 541.3500001 3.356514730734571 -631.375735831288 0 2 62 -60 
93 541.3499999000001 -1.000001350615065e-07 -637.725736031288 541.3500001 3.356514730734573 -637.725735831288 0 2 62 -56 
94 534.9999999 3.356514530734538 -529.7757360312879 541.3500001 3.356514730734539 -523.425735831288 0 2 59 -61 
95 541.3499999000001 3.356514530734636 -637.725736031288 581.4000001000001 73.33045845266581 -637.725735831288 0 2 11 -62 
96 534.9999999 3.356514530734593 -631.3757360312879 581.4000000999999 80.60493477930252 -631.375735831288 0 2 60 -10 
97 534.9999999 3.356514530734607 -529.7757360312879 581.4000001000001 80.60493477930251 -529.775735831288 0 2 9 -61 
1 581.3999999 107.344978233805 -761.4000001000001 581.4000000999999 246.5000001 -292.5999999 1 5 4 -1 2 3 -4 
2 581.3995412667668 -0.0004587332333159111 -761.4004587332332 581.4004587332331 89.34543706703768 -292.5995412667669 1 5 10 -5 6 7 8 9 10 11 12 13 14 
3 442.5999999 246.4999998999998 -761.4000000999999 581.4000000999999 246.5000001000001 -292.5999999 1 5 5 -15 4 16 17 18 
4 527.7904351978148 3.356514530734536 -184.284236031288 584.3828012611031 86.96960207621514 -173.425735831288 1 6 4 19 -20 21 22 
5 534.9999999 3.356514530734472 -281.375736031288 581.4000000999999 80.60493477930252 -179.775735831288 1 6 4 -23 24 -19 25 
6 527.7904351978148 3.356514530734557 -287.725736031288 586.5005900854862 86.96960207621511 -276.8672358312879 1 6 4 26 27 23 28 
7 541.3499999000001 -1.00000065117456e-07 -287.7257360312881 581.4000001000001 73.33045845266588 -287.7257358312879 1 6 4 31 -30 -26 29 
8 534.9999999 -1.00000101088682e-07 -179.775736031288 541.3500001 3.356514730734536 -173.425735831288 1 6 4 32 20 33 34 
9 534.9999999 -1.000000788842215e-07 -287.725736031288 541.3500001 3.356514730734574 -281.375735831288 1 6 4 35 -27 30 36 
10 534.9999999 -1.000000640072329e-07 -281.375736031288 535.0000001 3.356514730734573 -179.775735831288 1 6 4 -33 -24 -35 37 
11 541.3499999000001 -1.000000366957465e-07 -173.425736031288 581.4000000999999 73.33045845266579 -173.4257358312879 1 6 4 -21 -32 39 38 
12 490.5999999 89.34497823380451 -761.4000000999999 490.6000001 107.344978433805 -292.5999999 1 6 4 43 42 -41 40 
13 490.5999999 107.344978233805 -761.4000000999999 581.4000000999999 107.344978433805 -85.75147176257622 1 6 6 -43 47 46 45 2 44 
14 490.5999999 89.34497823380451 -761.4000000999999 581.4000000999999 89.3449784338046 -85.75147176257622 1 6 6 14 51 50 49 41 48 
15 490.5999999 89.34497823380451 -85.75147196257619 581.4000000999999 107.344978433805 -85.7514717625762 1 6 4 53 -50 52 -46 
16 442.5999999 -1.00000164593439e-07 -761.4000001000001 581.4000000999999 246.5000001 -761.3999999 1 5 8 44 42 48 -13 54 55 -16 -3 
17 442.5999999 -1.00000065117456e-07 -292.6000001000002 490.6000001 246.5000001 -292.5999998999999 1 6 6 -18 -56 57 58 40 59 
18 490.5999999 -1.00000065117456e-07 -292.6000001000002 490.6000001 246.5000001000001 -49.75147176257616 1 6 8 49 -58 60 61 -62 -59 47 53 
19 418.3999999 -1.000001361717295e-07 -737.200899245476 442.6000001 210.2008992454759 -316.799100754524 1 6 4 -63 -64 -65 -66 
20 418.3999999 -1.000002782802767e-07 -737.200899245477 418.4000001 210.2008992454758 -316.799100754524 1 3 4 -67 66 -68 -69 
21 339.8947732397501 -1.000001788042937e-07 -706.0707237484972 418.4000000999998 179.0707237484971 -347.9292762515027 1 2 4 -70 69 -71 -72 
22 316.556029954627 -1.000002356477125e-07 -604.4836916342384 374.9101127122011 77.74865007960749 -449.5163083657616 1 2 2 -72 73 
23 442.5999999 -1.000001930151484e-07 -761.4000001000001 442.6000001 246.5000001000001 -292.5999999 1 6 6 64 74 56 -17 -55 75 
24 490.5999999 -1.000000082740371e-07 -49.75147196257621 581.4000000999999 246.5000001 -49.75147176257616 1 4 4 76 77 -78 -61 
25 490.5999999 246.4999998999999 -292.6000001 581.4000000999999 246.5000001000001 -49.75147176257619 1 6 4 15 62 78 79 
26 581.3995412667668 -0.0004587332332448568 -292.6004587332333 581.4004587332331 246.5004587332332 -49.75101312934299 1 6 14 5 51 52 45 1 -79 -77 80 38 22 25 28 29 81 
27 339.8947732397505 -1.000001690647622e-07 -761.4000000999999 581.4000000999999 1e-07 -49.75147176257616 1 6 27 -86 -85 -84 -83 12 54 75 -65 -68 -71 -73 -70 -67 -63 74 57 60 76 80 -39 -34 -37 -36 -31 81 6 -82 
28 541.3499999000001 -1.000001148554475e-07 -523.425736031288 581.4000000999999 73.33045845266579 -523.4257358312881 1 6 4 -88 -87 82 7 
29 534.9999999 -1.000001401685324e-07 -631.3757360312879 535.0000001 3.356514730734573 -529.775735831288 1 6 4 -91 -90 -89 85 
30 534.9999999 -1.000001357276403e-07 -637.725736031288 541.3500001 3.356514730734574 -631.375735831288 1 6 4 89 -92 93 84 
31 534.9999999 -1.000001152995367e-07 -529.7757360312879 541.3500001 3.356514730734543 -523.425735831288 1 6 4 87 94 91 86 
32 541.3499999000001 -1.000001432771569e-07 -637.725736031288 581.4000001000001 73.33045845266588 -637.725735831288 1 6 4 83 -93 -95 11 
33 527.7904351978148 3.356514530734557 -637.725736031288 586.5005900854862 86.96960207621511 -626.867235831288 1 6 4 95 92 96 10 
34 534.9999999 3.356514530734472 -631.3757360312879 581.4000000999999 80.60493477930252 -529.775735831288 1 6 4 -96 90 -97 9 
35 527.7904351978148 3.356514530734536 -534.2842360312879 584.3828012611031 86.96960207621514 -523.425735831288 1 6 4 97 -94 88 8 
1 316.5555713213938 -0.0004587332334580196 -761.4004587332332 586.5010487187194 246.5004587332333 -49.75101312934299 1 1 35 1 2 3 -4 -5 -6 -7 -8 -9 -10 -11 -12 -13 -14 -15 16 17 18 19 20 21 -22 23 24 25 26 -27 -28 -29 -30 -31 -32 -33 -34 -35 
$EndEntities
$Nodes
176 1127 1 1127
0 1 0 1
1
581.4 107.344978333805 -292.6
0 2 0 1
2
581.4 246.5 -292.6
0 3 0 1
3
581.4 107.344978333805 -761.4
0 4 0 1
4
581.4 246.5 -761.4
0 5 0 1
5
581.4 -6.49702514010641e-14 -292.6
0 6 0 1
6
581.4 89.34497833380451 -292.6
0 7 0 1
7
581.4 -1.16223860742457e-13 -523.425735931288
0 8 0 1
8
581.4 73.3304583526658 -523.425735931288
0 9 0 1
9
581.4 80.6049346793026 -529.775735931288
0 10 0 1
10
581.4 80.6049346793026 -631.375735931288
0 11 0 1
11
581.4 73.3304583526659 -637.725735931288
0 12 0 1
12
581.4 -1.41603559085388e-13 -637.725735931288
0 13 0 1
13
581.4 -1.33537625401914e-13 -761.4
0 14 0 1
14
581.4 89.34497833380451 -761.4
0 15 0 1
15
490.6 246.5 -292.6
0 16 0 1
16
442.6 246.5 -761.4
0 17 0 1
17
442.6 246.5 -292.6
0 18 0 1
18
581.4 80.6049346793026 -179.775735931288
0 19 0 1
19
535 3.35651463073454 -179.775735931288
0 20 0 1
20
541.35 3.35651463073454 -173.425735931288
0 21 0 1
21
581.4 73.3304583526658 -173.425735931288
0 22 0 1
22
535 3.35651463073457 -281.375735931288
0 23 0 1
23
581.4 80.6049346793026 -281.375735931288
0 24 0 1
24
581.4 73.3304583526659 -287.725735931288
0 25 0 1
25
541.35 3.35651463073457 -287.725735931288
0 26 0 1
26
581.4 -6.38879473616267e-14 -287.725735931288
0 27 0 1
27
541.35 -6.21724893790088e-14 -287.725735931288
0 28 0 1
28
541.35 -3.5527136788005e-14 -173.425735931288
0 29 0 1
29
535 -3.5527136788005e-14 -179.775735931288
0 30 0 1
30
535 -6.21724893790088e-14 -281.375735931288
0 31 0 1
31
581.4 -3.85082490186956e-14 -173.425735931288
0 32 0 1
32
490.6 89.34497833380451 -292.6
0 33 0 1
33
490.6 107.344978333805 -292.6
0 34 0 1
34
490.6 89.34497833380451 -761.4
0 35 0 1
35
490.6 107.344978333805 -761.4
0 36 0 1
36
581.4 107.344978333805 -85.7514718625762
0 37 0 1
37
490.6 107.344978333805 -85.7514718625762
0 38 0 1
38
490.6 89.34497833380451 -85.7514718625762
0 39 0 1
39
581.4 89.34497833380451 -85.7514718625762
0 40 0 1
40
442.6 -1.33537625401914e-13 -761.4
0 41 0 1
41
442.6 -2.94431146130591e-14 -292.6
0 42 0 1
42
490.6 -6.49702514010642e-14 -292.6
0 43 0 1
43
490.6 2.44800908738405e-14 -49.7514718625762
0 44 0 1
44
490.6 246.5 -49.7514718625762
0 45 0 1
45
442.6 -7.03435311898479e-14 -316.799100854524
0 46 0 1
46
418.4 -7.03435311898479e-14 -316.799100854524
0 47 0 1
47
442.6 -1.63691482401135e-13 -737.200899145477
0 48 0 1
48
418.4 -1.63691482401135e-13 -737.200899145477
0 49 0 1
49
418.4 -7.72558187093215e-14 -347.929276351503
0 50 0 1
50
418.4 -1.56779194881661e-13 -706.0707236484971
0 51 0 1
51
339.894773339751 -9.98126711206385e-14 -449.516308465762
0 52 0 1
52
339.894773339751 -1.34222342470345e-13 -604.483691534239
0 53 0 1
53
581.4 2.44800908738405e-14 -49.7514718625762
0 54 0 1
54
581.4 246.5 -49.7514718625762
0 55 0 1
55
541.35 -1.15463194561016e-13 -523.425735931288
0 56 0 1
56
541.35 -1.33226762955019e-13 -637.725735931288
0 57 0 1
57
535 -1.33226762955019e-13 -631.375735931288
0 58 0 1
58
535 -1.15463194561016e-13 -529.775735931288
0 59 0 1
59
541.35 3.35651463073454 -523.425735931288
0 60 0 1
60
535 3.35651463073457 -631.375735931288
0 61 0 1
61
535 3.35651463073454 -529.775735931288
0 62 0 1
62
541.35 3.35651463073457 -637.725735931288
1 1 0 3
63
64
65
581.4 142.1337337503537 -292.6000000000001
581.4 176.9224891669024 -292.6000000000001
581.4 211.7112445834512 -292.6000000000001
1 2 0 13
66
67
68
69
70
71
72
73
74
75
76
77
78
581.4 107.344978333805 -326.0857142857144
581.4 107.344978333805 -359.5714285714288
581.4 107.344978333805 -393.057142857143
581.4 107.344978333805 -426.5428571428574
581.4 107.344978333805 -460.0285714285717
581.4 107.344978333805 -493.514285714286
581.4 107.344978333805 -527.0000000000002
581.4 107.344978333805 -560.4857142857145
581.4 107.344978333805 -593.9714285714286
581.4 107.344978333805 -627.4571428571429
581.4 107.344978333805 -660.9428571428572
581.4 107.344978333805 -694.4285714285714
581.4 107.344978333805 -727.9142857142857
1 3 0 3
79
80
81
581.4 142.1337337503537 -761.4000000000001
581.4 176.9224891669023 -761.4000000000001
581.4 211.7112445834512 -761.4000000000001
1 4 0 13
82
83
84
85
86
87
88
89
90
91
92
93
94
581.4 246.4999999999999 -326.0857142857144
581.4 246.4999999999999 -359.5714285714287
581.4 246.4999999999999 -393.057142857143
581.4 246.4999999999999 -426.5428571428574
581.4 246.4999999999999 -460.0285714285717
581.4 246.4999999999999 -493.514285714286
581.4 246.4999999999999 -527.0000000000002
581.4 246.4999999999999 -560.4857142857144
581.4 246.4999999999999 -593.9714285714286
581.4 246.4999999999999 -627.4571428571429
581.4 246.4999999999999 -660.9428571428572
581.4 246.4999999999998 -694.4285714285714
581.4 246.4999999999998 -727.9142857142857
1 5 0 2
95
96
581.4 29.78165944460144 -292.6
581.4 59.56331888920302 -292.6000000000001
1 6 0 6
97
98
99
100
101
102
581.4 -7.229219559269161e-14 -325.5751051330411
581.4 -7.961413978431909e-14 -358.5502102660822
581.4 -8.693608397594658e-14 -391.5253153991234
581.4 -9.425802816757407e-14 -424.5004205321646
581.4 -1.015799723592016e-13 -457.4755256652057
581.4 -1.08901916550829e-13 -490.4506307982468
1 7 0 2
103
104
581.4 24.44348611755521 -523.425735931288
581.4 48.88697223511051 -523.425735931288
1 8 0 1
105
581.3999999999999 78.30503139189116 -525.1281998383471
1 9 0 2
106
107
581.4 80.6049346793026 -563.6424025979546
581.4 80.60493467930262 -597.5090692646214
1 10 0 1
108
581.4 78.30503139189116 -636.023272024229
1 11 0 2
109
110
581.4 48.88697223511053 -637.725735931288
581.4 24.44348611755521 -637.725735931288
1 12 0 3
111
112
113
581.4 -1.484688598615203e-13 -668.6443019484659
581.4 -1.553341606376531e-13 -699.5628679656438
581.4 -1.621994614137858e-13 -730.4814339828218
1 13 0 2
114
115
581.4 29.78165944460142 -761.4000000000001
581.4 59.56331888920289 -761.4000000000001
1 14 0 13
116
117
118
119
120
121
122
123
124
125
126
127
128
581.4 89.34497833380451 -727.9142857142856
581.4 89.34497833380451 -694.4285714285713
581.4 89.34497833380451 -660.942857142857
581.4 89.34497833380451 -627.4571428571426
581.4 89.34497833380451 -593.9714285714283
581.4 89.34497833380451 -560.4857142857142
581.4 89.34497833380451 -526.9999999999999
581.4 89.34497833380451 -493.5142857142856
581.4 89.34497833380451 -460.0285714285714
581.4 89.34497833380451 -426.5428571428572
581.4 89.34497833380451 -393.0571428571429
581.4 89.34497833380451 -359.5714285714287
581.4 89.34497833380451 -326.0857142857145
1 15 0 2
129
130
551.1333333333332 246.5 -292.6
520.8666666666666 246.5 -292.6
1 16 0 3
131
132
133
546.6999999999999 246.5 -761.4
511.9999999999998 246.5 -761.4
477.2999999999999 246.5 -761.4
1 17 0 13
134
135
136
137
138
139
140
141
142
143
144
145
146
442.6 246.5 -727.9142857142856
442.6 246.5 -694.4285714285713
442.6 246.5 -660.9428571428568
442.6 246.5 -627.4571428571426
442.6 246.5 -593.9714285714282
442.6 246.5000000000001 -560.4857142857139
442.6 246.5000000000001 -526.9999999999998
442.6 246.5000000000001 -493.5142857142855
442.6 246.5000000000001 -460.0285714285712
442.6 246.5000000000001 -426.542857142857
442.6 246.5000000000001 -393.0571428571427
442.6 246.5000000000001 -359.5714285714284
442.6 246.5000000000001 -326.0857142857142
1 18 0 1
147
466.6 246.5 -292.6
1 19 0 2
148
149
556.7873604800069 61.13393004089559 -179.775735931288
540.6278187363291 34.2309328769302 -179.775735931288
1 20 0 1
150
536.8598719394654 3.356514630734539 -175.2856078707534
1 21 0 2
151
152
546.1749020602865 30.92154454012356 -173.425735931288
560.0758850296479 55.2088504072301 -173.425735931288
1 22 0 1
153
581.4 78.30503139189115 -175.1281998383472
1 23 0 2
154
155
540.627818736329 34.2309328769302 -281.375735931288
556.7873604800069 61.13393004089559 -281.375735931288
1 24 0 2
156
157
535 3.35651463073455 -247.5090692646214
535 3.356514630734543 -213.6424025979548
1 25 0 2
158
159
581.4 80.6049346793026 -213.6424025979547
581.4 80.60493467930262 -247.5090692646214
1 26 0 2
160
161
560.075885029648 55.20885040723023 -287.725735931288
546.1749020602866 30.92154454012368 -287.725735931288
1 27 0 1
162
536.8598719394654 3.356514630734567 -285.8658639918226
1 28 0 1
163
581.4 78.30503139189115 -286.0232720242288
1 29 0 2
164
165
581.4 48.88697223511056 -287.7257359312879
581.4 24.44348611755527 -287.725735931288
1 31 0 1
166
561.375 -6.21724893790088e-14 -287.725735931288
1 34 0 1
167
536.8598719394654 -9.67026174557496e-14 -175.2856078707534
1 36 0 1
168
536.8598719394654 -7.20512822872742e-14 -285.8658639918226
1 37 0 2
169
170
535 -5.495805350022512e-14 -247.5090692646213
535 -4.743814288009738e-14 -213.6424025979545
1 38 0 2
171
172
581.4 24.44348611755527 -173.425735931288
581.4 48.88697223511053 -173.4257359312879
1 39 0 1
173
561.375 -3.552713678800501e-14 -173.425735931288
1 41 0 13
174
175
176
177
178
179
180
181
182
183
184
185
186
490.6 89.34497833380451 -326.0857142857144
490.6 89.34497833380451 -359.5714285714287
490.6 89.34497833380451 -393.057142857143
490.6 89.34497833380451 -426.5428571428574
490.6 89.34497833380451 -460.0285714285717
490.6 89.34497833380451 -493.514285714286
490.6 89.34497833380451 -527.0000000000002
490.6 89.34497833380451 -560.4857142857145
490.6 89.34497833380451 -593.9714285714288
490.6 89.34497833380451 -627.4571428571429
490.6 89.34497833380451 -660.9428571428572
490.6 89.34497833380451 -694.4285714285714
490.6 89.34497833380451 -727.9142857142857
1 43 0 13
187
188
189
190
191
192
193
194
195
196
197
198
199
490.6 107.344978333805 -326.0857142857144
490.6 107.344978333805 -359.5714285714287
490.6 107.344978333805 -393.057142857143
490.6 107.344978333805 -426.5428571428574
490.6 107.344978333805 -460.0285714285717
490.6 107.344978333805 -493.514285714286
490.6 107.344978333805 -527.0000000000002
490.6 107.344978333805 -560.4857142857145
490.6 107.344978333805 -593.9714285714288
490.6 107.344978333805 -627.4571428571429
490.6 107.344978333805 -660.9428571428572
490.6 107.344978333805 -694.4285714285714
490.6 107.344978333805 -727.9142857142857
1 44 0 2
200
201
551.1333333333333 107.344978333805 -761.4
520.8666666666666 107.344978333805 -761.4
1 45 0 5
202
203
204
205
206
581.4 107.344978333805 -120.2262265521469
581.4 107.344978333805 -154.7009812417175
581.4 107.344978333805 -189.1757359312883
581.4 107.344978333805 -223.6504906208591
581.4 107.344978333805 -258.1252453104296
1 46 0 2
207
208
520.8666666666667 107.344978333805 -85.7514718625762
551.1333333333332 107.344978333805 -85.7514718625762
1 47 0 5
209
210
211
212
213
490.6 107.344978333805 -258.1252453104293
490.6 107.344978333805 -223.6504906208586
490.6 107.344978333805 -189.175735931288
490.6 107.344978333805 -154.7009812417174
490.6 107.344978333805 -120.2262265521468
1 48 0 2
214
215
520.8666666666668 89.3449783338046 -761.4
551.1333333333334 89.3449783338046 -761.4
1 49 0 5
216
217
218
219
220
490.6 89.34497833380451 -120.2262265521469
490.6 89.34497833380451 -154.7009812417176
490.6 89.34497833380451 -189.1757359312882
490.6 89.34497833380451 -223.6504906208588
490.6 89.34497833380451 -258.1252453104294
1 50 0 2
221
222
551.1333333333333 89.34497833380451 -85.7514718625762
520.8666666666668 89.34497833380451 -85.7514718625762
1 51 0 5
223
224
225
226
227
581.4 89.34497833380451 -258.1252453104294
581.4 89.34497833380451 -223.6504906208587
581.4 89.34497833380451 -189.175735931288
581.4 89.34497833380451 -154.7009812417172
581.4 89.34497833380451 -120.2262265521467
1 54 0 3
228
229
230
546.7 -1.69064762189919e-13 -761.4
512 -1.69064762189919e-13 -761.4
477.3 -1.69064762189919e-13 -761.4
1 55 0 6
231
232
233
234
235
236
442.6 35.2142857142855 -761.4000000000001
442.6 70.4285714285711 -761.4000000000001
442.6 105.6428571428567 -761.4000000000001
442.6 140.8571428571423 -761.4000000000001
442.6 176.0714285714282 -761.4000000000001
442.6 211.2857142857141 -761.4000000000001
1 56 0 6
237
238
239
240
241
242
442.6 35.21428571428561 -292.6000000000001
442.6 70.42857142857116 -292.6000000000001
442.6 105.6428571428568 -292.6000000000001
442.6 140.8571428571424 -292.6000000000001
442.6 176.0714285714282 -292.6000000000001
442.6 211.2857142857141 -292.6000000000001
1 57 0 1
243
466.6 -6.497025140106419e-14 -292.6
1 58 0 2
244
245
490.6 29.78165944460147 -292.6000000000001
490.6 59.56331888920295 -292.6000000000001
1 59 0 3
246
247
248
490.6 142.1337337503537 -292.6000000000001
490.6 176.9224891669023 -292.6000000000001
490.6 211.7112445834512 -292.6000000000001
1 60 0 6
249
250
251
252
253
254
490.6 -5.726693633150706e-14 -257.9073531232251
490.6 -4.956362126194998e-14 -223.2147062464502
490.6 -4.186030619239286e-14 -188.5220593696753
490.6 -3.415699112283575e-14 -153.8294124929003
490.6 -2.64536760532787e-14 -119.1367656161256
490.6 -1.875036098372166e-14 -84.4441187393509
1 61 0 6
255
256
257
258
259
260
490.6 35.21428571428561 -49.75147186257617
490.6 70.42857142857122 -49.75147186257617
490.6 105.6428571428568 -49.75147186257618
490.6 140.8571428571424 -49.75147186257619
490.6 176.0714285714282 -49.7514718625762
490.6 211.2857142857141 -49.7514718625762
1 62 0 6
261
262
263
264
265
266
490.6 246.5 -257.9073531232251
490.6 246.5 -223.2147062464502
490.6 246.5 -188.5220593696753
490.6 246.5 -153.8294124929003
490.6 246.5 -119.1367656161256
490.6 246.5000000000001 -84.4441187393509
1 64 0 18
267
268
269
270
271
272
273
274
275
276
277
278
279
280
281
282
283
284
442.6 34.59793087149122 -734.3340328575559
442.6 68.25212037888292 -725.8116346327674
442.6 100.0445699623377 -711.8661732784489
442.6 129.1080644739496 -692.8780446272413
442.6 154.6498275463176 -669.3651953303923
442.6 175.9731464652345 -641.9689946232968
442.6 192.4963766763363 -611.4367394446788
442.6 203.7688075323105 -578.6012701241621
442.6 209.4829565044402 -544.35825266913
442.6 209.4829565044403 -509.6417473308716
442.6 203.7688075323109 -475.3987298758395
442.6 192.4963766763369 -442.5632605553226
442.6 175.9731464652353 -412.0310053767043
442.6 154.6498275463183 -384.6348046696084
442.6 129.1080644739502 -361.1219553727593
442.6 100.0445699623382 -342.1338267215514
442.6 68.25212037888342 -328.1883653672327
442.6 34.59793087149156 -319.6659671424442
1 66 0 18
285
286
287
288
289
290
291
292
293
294
295
296
297
298
299
300
301
302
418.4 34.59793087149133 -319.6659671424441
418.4 68.25212037888303 -328.1883653672326
418.4 100.0445699623378 -342.1338267215513
418.4 129.1080644739497 -361.121955372759
418.4 154.6498275463177 -384.6348046696079
418.4 175.9731464652346 -412.0310053767034
418.4 192.4963766763364 -442.5632605553214
418.4 203.7688075323104 -475.3987298758382
418.4 209.4829565044401 -509.6417473308703
418.4 209.4829565044402 -544.3582526691287
418.4 203.7688075323107 -578.6012701241607
418.4 192.4963766763368 -611.4367394446776
418.4 175.9731464652351 -641.9689946232959
418.4 154.6498275463181 -669.3651953303917
418.4 129.1080644739501 -692.8780446272407
418.4 100.044569962338 -711.8661732784486
418.4 68.25212037888316 -725.8116346327673
418.4 34.59793087149122 -734.3340328575559
1 69 0 15
303
304
305
306
307
308
309
310
311
312
313
314
315
316
317
418.4 34.93496514024631 -351.3700700943995
418.4 68.52739916190717 -361.5602235491688
418.4 99.48636366438414 -378.108134833248
418.4 126.6221230038344 -400.3778769961656
418.4 148.8918651667519 -427.5136363356157
418.4 165.4397764508311 -458.4726008380927
418.4 175.6299299056004 -492.0650348597537
418.4 179.0707236484969 -527.0000000000001
418.4 175.6299299056004 -561.9349651402464
418.4 165.4397764508311 -595.5273991619072
418.4 148.891865166752 -626.4863636643842
418.4 126.6221230038344 -653.6221230038344
418.4 99.48636366438417 -675.8918651667519
418.4 68.52739916190714 -692.4397764508312
418.4 34.93496514024623 -702.6299299056005
1 70 0 3
318
319
320
398.7736933349378 -8.289503181215073e-14 -373.3260343800679
379.1473866698754 -8.853424491497999e-14 -398.7227924086326
359.5210800048131 -9.417345801780924e-14 -424.1195504371972
1 71 0 3
321
322
323
359.521080004813 -1.499845294772259e-13 -629.8804495628037
379.1473866698752 -1.52513536737215e-13 -655.2772075913682
398.7736933349375 -1.550425439972041e-13 -680.6739656199327
1 72 0 6
324
325
326
327
328
329
339.894773339751 33.6189138035068 -457.1896061574967
339.894773339751 60.57918941930914 -478.6897085180342
339.894773339751 75.54101361561558 -509.758256593418
339.894773339751 75.5410136156157 -544.2417434065815
339.894773339751 60.57918941930941 -575.3102914819655
339.894773339751 33.61891380350693 -596.8103938425032
1 73 0 4
330
331
332
333
361.806548320949 -1.475320463006622e-13 -476.662572227128
373.4258445370357 -1.508076620150124e-13 -509.5569102577245
373.4258445370357 -1.542816251519797e-13 -544.4430897422757
361.8065483209489 -1.575572408663298e-13 -577.3374277728722
1 76 0 2
334
335
520.8666666666667 -1.10470459141645e-14 -49.7514718625762
551.1333333333332 -1.10470459141645e-14 -49.7514718625762
1 77 0 6
336
337
338
339
340
341
581.4 35.21428571428561 -49.75147186257617
581.4 70.42857142857122 -49.75147186257617
581.4 105.6428571428568 -49.75147186257618
581.4 140.8571428571424 -49.75147186257619
581.4 176.0714285714282 -49.7514718625762
581.4 211.2857142857141 -49.7514718625762
1 78 0 2
342
343
520.8666666666667 246.5 -49.7514718625762
551.1333333333332 246.5 -49.7514718625762
1 79 0 6
344
345
346
347
348
349
581.4 246.5 -84.44411873935108
581.4 246.5 -119.1367656161259
581.4 246.5 -153.8294124929009
581.4 246.4999999999999 -188.5220593696759
581.4 246.4999999999999 -223.2147062464506
581.4 246.4999999999999 -257.9073531232253
1 80 0 3
350
351
352
581.4 -1.791234669029737e-14 -80.67003787975418
581.4 -2.477764746643016e-14 -111.5886038969322
581.4 -3.164294824256292e-14 -142.5071699141101
1 82 0 1
353
561.375 -1.15463194561016e-13 -523.425735931288
1 83 0 1
354
561.375 -1.33226762955019e-13 -637.725735931288
1 84 0 1
355
536.8598719394654 -9.970087112641964e-16 -635.8658639918226
1 85 0 2
356
357
535 -1.326736652239859e-13 -597.5090692646213
535 -1.251537546038582e-13 -563.6424025979545
1 86 0 1
358
536.8598719394654 -1.676655968273831e-14 -525.2856078707533
1 88 0 2
359
360
546.1749020602865 30.92154454012356 -523.425735931288
560.0758850296479 55.2088504072301 -523.425735931288
1 90 0 2
361
362
535 3.35651463073455 -597.5090692646214
535 3.356514630734543 -563.6424025979547
1 92 0 1
363
536.8598719394654 3.356514630734567 -635.8658639918225
1 94 0 1
364
536.8598719394654 3.356514630734539 -525.2856078707534
1 95 0 2
365
366
560.075885029648 55.20885040723023 -637.725735931288
546.1749020602866 30.92154454012368 -637.725735931288
1 96 0 2
367
368
540.627818736329 34.2309328769302 -631.375735931288
556.7873604800069 61.13393004089559 -631.375735931288
1 97 0 2
369
370
556.7873604800069 61.13393004089559 -529.775735931288
540.6278187363291 34.2309328769302 -529.775735931288
2 1 0 52
371
372
373
374
375
376
377
378
379
380
381
382
383
384
385
386
387
388
389
390
391
392
393
394
395
396
397
398
399
400
401
402
403
404
405
406
407
408
409
410
411
412
413
414
415
416
417
418
419
420
421
422
581.4 220.0581297800092 -546.2158179989887
581.4 136.9305969857139 -611.1063711682172
581.4 218.3137531109132 -439.4966866075036
581.4 137.5745000193137 -678.6301422987832
581.4 136.8514067889507 -375.3698577012168
581.4 135.3010861264794 -513.8727661381843
581.4 217.9718484187667 -642.8822661846324
581.4 136.9305969857137 -443.6777997396451
581.4 215.4949478164349 -375.3698577012169
581.4 192.9867939175957 -731.8631775311168
581.4 159.4627153813865 -320.2334543850496
581.4 159.2410365551232 -733.8650661962657
581.4 170.6437541443733 -698.3027952370444
581.4 213.614223908921 -704.9288587648689
581.4 194.3713636062112 -319.817705789762
581.4 175.6098309862597 -357.8202880185844
581.4 137.0282868884831 -576.9018335502967
581.4 167.4431671004672 -593.763304479879
581.4 165.4686859085028 -627.5223849717054
581.4 166.6833380031334 -558.1332015621317
581.4 195.3184089563391 -570.7645871046396
581.4 198.193051460061 -609.5274130467996
581.4 135.7538270470734 -409.7079429068104
581.4 166.5860678764684 -423.6740535735804
581.4 163.4982147260123 -464.8520900082404
581.4 217.6456521820587 -407.7306096743789
581.4 187.3552844620121 -395.2201268526733
581.4 217.5005207647039 -510.2571428571431
581.4 187.039729991885 -530.0601301845619
581.4 188.6218002486449 -490.3098668367386
581.4 217.7626575539656 -473.0973075109997
581.4 135.8521558679255 -480.7578297811152
581.4 136.3444575691001 -543.7428571428575
581.4 136.3444575691006 -644.1999999999998
581.4 195.2015439175395 -670.6884041865726
581.4 217.4521053311292 -342.6420135984779
581.4 136.4121192596544 -342.6366818989884
581.4 135.6680088533566 -711.7335854071689
581.4 165.0332865090337 -660.6456042001007
581.4 223.9575232490454 -674.7741915415005
581.4 190.2185167994767 -448.4148958468352
581.4 162.5370172495769 -504.0598524131242
581.4 222.0503210649142 -581.9465411203092
581.4 226.2430441887485 -611.1569583560625
581.4 220.8241212409181 -736.0533809042031
581.4 159.8879538043449 -392.5580792524503
581.4 189.2500887905995 -643.0189011755563
581.4 131.8588057337192 -316.7393484319365
581.4 131.8588057337195 -737.2606515680634
581.4 221.986172600086 -316.7393484319363
581.4 195.0860694720015 -421.7509020451129
581.4 159.1740065505543 -532.6609125502989
2 2 0 26
423
424
425
426
427
428
429
430
431
432
433
434
435
436
437
438
439
440
441
442
443
444
445
446
447
448
581.4 60.87782997502302 -479.8203163599449
581.4 25.015364228191 -717.011481920538
581.4 45.66698393630833 -315.6995748043283
581.4 28.5572787376762 -375.0377628326029
581.4 63.04323027242538 -677.6857142857142
581.4 28.80681710028233 -439.6618648196322
581.4 60.34549909850853 -409.8
581.4 39.18806117313216 -502.2410403869922
581.4 38.90732765656878 -657.7182222994006
581.4 62.32566001394724 -504.4854228647598
581.4 60.20714796173758 -711.1714285714287
581.4 28.43588433694498 -406.6576358359733
581.4 60.73748363312103 -444.518983791096
581.4 61.2434817296454 -376.3142857142859
581.4 61.68957465111362 -655.3281900219283
581.4 63.46249406409203 -342.8285714285715
581.4 26.47700093591425 -338.7424311699341
581.4 28.83313356290512 -474.4437921694122
581.4 45.08239473568136 -739.2068156347727
581.4 23.73981896165583 -684.1035849570546
581.4 18.49293617071845 -502.7973870434456
581.4 17.41812654715591 -657.1835162134994
581.4 20.92723161224927 -740.4387070222458
581.4 69.47655071144248 -313.9627721037229
581.4 68.7085636508462 -740.2185059840975
581.4 20.38512886336474 -313.0434222214607
2 3 0 54
449
450
451
452
453
454
455
456
457
458
459
460
461
462
463
464
465
466
467
468
469
470
471
472
473
474
475
476
477
478
479
480
481
482
483
484
485
486
487
488
489
490
491
492
493
494
495
496
497
498
499
500
501
502
501.7824042003923 246.5 -325.5240140877079
556.2854454187481 246.5 -546.2935641066183
551.8143813480912 246.5 -443.6777997396454
554.4882049133172 246.4999999999999 -611.881026058696
550.4301653633271 246.4999999999999 -678.6429530396924
553.2062617475921 246.5 -376.3142857142859
468.481670850417 246.5 -508.1349968029207
472.1856186519088 246.5 -576.8364859746403
468.5795345750187 246.4999999999999 -646.2306911341386
469.8620280663054 246.5 -408.6332596555896
495.972135412449 246.4999999999999 -731.9223203317244
469.3384229582868 246.5 -338.5420482948927
529.6212392515722 246.4999999999999 -733.8853324763584
517.4580083938578 246.4999999999999 -698.9807303206735
475.2504026623416 246.4999999999999 -705.7384604548805
553.242862008638 246.5 -409.8653475756554
521.08994489162 246.5 -425.1559576202572
521.7142667266022 246.5 -461.6417176874336
491.7941667894541 246.5 -448.2549053461635
493.716409056762 246.5 -484.9942066016623
524.498103911922 246.5 -498.0218287272418
555.5275217205243 246.5 -342.4534214331043
522.1431389321291 246.5 -359.2400746665272
471.0629781818868 246.5 -375.9830622280071
502.7763937715358 246.5 -393.0571428571427
470.5823449605752 246.4999999999999 -610.9873866609867
503.2790349838949 246.5 -595.9476234665742
501.7120326814697 246.5 -558.0255082954163
532.4943382484387 246.5 -573.3274681271114
470.9504221611662 246.5 -542.9137842264485
552.3601118750914 246.5 -477.8568910257202
552.4005207647039 246.4999999999999 -644.2
522.0304876021725 246.4999999999999 -658.655964560597
478.6 246.5 -313.3846096908266
553.9406596803485 246.5 -511.6921743699415
524.2392269909606 246.4999999999999 -625.9004598176653
553.2362290913399 246.4999999999999 -711.6558980420914
535.9999999999999 246.5 -318.1120603517004
498.1232107832012 246.5 -526.9999999999998
492.6796313281032 246.4999999999999 -672.8588350247373
527.7727466608661 246.5 -531.6809055362278
467.1399268784095 246.5 -473.0354466965529
495.8473462216883 246.4999999999999 -631.3549407756667
464.3419137130927 246.4999999999999 -676.0398830370369
466.033472321137 246.5 -441.2723783700546
558.6521810047883 246.5 -578.6595507298366
468.1974693802559 246.4999999999999 -736.110597155504
493.5021743827922 246.5 -359.0091019670545
530.4917202703029 246.5 -392.7265616867737
459.9476845916574 246.5 -312.6424744542867
556.89843491019 246.4999999999999 -737.2462420025573
493.8943963969266 246.5 -420.9025877052023
529.7637373329318 246.4999999999999 -599.975242931228
559.9352623470896 246.5 -315.0656111040676
2 4 0 0
2 5 0 8
503
504
505
506
507
508
509
510
558.1828488434776 62.68351661298635 -230.5757359312881
539.9153362360911 32.27109232122691 -230.5757359312881
547.4916314682902 48.41280830875477 -205.8276074511699
547.4916314682901 48.41280830875472 -255.3238644114063
537.8721222041204 25.59138662269515 -202.9951163923971
563.1199879729249 67.62495861059338 -258.156355470179
562.9784801873662 67.49391830499751 -203.8052207102649
537.921334940371 25.77786482961266 -257.3462511523105
2 6 0 0
2 7 0 3
511
512
513
565.925524215062 33.86737222142235 -287.725735931288
557.2425852550697 16.07343489021164 -287.725735931288
571.3875 12.22174305877758 -287.725735931288
2 8 0 2
514
515
535.4833649685534 1.632976951921549 -177.3456961357697
538.9199602044818 1.723537678812932 -173.9091008998413
2 9 0 2
516
517
535.4843960234296 1.678257315367254 -283.8082634213773
538.9199602044819 1.632976951921592 -287.2423709627347
2 10 0 0
2 11 0 3
518
519
520
565.925524215062 33.86737222142233 -173.425735931288
557.2425852550697 16.07343489021162 -173.425735931288
571.3874999999999 12.22174305877761 -173.425735931288
2 12 0 14
521
522
523
524
525
526
527
528
529
530
531
532
533
534
490.6 98.34497833380476 -409.8000000000002
490.6 98.34497833380475 -309.3428571428573
490.6 98.34497833380475 -744.6571428571427
490.6 98.34497833380475 -443.2857142857146
490.6 98.34497833380476 -476.7714285714288
490.6 98.34497833380476 -543.7428571428574
490.6 98.34497833380476 -610.7142857142858
490.6 98.34497833380476 -711.1714285714286
490.6 98.34497833380476 -342.8285714285715
490.6 98.34497833380476 -376.3142857142859
490.6 98.34497833380475 -510.2571428571431
490.6 98.34497833380476 -577.2285714285716
490.6 98.34497833380476 -644.2
490.6 98.34497833380476 -677.6857142857143
2 13 0 42
535
536
537
538
539
540
541
542
543
544
545
546
547
548
549
550
551
552
553
554
555
556
557
558
559
560
561
562
563
564
565
566
567
568
569
570
571
572
573
574
575
576
536 107.344978333805 -735.188297778791
536 107.344978333805 -111.9631740837851
519.5994792352959 107.344978333805 -610.7142857142854
552.400520764704 107.344978333805 -543.7428571428572
552.400520764704 107.344978333805 -409.8000000000003
552.400520764704 107.344978333805 -476.7714285714288
552.400520764704 107.344978333805 -677.6857142857144
552.4005207647039 107.344978333805 -342.8285714285715
551.9722537071495 107.344978333805 -275.3626226552148
520.4560133504049 107.344978333805 -171.9383585865027
519.599479235296 107.344978333805 -443.2857142857144
519.599479235296 107.344978333805 -510.257142857143
519.5994792352961 107.344978333805 -309.3428571428572
519.5994792352961 107.344978333805 -376.3142857142858
520.4560133504049 107.344978333805 -240.8878679656439
551.5439866495951 107.344978333805 -206.4131132760737
519.5994792352969 107.344978333805 -644.2000000000004
552.4005207647041 107.344978333805 -577.2285714285719
552.7677080897374 107.344978333805 -610.7142857142854
517.5027607410898 107.344978333805 -577.2285714285717
514.5598958470592 107.344978333805 -409.8000000000002
553.9839711216001 107.344978333805 -376.3142857142858
553.9839711216001 107.344978333805 -443.2857142857145
553.9839711216 107.344978333805 -510.257142857143
516.8484163678119 107.344978333805 -476.7714285714288
519.2322919102627 107.344978333805 -543.7428571428572
517.858063095657 107.344978333805 -677.6857142857143
518.0160288783999 107.344978333805 -342.8285714285715
557.3544507414299 107.344978333805 -309.2439531024716
554.4972392589104 107.344978333805 -644.2000000000003
514.6455492585701 107.344978333805 -275.263718614829
557.3544507414299 107.344978333805 -240.8878679656442
514.731202670081 107.344978333805 -206.4131132760734
557.5197761299814 107.344978333805 -172.3657948688199
517.0591550326478 107.344978333805 -134.4720587164878
552.7988806499076 107.344978333805 -139.6007853085171
554.6066423096454 107.344978333805 -714.2112280639341
519.3520259930962 107.344978333805 -710.2816969505702
560.9079951285958 107.344978333805 -740.0227623114022
512.1259393871999 107.344978333805 -738.8790706048136
560.0999638044252 107.344978333805 -108.4028265262576
511.9000361955748 107.344978333805 -108.4028265262576
2 14 0 42
577
578
579
580
581
582
583
584
585
586
587
588
589
590
591
592
593
594
595
596
597
598
599
600
601
602
603
604
605
606
607
608
609
610
611
612
613
614
615
616
617
618
536.0000000000001 89.34497833380451 -735.188297778791
536 89.34497833380451 -111.9631740837851
552.4005207647041 89.34497833380451 -443.2857142857142
519.5994792352959 89.34497833380451 -610.7142857142854
552.400520764704 89.34497833380451 -543.7428571428569
552.4005207647041 89.34497833380451 -342.8285714285716
519.599479235296 89.34497833380451 -677.6857142857144
520.0277462928506 89.34497833380451 -275.3626226552147
520.4560133504049 89.34497833380451 -206.4131132760735
519.599479235296 89.34497833380451 -476.7714285714287
552.4005207647039 89.34497833380451 -644.1999999999994
519.5994792352961 89.34497833380451 -376.3142857142858
551.5439866495951 89.34497833380451 -171.9383585865026
551.5439866495951 89.34497833380451 -240.887867965644
519.5994792352961 89.34497833380451 -309.3428571428572
519.599479235296 89.34497833380451 -409.8000000000004
552.4005207647037 89.34497833380451 -577.2285714285714
519.599479235296 89.34497833380451 -510.2571428571431
553.9839711216001 89.34497833380451 -610.7142857142854
514.5598958470592 89.34497833380451 -443.2857142857144
518.0160288783999 89.34497833380451 -342.8285714285715
552.7677080897374 89.34497833380451 -476.7714285714288
552.7677080897374 89.34497833380451 -409.8000000000001
554.0030874962895 89.34497833380451 -376.3142857142857
514.5598958470592 89.34497833380451 -644.1999999999998
557.5135416179475 89.34497833380451 -510.2571428571429
519.2322919102626 89.34497833380451 -543.7428571428572
554.1419369043429 89.34497833380451 -677.6857142857141
517.9969125037105 89.34497833380451 -577.2285714285717
552.7677080897375 89.34497833380451 -309.3428571428573
557.4278882064366 89.34497833380451 -275.2637186148291
514.4802238700184 89.34497833380451 -172.3657948688198
516.5992163448309 89.34497833380451 -240.8878679656441
555.3570829350105 89.34497833380451 -206.4131132760734
554.9408449673521 89.34497833380451 -134.4720587164877
519.2011193500923 89.34497833380451 -139.6007853085171
553.4010778213488 89.34497833380451 -710.3776490352623
517.0544160739742 89.34497833380451 -714.078931474573
512.1259393871999 89.34497833380451 -738.8790706048137
559.8740606127999 89.34497833380451 -738.879070604814
560.0999638044251 89.34497833380451 -108.4028265262576
511.9000361955748 89.34497833380451 -108.4028265262576
2 15 0 3
619
620
621
566.2666666666667 98.34497833380475 -85.7514718625762
505.7333333333333 98.34497833380475 -85.7514718625762
536 98.34497833380476 -85.7514718625762
2 16 0 25
622
623
624
625
626
627
628
629
630
631
632
633
634
635
636
637
638
639
640
641
642
643
644
645
646
508.9900408076646 131.3818937355182 -761.4000000000001
508.0878350634471 61.33183632567898 -761.4000000000001
473.6656783883749 192.6787758774708 -761.4000000000001
550.0279467937895 190.2114516746121 -761.4000000000001
558.2637347145976 44.32199787901897 -761.4000000000001
479.2275248037122 65.18148136652735 -761.4000000000001
474.6703676439271 128.9794527158402 -761.4000000000001
470.0496487412732 94.48705322023409 -761.4000000000001
496.2901897758849 160.8200328934693 -761.4000000000001
528.1552639662357 158.0793362931807 -761.4000000000001
495.2851744712027 30.1278156862133 -761.4000000000001
495.363896986503 219.2883235307823 -761.4000000000001
528.7333272026331 218.9861755031891 -761.4000000000001
512.1203227784072 190.1538002820681 -761.4000000000001
531.4838206070353 30.84873129943253 -761.4000000000001
538.2308299603936 63.80336716352184 -761.4000000000001
465.9652471616374 159.8813665830702 -761.4000000000001
557.6578362235479 155.1206792094236 -761.4000000000001
538.8449679440191 130.6685369913019 -761.4000000000001
467.9128680497537 25.45371749927313 -761.4000000000001
556.1877966570992 221.2634775316723 -761.4000000000001
467.3721554093424 221.7406966024372 -761.4000000000001
559.8495110643265 20.99047772461057 -761.4000000000001
560.2097284402721 68.05668104639676 -761.4000000000001
562.08722750018 128.5225813237378 -761.4000000000001
2 17 0 10
647
648
649
650
651
652
653
654
655
656
473.1151034216574 100.3052636928099 -292.6000000000001
470.1650465023278 124.7393560420796 -292.6000000000001
467.9155019544212 78.3262464423579 -292.6000000000001
466.7879288506316 43.68743635692317 -292.6000000000001
466.6429807064932 199.0739239286722 -292.6000000000001
466.9790805125818 159.6421874323892 -292.6000000000001
458.0347115294991 227.1787106845465 -292.6000000000001
458.0554184072331 18.42954821539928 -292.6000000000001
477.1042049734688 228.0440893280258 -292.6000000000001
477.1162789546549 16.16229440199601 -292.6000000000001
2 18 0 42
657
658
659
660
661
662
663
664
665
666
667
668
669
670
671
672
673
674
675
676
677
678
679
680
681
682
683
684
685
686
687
688
689
690
691
692
693
694
695
696
697
698
490.6 136.5303291618056 -202.5766179877934
490.6 136.2194057946289 -135.4881081728227
490.6 222.3305711591398 -172.8878956325642
490.6 67.00297327855515 -104.2569358115052
490.6 193.3379150075256 -81.98740904257951
490.6 193.0608882625441 -263.0212152721083
490.6 44.75333236537745 -268.872819109515
490.6 59.48896498339968 -206.4131132760735
490.6 24.45628873459862 -136.6791920229968
490.6 134.2562211338329 -101.6909652778308
490.6 165.2876789984504 -112.2400122683044
490.6 168.3291092659824 -147.2623358539437
490.6 196.9842031953547 -124.1808886344222
490.6 159.4232010874007 -264.6649744091682
490.6 176.4774202464082 -234.8540879543126
490.6 214.653689833036 -236.0705844750846
490.6 195.2533103649724 -200.048177997006
490.6 33.39936164829373 -103.8882082458358
490.6 30.04471351980965 -171.1757359312878
490.6 137.3163107476308 -169.478162835013
490.6 158.4642857142854 -79.66725814681325
490.6 138.9335170670609 -238.1622037857313
490.6 58.15573056505337 -137.5269111534085
490.6 65.27587314717437 -171.7984955067552
490.6 23.66751869204921 -205.5418793489246
490.6 29.11810976153515 -239.4629115978468
490.6 64.08817957198301 -76.05293456813263
490.6 219.6986887280798 -101.7904421777383
490.6 166.4985868379374 -179.9250259983851
490.6 64.41741873157082 -245.3145337616564
490.6 124.1517439192879 -72.79594226780475
490.6 93.50021812171809 -69.97579404770707
490.6 225.0475142714297 -204.148684744156
490.6 222.9013052956374 -136.9138037432627
490.6 221.0166049824371 -267.1422503642231
490.6 25.44908807930113 -75.05765205648046
490.6 221.8398422265725 -74.50081309184679
490.6 132.4461603711717 -267.585623710271
490.6 195.382847686504 -160.2030213099306
490.6 163.2740378273321 -209.6111675898134
490.6 20.73062031430277 -270.2886167661174
490.6 69.48480533075212 -271.5025196363202
2 19 0 19
699
700
701
702
703
704
705
706
707
708
709
710
711
712
713
714
715
716
717
430.5000000000003 51.60127009831643 -730.7688075388555
430.5143564576165 17.35825266912915 -736.4829565044404
430.5 17.35897432094222 -317.5171032945854
430.5000000000002 51.60127012637638 -323.2311924682502
430.5000000000007 84.43673942165819 -719.4963766864341
430.4856435423833 114.9689946232961 -351.026853534765
430.4999999999998 84.43740257869328 -334.5039142025734
430.5000000000001 114.9696008359332 -702.9727504052622
430.4999999999997 142.3651953354355 -372.3501724583249
430.5 142.3651953141396 -681.6498275612793
430.5000000000011 165.8784893931422 -656.1074930366776
430.5000000000006 165.8780446323873 -397.8919355326621
430.5000000000008 184.866517922839 -627.043933112664
430.4999999999994 184.8665179228387 -426.9560668873355
430.4999999999993 198.8118697546461 -458.748564511593
430.4999999999991 207.3341520434112 -492.4027833777606
430.500000000001 198.8116346270786 -595.252120395454
430.5000000000008 210.2008991454759 -527.0000000144729
430.499999999999 207.3339136692398 -561.5986451203331
2 20 0 4
718
719
720
721
418.4 170.8696092522817 -619.4700082990795
418.4 170.8696092522815 -434.5299917009195
418.4 16.58543244034921 -332.9388660839552
418.4 16.58543244034891 -721.0611339160448
2 21 0 40
722
723
724
725
726
727
728
729
730
731
732
733
734
735
736
737
738
739
740
741
742
743
744
745
746
747
748
749
750
751
752
753
754
755
756
757
758
759
760
761
357.2012831559109 62.27328537364652 -448.9117700454959
357.201283155911 62.27328537364691 -605.088229954504
357.3637065514321 100.0887733746424 -526.9962136024344
399.6383085565668 138.6668404659206 -458.2081711638108
400.3419885093899 139.8887122089622 -595.3716757494275
401.3044822131416 72.29772461957918 -387.6946530333896
360.3357998193474 33.79588385897319 -428.7133670715653
399.3960927557742 72.82106646072826 -663.2386329541924
360.3357998196179 33.79588385904832 -625.2866329287791
399.6446315417016 154.3740884535841 -538.4883542625121
357.2012831559109 89.98750461739077 -570.3356982335604
357.2012831559109 89.98750461739051 -483.6643017664392
376.1760335888374 121.2988769130884 -499.2518109756355
380.2059340660113 97.6388270506786 -441.7063884007604
380.3039919340582 97.83124950785526 -612.2660827176561
389.9257640603579 22.61214326315632 -667.4155562251153
389.9564549736584 22.64567169356297 -386.549619607345
377.3139535091528 122.9096719201365 -554.298533308691
379.3672333866793 72.97604253314333 -421.1576357463435
395.1271211524655 105.7299123560288 -422.0769337292563
379.1639183253239 72.86407484878757 -632.5999872745449
395.1271211524655 105.7299123560293 -631.9230662707432
400.8153698534895 149.9418236811689 -571.182789273074
400.1783913035365 148.7962484955434 -481.8631514856628
400.1787261231286 154.7433637907943 -511.7591089400366
382.2387362408207 132.2727883449587 -525.8878313815987
377.6564006570953 47.5536045387657 -409.9426068681881
377.6564006581044 47.55360453928981 -644.0573931330084
380.7723558073268 118.2074622882459 -582.0084142246151
380.777468009869 118.206130364859 -471.9730469512201
403.9024471310537 46.53572701534021 -373.5922670986673
403.9024471310533 46.53572701534001 -680.4077329013322
372.5634133888592 22.64116605232688 -644.5977124620509
372.5634133881557 22.64116605173287 -409.4022875387619
402.5881533792844 95.63334771721551 -653.5360637001471
403.6777644727795 97.20785651144708 -399.8897912539262
402.799726669575 127.0644334711593 -431.6130746046877
403.2938304929705 128.2563005877321 -621.8574697495815
404.4555543480386 23.12753119416036 -367.6431232705631
403.9675104079853 22.68033691097195 -685.783216547298
2 22 0 6
762
763
764
765
766
767
361.5145778972683 50.85661716939865 -527.0938108560507
364.1577782274301 31.92272427140204 -559.9456602783401
364.7967353845693 30.06398045162653 -494.1056619694035
372.3418543338518 22.88413948551417 -527.0406206656634
354.9420218640849 55.46583278254296 -552.450554281358
355.2161710507455 55.06103772597506 -501.568921154549
2 23 0 30
768
769
770
771
772
773
774
775
776
777
778
779
780
781
782
783
784
785
786
787
788
789
790
791
792
793
794
795
796
797
442.6 191.7957729608341 -730.187289372683
442.6 191.7957729608347 -323.8127106273172
442.6 187.4849179728631 -673.4467549356116
442.6 187.4849179728638 -380.5532450643889
442.6 213.0201776855225 -643.3789270005122
442.6 213.0201776855228 -410.6210729994879
442.6 162.9964553655448 -703.7878213173954
442.6 162.9964553655456 -350.2121786826052
442.6 127.4835277220257 -729.0477774390193
442.6 127.4835277220262 -324.9522225609811
442.6 219.057197770986 -711.1714285714285
442.6 219.0571977709862 -342.8285714285714
442.6 219.0469351802432 -678.8898530660106
442.6 219.0469351802435 -375.110146933989
442.6 221.7796325117773 -605.3456799044159
442.6 221.7796325117775 -448.6543200955845
442.6 159.840865495395 -737.1645776258196
442.6 159.8408654953954 -316.8354223741808
442.6 17.49707949235795 -748.7885091641808
442.6 17.49707949235813 -305.2114908358192
442.6 192.6723744181155 -352.5495960359963
442.6 192.6723744181144 -701.4504039640042
442.6 92.46797402071672 -737.8057472926453
442.6 92.46797402071741 -316.1942527073552
442.6 221.92616150754 -737.3308183089106
442.6 221.9261615075405 -316.6691816910893
442.6 52.56698197043687 -746.8312638226311
442.6 52.56698197043693 -307.168736177369
442.6 226.9709261016024 -576.8836212665298
442.6 226.9709261016026 -477.1163787334702
2 24 0 16
798
799
800
801
802
803
804
805
806
807
808
809
810
811
812
813
535.9176140003736 24.12485608665577 -49.75147186257616
535.9176140003735 222.3751439133441 -49.75147186257621
521.0964660046948 123.2499999999997 -49.75147186257619
550.9035339953052 88.03571428571399 -49.75147186257617
550.9035339953051 158.4642857142853 -49.7514718625762
555.8699879894052 198.1792959236971 -49.7514718625762
555.8699879894054 48.32070407630255 -49.75147186257617
514.5064226548174 88.37415938851751 -49.75147186257617
557.140706799061 123.2499999999996 -49.75147186257619
514.5064226548172 158.1258406114819 -49.7514718625762
520.5901274247478 53.15791911959843 -49.75147186257617
520.5901274247478 193.3420808804011 -49.7514718625762
511.7148816183576 224.0005878158919 -49.75147186257621
561.1441870646224 224.9680308245511 -49.75147186257621
511.7148816183577 22.49941218410794 -49.75147186257616
561.1441870646224 21.53196917544875 -49.75147186257616
2 25 0 16
814
815
816
817
818
819
820
821
822
823
824
825
826
827
828
829
536 246.5000000000001 -75.96317408378508
535.9999999999999 246.5 -266.3882977787911
520.6447135198098 246.5000000000001 -136.483089054513
551.3552864801902 246.5000000000001 -205.8683828080632
520.6447135198098 246.5000000000001 -171.1757359312878
555.6216457450265 246.5000000000001 -171.1757359312883
514.5170248209994 246.5000000000001 -205.4366919948806
552.9722878431348 246.5000000000001 -138.7213726394676
554.9486778627365 246.5 -243.6166860112329
517.0513221372635 246.5000000000001 -98.7347858513433
552.614875895003 246.5000000000001 -103.9488962436495
519.3851241049971 246.5 -238.4025756189264
560.1516565912319 246.5000000000001 -72.4326713706356
511.8483434087681 246.5000000000001 -72.4326713706356
560.1516565912319 246.5 -269.9188004919405
511.848343408768 246.5 -269.9188004919405
2 26 0 36
830
831
832
833
834
835
836
837
838
839
840
841
842
843
844
845
846
847
848
849
850
851
852
853
854
855
856
857
858
859
860
861
862
863
864
865
581.4 136.8146870570158 -207.6872214237614
581.4 137.5574197858159 -137.7016520729694
581.4 31.73368782611254 -98.81978719057588
581.4 216.4552864801901 -171.1757359312884
581.4 196.5993237385788 -77.08941280899859
581.4 193.0608882625441 -263.0212152721083
581.4 61.00847868831011 -157.2677738262566
581.4 136.0982053476502 -103.1135241871682
581.4 165.5518149057046 -120.3183104566198
581.4 164.5421193267687 -154.3976600684684
581.4 66.62274302454199 -102.9888492073615
581.4 198.5089727678418 -138.2326113768531
581.4 189.2663482049565 -196.2907140302435
581.4 159.4232010874007 -264.6649744091683
581.4 168.9863142360334 -227.6779395357756
581.4 212.0110248133922 -233.8790237052862
581.4 135.1042369756754 -172.1398311115822
581.4 22.66854228546754 -131.944926291473
581.4 218.2046594080102 -105.3577268139762
581.4 135.053445806531 -240.8878679656443
581.4 162.1737799403621 -82.11731637055442
581.4 125.0769903259368 -73.44137845665117
581.4 64.08817957198266 -76.0529345681326
581.4 37.43663600613394 -153.9071901769519
581.4 222.1465318997077 -202.6164478565889
581.4 93.65442585615949 -70.08336674584808
581.4 55.39059365158244 -129.4125161587069
581.4 221.0166049824369 -267.1422503642225
581.4 222.1627955981056 -74.30434927672194
581.4 132.4461603711715 -267.585623710271
581.4 226.0393937856751 -136.4830890545134
581.4 190.6632101679782 -106.2772342221006
581.4 16.9097328818313 -155.0421516490222
581.4 23.13882269383959 -71.51098736387411
581.4 160.6953359955072 -188.4764296645699
581.4 188.2091209050861 -169.186913074859
2 27 0 93
866
867
868
869
870
871
872
873
874
875
876
877
878
879
880
881
882
883
884
885
886
887
888
889
890
891
892
893
894
895
896
897
898
899
900
901
902
903
904
905
906
907
908
909
910
911
912
913
914
915
916
917
918
919
920
921
922
923
924
925
926
927
928
929
930
931
932
933
934
935
936
937
938
939
940
941
942
943
944
945
946
947
948
949
950
951
952
953
954
955
956
957
958
525.2599994504073 -1.160674286690494e-13 -522.7212285037826
409.3622067405872 -1.445206671378118e-13 -650.863222669185
528.3735079753237 -1.421805262586437e-13 -640.3241650777691
431.3030331134049 -8.376351675607342e-14 -377.2373428498946
550.1956538181903 -9.736254750480246e-14 -438.4819326624706
396.1035288041615 -1.072580103723017e-13 -483.0471355451988
511.2043304951815 -1.286287738709456e-13 -579.2924980743145
550.8311237473946 -8.313957372795756e-14 -374.4273532609715
495.7491681673461 -1.621490016695324e-13 -730.2541834974045
394.0097865294949 -1.270298113850749e-13 -572.0914112187679
554.6237363805377 -2.821029785449657e-14 -127.0478869055211
551.1710664680689 -1.518864160806667e-13 -684.0356068635313
478.6000000000001 -6.958536184838472e-14 -313.3846096908265
506.6896540934409 -6.996813301384107e-14 -315.1084577689439
488.0988811133121 -7.629007001289568e-14 -343.579930882146
548.9628926996802 -6.928569546726584e-14 -312.035032288484
549.1566783012365 -1.115004579666319e-13 -502.1534209501631
405.208710421246 -1.170536222478334e-13 -527.1626495377096
430.5995230018846 -1.109681002003367e-13 -499.7558947122485
425.1882767314507 -1.029159943681742e-13 -463.4924338869735
459.1958178580445 -1.062464046275999e-13 -478.4912682903139
432.2647481919776 -1.235259934645472e-13 -556.3116181375053
455.9692950427898 -9.828530082691397e-14 -442.6376441800869
426.9422732348395 -1.311522449852884e-13 -590.6572016445491
520.3168283985819 -1.096286984240787e-13 -493.7237653717934
463.679842578211 -1.136115012205137e-13 -511.6607145617085
536 -1.686721297828552e-14 -75.96317408378508
419.914133615277 -9.575702953929051e-14 -431.2513225512544
530.4343019813193 -6.778530637271725e-14 -305.2778805213642
493.6702444032403 -1.024300305328814e-13 -461.3038473394333
483.2342259896516 -9.360092392407683e-14 -421.5410861060066
450.9740626867032 -7.81307551200717e-14 -351.8696396449303
459.7917401267078 -1.278013955318824e-13 -575.5663172948152
451.4223542287923 -1.356194365827668e-13 -610.7756440583456
397.6999118781564 -1.342206065690214e-13 -604.475873729687
547.6671081902252 -3.411603846267349e-14 -153.6449781078535
548.2372253791934 -1.457550934439211e-13 -656.4225845213953
474.9029173389429 -8.475864262031992e-14 -381.7189913213018
511.3913687000837 -8.325786648262458e-14 -374.9600964668105
527.9068940324706 -7.509711610940105e-14 -338.2073441268974
532.2098017816107 -9.0095009626167e-14 -405.751851780347
519.1886539673495 -6.456577275831354e-14 -290.7783901352288
384.907462051751 -9.995872586652426e-14 -450.1740805649083
520.6573774488049 -3.134581669842613e-14 -141.1690084026555
508.7481591369659 -3.771249092744421e-14 -169.8419600880507
447.7632726901832 -9.074518737811933e-14 -408.679992061764
529.9879891374389 -1.631218439697144e-13 -734.6354757179944
518.2177627501122 -1.555529852641903e-13 -700.5483664721762
478.7513769907574 -1.556278177151578e-13 -700.8853818704684
493.1025803774393 -1.488579321665618e-13 -670.3965278364708
460.7819748903584 -1.495034962193724e-13 -673.3038898641526
552.8776284826299 -1.052409444550153e-13 -473.9630782317263
476.9239031739006 -1.411324232685356e-13 -635.6039288420723
515.2882193948999 -9.589459850408664e-14 -431.870878089848
486.2427325053955 -1.097424372443416e-13 -494.2359994803468
553.4242440060436 -1.587185296853367e-13 -714.804711147676
519.3934653300381 -2.308323923456733e-14 -103.9576676153011
495.2966447965906 -1.166393204332776e-13 -525.2968000400571
514.5680283843636 -4.360172068079258e-14 -196.3646930107297
428.7197598752638 -1.505049137366384e-13 -677.8138734217536
509.9922847921478 -1.372044423389161e-13 -617.9138753911194
515.0937055773289 -5.89080612544028e-14 -265.2983227144466
441.9025259816621 -1.429137752940662e-13 -643.6264251604676
408.9329464928137 -8.91417710672874e-14 -401.4588469617817
524.5743088461174 -1.483183278863966e-13 -667.9663662013913
555.7884019500773 -2.119764510582434e-14 -95.46570659972213
465.2577950979235 -1.206094232377524e-13 -543.1765535509122
516.1714170866683 -1.213937992937943e-13 -546.7090692646212
467.2193741797391 -1.618885431060606e-13 -729.0811824080074
444.9817837051598 -1.573838472087373e-13 -708.7938356434047
418.7099110395014 -1.380719548474909e-13 -621.8208044014764
534.5886756179382 -1.140114562149366e-13 -513.4619517255561
560.040854080931 -7.467665736308553e-14 -336.3137662736661
370.0101658116125 -1.340037332802313e-13 -603.4991632671055
483.6260763804885 -1.323777662873906e-13 -596.1764589240313
559.3260816241892 -9.047521552519363e-14 -407.4641469255274
390.4846017669061 -9.351304588117832e-14 -421.1453185847548
438.5846155091702 -1.170529663120224e-13 -527.1596954654356
526.4697148995085 -1.021113638841729e-13 -459.8687003390543
504.8133681161538 -8.920970231360914e-14 -401.764782097403
457.4298435449348 -1.659273874717583e-13 -747.2705203883711
387.0449473283042 -1.396775576135918e-13 -629.0517964205935
514.9133518045859 -5.139540950003243e-14 -231.4643470728999
436.205638258887 -7.386686671956262e-14 -332.6667934332482
458.513097009817 -7.26455793643698e-14 -327.1666041554895
503.3879236758408 -1.431796623071907e-13 -644.8238738136977
559.3575520921879 -1.598148167677414e-14 -71.97419492434801
558.3686456806422 -1.642163107460101e-13 -739.5645158838893
489.6619563217193 -1.243765215916853e-13 -560.1420562939526
511.8483434087681 -1.608328389815751e-14 -72.43267137063566
529.2643635856892 -3.773196737095819e-14 -169.9296741918027
566.6357493561222 -6.90225494371468e-14 -310.8499279252958
456.8732995728311 -6.826125111366328e-14 -307.4213450793377
2 28 0 3
959
960
961
565.925524215062 33.86737222142229 -523.425735931288
557.2425852550697 16.07343489021157 -523.425735931288
571.3874999999999 12.22174305877755 -523.425735931288
2 29 0 0
2 30 0 2
962
963
538.9199602044819 1.723537678812988 -637.2423709627348
535.4833649685534 1.632976951921599 -633.8057757268064
2 31 0 2
964
965
535.4833649685534 1.723537678812875 -527.3456961357696
538.922448336077 1.678257315367297 -523.9080709000353
2 32 0 3
966
967
968
565.9255242150618 33.86737222142232 -637.725735931288
557.2425852550697 16.0734348902116 -637.725735931288
571.3875 12.22174305877752 -637.725735931288
2 33 0 0
2 34 0 8
969
970
971
972
973
974
975
976
539.9153362361258 32.27109232132594 -580.5757359312881
558.1828488434678 62.68351661297577 -580.575735931288
547.4916314682902 48.41280830875472 -555.827607451133
547.4916314682902 48.41280830875473 -605.3238644114432
563.1199879729269 67.62495861059517 -608.1563554701813
562.9784801873674 67.49391830499857 -553.8052207102644
537.8721222041196 25.59138662269256 -552.9951163923946
537.9213349403706 25.77786482961105 -607.346251152311
2 35 0 0
3 1 0 151
977
978
979
980
981
982
983
984
985
986
987
988
989
990
991
992
993
994
995
996
997
998
999
1000
1001
1002
1003
1004
1005
1006
1007
1008
1009
1010
1011
1012
1013
1014
1015
1016
1017
1018
1019
1020
1021
1022
1023
1024
1025
1026
1027
1028
1029
1030
1031
1032
1033
1034
1035
1036
1037
1038
1039
1040
1041
1042
1043
1044
1045
1046
1047
1048
1049
1050
1051
1052
1053
1054
1055
1056
1057
1058
1059
1060
1061
1062
1063
1064
1065
1066
1067
1068
1069
1070
1071
1072
1073
1074
1075
1076
1077
1078
1079
1080
1081
1082
1083
1084
1085
1086
1087
1088
1089
1090
1091
1092
1093
1094
1095
1096
1097
1098
1099
1100
1101
1102
1103
1104
1105
1106
1107
1108
1109
1110
1111
1112
1113
1114
1115
1116
1117
1118
1119
1120
1121
1122
1123
1124
1125
1126
1127
426.4492297701078 78.27146359457606 -543.7428571428574
430.1577374952664 78.27146359457623 -476.7714285714288
506.4001430751766 176.2074862979734 -565.0831035434733
509.0107642455662 176.6421259056369 -493.4307929159604
512.5147226102663 177.8171907372526 -635.0759839123773
508.2536703092567 172.2735406183714 -426.2908192027431
512.6420338381987 174.2758218132913 -357.689158715336
438.6695276908823 78.27146359457618 -610.7142857142858
441.1031918733593 118.4184930730334 -510.2571428571431
506.3239668163184 169.5330579600469 -698.5136369859072
442.3321190404836 115.1011097927439 -575.4453363888255
442.6614168774014 98.34497833380472 -432.4953437347637
465.8812357780103 150.9863470607911 -476.7714285714288
465.7844883049221 150.5539016064839 -543.7428571428574
452.9928141498708 51.36952932467364 -655.0165007060743
459.3231434525139 51.59853136354671 -510.2571428571431
503.469500525318 44.67248916690221 -335.8301893737427
456.3947387585386 52.36495584643007 -409.8000000000002
475.4480044903265 152.9222363763597 -610.7142857142858
463.706888837128 50.18746736418242 -577.2285714285716
536 45.13817462511486 -94.4887059363125
536 159.528111458628 -284.0477922432059
533.7105406677274 151.0286465878295 -95.81052589809875
496.9868280952523 45.75389211036019 -641.7091526906568
496.4275396144266 45.79061103460563 -543.7428571428574
465.1695268421393 46.3714949277829 -460.9342537198099
537.3455440756414 150.1058059107526 -519.6223216243125
498.6887522983667 44.52115715092294 -711.1714285714286
534.6930621140594 43.72873943173067 -681.2636950620487
414.078906888264 47.0883548738183 -580.6007090168819
410.6530672053866 47.45458334319308 -509.2797603065663
528.6517347720203 194.3168668751767 -316.7518999513052
537.8392038888002 203.2359154592747 -409.704465635925
533.2531574400239 199.4092887763309 -457.9596595604818
501.9958864778195 43.83878894125111 -419.620383962425
500.8724179951591 44.03960112913973 -490.6982529516341
466.3045474466826 49.47048655780788 -364.0434603902895
533.2152151398332 47.1219028344242 -455.6526632421146
449.3657916212195 92.57722241146003 -648.5775248137792
534.6181526784651 198.4819224092258 -597.3877427032703
535.9542133096832 152.3552624485312 -143.939670650287
533.4261794604793 197.804537551438 -530.3237602935753
534.261340676721 186.2487911235168 -177.8380705847363
534.6077335695808 150.9350443257809 -461.0984503298106
488.0715969663939 152.9840096394132 -389.9663823732694
486.2680364980968 198.7680913990579 -458.7628280321312
421.223319402547 46.71081016378 -441.8440589753805
535.9963254901375 202.0942673568762 -717.2148387942308
491.9278949449709 200.2890343946038 -391.5937598755816
534.9657124296581 152.6915428462838 -392.9576047985434
452.856565866701 110.9582158094328 -472.7612112710291
487.9067555778173 199.3308506753438 -601.4489276076532
485.041672424836 203.8798683754015 -337.0202441747242
541.7883450612321 49.55402413718381 -323.479083561617
486.9030945810188 152.1973051498139 -661.7927699164553
533.2764411895669 149.7694829423285 -666.0012115869869
538.0569613629242 194.60877083879 -101.0723560809056
532.8857761681999 202.6054336568725 -273.2056072590833
486.0234444156457 198.6719021548193 -528.601923390466
533.4607828673383 195.2281594312285 -671.9555132977074
533.8990192511417 195.8901578478895 -225.2756039868825
454.5896755937899 114.2950092308009 -612.930834196032
471.099915479314 147.5335586163702 -432.1839739023258
454.3080519647197 83.64427660788718 -379.202401924513
487.3084648767494 198.9093644290966 -667.9323168732419
543.1159258238787 41.42982020732276 -722.340074347353
501.4156520752455 47.55894491419416 -598.5664536893066
539.443490907813 148.7263910271282 -719.5020986678024
536.0491188485404 150.127346915431 -593.3231173532855
529.449813522928 40.96549981416182 -135.9860118965928
482.8845821569818 202.2491980998577 -716.1243520328997
480.6615607101774 147.9777909317683 -723.8703488521344
537.409587317862 150.9325912131441 -238.0072477767856
536.9586500529907 45.32214774225884 -370.5958363421094
537.940525040284 151.999773465283 -328.1727565394135
482.5717374292558 150.0395854356247 -335.6276030749493
532.8773071971617 145.6157589437483 -194.5923407421267
488.9959588938593 144.8856067459093 -510.2571428571431
544.8075285804671 45.20008056576528 -492.2981075774665
453.7651229387254 103.5185654517584 -541.9502833032013
436.1545156739008 37.69392562681931 -619.5216874708301
461.2584321459096 118.4184930730336 -409.8000000000002
435.309589410141 38.46864846341715 -540.6435116002392
464.7630648762666 58.00548474874832 -693.3353156207428
457.1383509116132 86.89681775213994 -505.6206470215924
540.0353901158751 206.4818396909026 -366.6608240929979
404.051695580711 89.9743380714587 -508.9142128158086
386.5572424791141 77.7623382681867 -542.6432818215047
410.457175753527 88.74370056383933 -581.6657981985014
453.8065755374695 83.91708826054708 -578.271029926303
468.2271261576791 173.0255128066319 -576.8205094859686
392.9589150252295 57.88697715669309 -471.840843562497
491.9359000881467 142.3180280127798 -577.2285714285716
538.1428741169633 210.3144028356743 -635.3226161116578
545.3021253055589 210.7559432971329 -494.3825255021043
453.4396695319602 168.9809430231638 -510.3568297810316
457.305912931785 89.93526783634934 -682.1845739601007
500.630544833801 53.43173488971231 -381.9350374219802
545.8032639891759 142.3889215036202 -630.0499525782238
542.3138975060432 162.6327314044514 -556.5678588599072
478.6210479336638 209.9172918778006 -565.1424024445821
526.6765541739937 204.3347695500669 -141.9620702081165
556.8100606837996 27.29997784682011 -662.2583125172559
464.8822327172264 67.68381409856546 -543.7428571428574
415.9229994224178 116.9661726253876 -541.5126171935558
556.4044415800362 25.96157804972717 -149.4590384763752
470.4595563354913 58.60657282025593 -617.6873028475453
508.0046604878141 141.107518241791 -626.3517349929441
504.6036427290366 210.3349285712563 -427.2520406278126
542.6805621200425 38.32116715800813 -416.5631794964762
431.5490501525508 40.05080382371249 -478.0864007325526
462.2759753891092 127.8584744900133 -647.1426966227895
497.8158499292119 144.1250901891952 -458.3076755965768
547.5991090171267 140.9780653687554 -426.8160328511835
475.9280923283493 179.6251515926955 -364.4136573110365
465.4163202669741 78.27146359457603 -443.2857142857146
398.2225655229839 42.08728157639076 -546.7058746527143
507.9485036968309 145.4410186562893 -543.0459114900483
500.6780618405873 57.41156472181192 -676.5885252105953
529.1155928314311 59.45055111584625 -650.9264232146248
474.888201992432 214.3079039392853 -490.6026216881636
520.4180066200435 57.06551133119937 -270.6913602939742
401.8337130912823 30.70571771270536 -620.865802737929
466.2861827328257 118.4184930730334 -443.2857142857146
466.3422280508526 78.27146359457608 -476.7714285714288
508.3900805769949 138.5601950806128 -357.8842858517175
417.2240225243722 112.4425187206859 -482.6288229330209
519.8884024806722 31.04331106770546 -307.4380294133606
509.4912891921944 212.2254331688915 -503.4538386744106
547.609456295736 175.7275724060043 -644.6280405182181
383.0534734912463 60.00458538346819 -572.1837273733781
475.4932014746394 31.25360313986687 -321.1802318168615
515.3810269107126 211.9187218814282 -559.6586476074966
467.2756486802121 118.4184930730335 -342.8285714285715
556.8100606837996 27.29997784682018 -310.7776675629268
546.8147232950896 172.4627844135722 -490.1642749878799
447.1596765742749 162.5613445539982 -615.2637122988824
467.2756486802119 118.4184930730335 -711.1714285714286
476.8880544049261 187.3071410556709 -634.5192649495571
461.6392837753248 84.17638330447244 -410.6044596154821
544.342530723893 138.6105494366512 -361.0741121678962
471.3611801454094 51.28271995794064 -729.5108813736382
474.9538130701747 188.3272054404923 -425.1337374532509
467.2028349587986 118.4184930730335 -376.3142857142859
498.6953706115171 55.38793182413288 -453.1180698367562
467.5189908541013 78.27146359457602 -342.8285714285715
384.8946299365547 29.50937289564013 -589.9003138807612
467.5165603666489 118.4184930730335 -677.6857142857143
550.8193871130251 216.1656582208132 -305.6800871298485
549.2859078895211 216.3260112184156 -79.01949220305849
516.9012123459527 56.05734811603452 -569.2161495087034
$EndNodes
$Elements
36 5571 1 5571
2 1 2 138
1 1 418 63 
2 66 418 1 
3 65 420 2 
4 2 420 82 
5 3 419 78 
6 79 419 3 
7 4 415 81 
8 94 415 4 
9 63 381 64 
10 63 418 381 
11 64 385 65 
12 381 385 64 
13 385 420 65 
14 67 407 66 
15 407 418 66 
16 68 375 67 
17 375 407 67 
18 69 393 68 
19 68 393 375 
20 70 378 69 
21 378 393 69 
22 71 402 70 
23 70 402 378 
24 72 376 71 
25 376 402 71 
26 73 403 72 
27 72 403 376 
28 74 387 73 
29 387 403 73 
30 75 372 74 
31 372 387 74 
32 76 404 75 
33 75 404 372 
34 77 374 76 
35 374 404 76 
36 78 408 77 
37 77 408 374 
38 78 419 408 
39 80 382 79 
40 382 419 79 
41 81 380 80 
42 380 382 80 
43 81 415 380 
44 82 406 83 
45 82 420 406 
46 83 379 84 
47 83 406 379 
48 84 396 85 
49 379 396 84 
50 85 373 86 
51 85 396 373 
52 86 401 87 
53 373 401 86 
54 87 398 88 
55 87 401 398 
56 88 371 89 
57 88 398 371 
58 89 413 90 
59 371 413 89 
60 90 414 91 
61 413 414 90 
62 91 377 92 
63 91 414 377 
64 92 410 93 
65 377 410 92 
66 93 384 94 
67 93 410 384 
68 384 415 94 
69 371 399 391 
70 391 413 371 
71 398 399 371 
72 372 388 387 
73 372 389 388 
74 372 404 389 
75 396 421 373 
76 373 411 401 
77 373 421 411 
78 374 408 383 
79 383 409 374 
80 374 409 404 
81 386 407 375 
82 375 416 386 
83 393 416 375 
84 376 412 402 
85 403 422 376 
86 376 422 412 
87 377 414 392 
88 392 417 377 
89 405 410 377 
90 377 417 405 
91 378 394 393 
92 378 395 394 
93 378 402 395 
94 386 397 379 
95 379 406 386 
96 379 397 396 
97 380 383 382 
98 380 384 383 
99 380 415 384 
100 381 386 385 
101 381 407 386 
102 381 418 407 
103 383 408 382 
104 408 419 382 
105 384 405 383 
106 405 409 383 
107 384 410 405 
108 386 406 385 
109 406 420 385 
110 386 416 397 
111 388 390 387 
112 390 403 387 
113 389 392 388 
114 388 391 390 
115 388 392 391 
116 389 417 392 
117 404 409 389 
118 409 417 389 
119 391 399 390 
120 399 422 390 
121 390 422 403 
122 392 413 391 
123 392 414 413 
124 394 416 393 
125 395 411 394 
126 397 416 394 
127 394 421 397 
128 411 421 394 
129 400 411 395 
130 395 412 400 
131 402 412 395 
132 397 421 396 
133 398 400 399 
134 398 401 400 
135 400 412 399 
136 412 422 399 
137 401 411 400 
138 405 417 409 
2 2 2 94
139 5 448 95 
140 97 448 5 
141 96 446 6 
142 6 446 128 
143 7 443 102 
144 103 443 7 
145 8 432 104 
146 8 105 123 
147 123 432 8 
148 122 105 9 
149 9 106 121 
150 122 9 121 
151 119 107 10 
152 10 108 119 
153 118 108 11 
154 109 437 11 
155 11 437 118 
156 12 444 110 
157 111 444 12 
158 13 445 113 
159 114 445 13 
160 14 447 115 
161 116 447 14 
162 95 425 96 
163 95 448 425 
164 425 446 96 
165 98 439 97 
166 439 448 97 
167 99 426 98 
168 426 439 98 
169 100 434 99 
170 99 434 426 
171 101 428 100 
172 428 434 100 
173 102 440 101 
174 101 440 428 
175 102 443 440 
176 104 430 103 
177 430 443 103 
178 104 432 430 
179 123 105 122 
180 106 107 120 
181 121 106 120 
182 120 107 119 
183 119 108 118 
184 110 431 109 
185 431 437 109 
186 110 444 431 
187 112 442 111 
188 442 444 111 
189 113 424 112 
190 424 442 112 
191 113 445 424 
192 115 441 114 
193 441 445 114 
194 115 447 441 
195 117 433 116 
196 433 447 116 
197 118 427 117 
198 427 433 117 
199 118 437 427 
200 124 423 123 
201 423 432 123 
202 125 435 124 
203 124 435 423 
204 126 429 125 
205 429 435 125 
206 127 436 126 
207 126 436 429 
208 128 438 127 
209 127 438 436 
210 128 446 438 
211 430 432 423 
212 423 440 430 
213 435 440 423 
214 424 441 433 
215 433 442 424 
216 424 445 441 
217 425 439 438 
218 438 446 425 
219 425 448 439 
220 434 436 426 
221 436 438 426 
222 438 439 426 
223 427 437 431 
224 431 442 427 
225 427 442 433 
226 429 434 428 
227 428 435 429 
228 428 440 435 
229 429 436 434 
230 440 443 430 
231 431 444 442 
232 441 447 433 
2 3 2 143
233 82 502 2 
234 2 502 129 
235 4 499 94 
236 131 499 4 
237 130 449 15 
238 15 482 147 
239 449 482 15 
240 16 495 133 
241 134 495 16 
242 17 498 146 
243 147 498 17 
244 83 470 82 
245 470 502 82 
246 84 454 83 
247 454 470 83 
248 85 464 84 
249 84 464 454 
250 86 451 85 
251 451 464 85 
252 87 479 86 
253 86 479 451 
254 88 483 87 
255 87 483 479 
256 89 450 88 
257 450 483 88 
258 90 494 89 
259 89 494 450 
260 91 452 90 
261 452 494 90 
262 92 480 91 
263 91 480 452 
264 93 453 92 
265 453 480 92 
266 94 485 93 
267 93 485 453 
268 94 499 485 
269 129 486 130 
270 129 502 486 
271 130 486 449 
272 132 461 131 
273 461 499 131 
274 133 459 132 
275 459 461 132 
276 133 495 459 
277 135 463 134 
278 463 495 134 
279 136 492 135 
280 135 492 463 
281 137 457 136 
282 457 492 136 
283 138 474 137 
284 137 474 457 
285 139 456 138 
286 456 474 138 
287 140 478 139 
288 139 478 456 
289 141 455 140 
290 455 478 140 
291 142 490 141 
292 141 490 455 
293 143 493 142 
294 142 493 490 
295 144 458 143 
296 458 493 143 
297 145 472 144 
298 144 472 458 
299 146 460 145 
300 460 472 145 
301 146 498 460 
302 482 498 147 
303 460 482 449 
304 449 496 460 
305 449 486 471 
306 471 496 449 
307 477 489 450 
308 450 494 477 
309 450 489 483 
310 451 465 464 
311 451 466 465 
312 451 479 466 
313 480 484 452 
314 484 501 452 
315 452 501 494 
316 462 481 453 
317 453 485 462 
318 453 481 480 
319 464 497 454 
320 454 471 470 
321 454 497 471 
322 468 487 455 
323 455 490 468 
324 455 487 478 
325 456 475 474 
326 456 476 475 
327 456 478 476 
328 474 491 457 
329 457 491 488 
330 488 492 457 
331 472 473 458 
332 473 500 458 
333 458 500 493 
334 459 462 461 
335 459 463 462 
336 459 495 463 
337 460 496 472 
338 460 498 482 
339 462 485 461 
340 485 499 461 
341 463 488 462 
342 462 488 481 
343 463 492 488 
344 465 497 464 
345 466 467 465 
346 467 500 465 
347 473 497 465 
348 465 500 473 
349 466 468 467 
350 466 469 468 
351 466 479 469 
352 468 490 467 
353 490 493 467 
354 493 500 467 
355 469 487 468 
356 479 483 469 
357 483 489 469 
358 469 489 487 
359 471 486 470 
360 486 502 470 
361 473 496 471 
362 471 497 473 
363 472 496 473 
364 475 491 474 
365 476 477 475 
366 477 501 475 
367 484 491 475 
368 475 501 484 
369 476 489 477 
370 478 487 476 
371 487 489 476 
372 494 501 477 
373 481 484 480 
374 481 491 484 
375 488 491 481 
2 4 2 8
376 148 18 153 
377 19 149 150 
378 20 150 151 
379 21 152 148 
380 21 148 153 
381 149 148 152 
382 151 150 149 
383 151 149 152 
2 5 2 26
384 18 148 509 
385 158 18 509 
386 149 19 507 
387 19 157 507 
388 22 154 510 
389 156 22 510 
390 155 23 508 
391 23 159 508 
392 148 149 505 
393 148 505 509 
394 505 149 507 
395 154 155 506 
396 154 506 510 
397 506 155 508 
398 157 156 504 
399 504 156 510 
400 157 504 507 
401 159 158 503 
402 503 158 509 
403 159 503 508 
404 504 503 505 
405 503 504 506 
406 505 503 509 
407 503 506 508 
408 504 505 507 
409 506 504 510 
2 6 2 8
410 154 22 162 
411 23 155 163 
412 155 160 24 
413 163 155 24 
414 161 162 25 
415 154 160 155 
416 161 160 154 
417 161 154 162 
2 7 2 13
418 160 164 24 
419 166 25 27 
420 161 25 512 
421 25 166 512 
422 26 165 513 
423 166 26 513 
424 160 161 511 
425 164 160 511 
426 511 161 512 
427 165 164 511 
428 165 511 513 
429 512 166 513 
430 511 512 513 
2 8 2 8
431 29 19 514 
432 19 150 514 
433 20 28 515 
434 150 20 515 
435 28 167 515 
436 167 29 514 
437 150 167 514 
438 167 150 515 
2 9 2 8
439 22 30 516 
440 162 22 516 
441 27 25 517 
442 25 162 517 
443 168 27 517 
444 30 168 516 
445 168 162 516 
446 162 168 517 
2 10 2 6
447 29 170 19 
448 170 157 19 
449 156 30 22 
450 169 30 156 
451 157 169 156 
452 157 170 169 
2 11 2 13
453 173 28 20 
454 20 151 519 
455 173 20 519 
456 172 152 21 
457 171 31 520 
458 31 173 520 
459 151 152 518 
460 151 518 519 
461 152 172 518 
462 172 171 518 
463 518 171 520 
464 173 519 520 
465 519 518 520 
2 12 2 56
466 33 32 522 
467 32 174 522 
468 187 33 522 
469 34 35 523 
470 186 34 523 
471 35 199 523 
472 174 175 529 
473 174 187 522 
474 187 174 529 
475 175 176 530 
476 175 188 529 
477 188 175 530 
478 176 177 521 
479 189 176 521 
480 176 189 530 
481 177 178 524 
482 177 190 521 
483 190 177 524 
484 178 179 525 
485 178 191 524 
486 191 178 525 
487 179 180 531 
488 179 192 525 
489 192 179 531 
490 180 181 526 
491 193 180 526 
492 180 193 531 
493 181 182 532 
494 181 194 526 
495 194 181 532 
496 182 183 527 
497 195 182 527 
498 182 195 532 
499 183 184 533 
500 183 196 527 
501 196 183 533 
502 184 185 534 
503 184 197 533 
504 197 184 534 
505 185 186 528 
506 198 185 528 
507 185 198 534 
508 199 186 523 
509 186 199 528 
510 188 187 529 
511 189 188 530 
512 190 189 521 
513 191 190 524 
514 192 191 525 
515 193 192 531 
516 194 193 526 
517 195 194 532 
518 196 195 527 
519 197 196 533 
520 198 197 534 
521 199 198 528 
2 13 2 128
522 66 1 563 
523 1 206 543 
524 1 543 563 
525 3 78 573 
526 200 3 573 
527 33 187 547 
528 209 33 565 
529 33 547 565 
530 199 35 574 
531 35 201 574 
532 202 36 575 
533 36 208 575 
534 207 37 576 
535 37 213 576 
536 67 66 542 
537 542 66 563 
538 68 67 556 
539 67 542 556 
540 69 68 539 
541 539 68 556 
542 70 69 557 
543 69 539 557 
544 71 70 540 
545 540 70 557 
546 72 71 558 
547 71 540 558 
548 73 72 538 
549 538 72 558 
550 74 73 552 
551 73 538 552 
552 75 74 553 
553 74 552 553 
554 76 75 564 
555 75 553 564 
556 77 76 541 
557 541 76 564 
558 78 77 571 
559 77 541 571 
560 78 571 573 
561 187 188 562 
562 547 187 562 
563 188 189 548 
564 188 548 562 
565 189 190 555 
566 548 189 555 
567 190 191 545 
568 190 545 555 
569 191 192 559 
570 545 191 559 
571 192 193 546 
572 192 546 559 
573 193 194 560 
574 546 193 560 
575 194 195 554 
576 194 554 560 
577 195 196 537 
578 195 537 554 
579 196 197 551 
580 537 196 551 
581 197 198 561 
582 551 197 561 
583 198 199 572 
584 561 198 572 
585 572 199 574 
586 201 200 535 
587 535 200 573 
588 201 535 574 
589 203 202 570 
590 570 202 575 
591 204 203 568 
592 568 203 570 
593 205 204 550 
594 550 204 568 
595 206 205 566 
596 205 550 566 
597 543 206 566 
598 208 207 536 
599 536 207 576 
600 208 536 575 
601 210 209 549 
602 549 209 565 
603 211 210 567 
604 210 549 567 
605 212 211 544 
606 544 211 567 
607 213 212 569 
608 212 544 569 
609 213 569 576 
610 535 571 572 
611 571 535 573 
612 535 572 574 
613 536 569 570 
614 569 536 576 
615 536 570 575 
616 537 551 553 
617 552 537 553 
618 537 552 554 
619 546 538 558 
620 538 546 560 
621 552 538 560 
622 545 539 555 
623 539 545 557 
624 539 548 555 
625 548 539 556 
626 545 540 557 
627 540 545 559 
628 540 546 558 
629 546 540 559 
630 541 551 561 
631 551 541 564 
632 541 561 572 
633 571 541 572 
634 542 547 562 
635 547 542 563 
636 542 548 556 
637 548 542 562 
638 543 547 563 
639 547 543 565 
640 543 549 565 
641 549 543 566 
642 550 544 567 
643 544 550 568 
644 544 568 570 
645 569 544 570 
646 550 549 566 
647 549 550 567 
648 553 551 564 
649 554 552 560 
2 14 2 128
650 6 128 606 
651 223 6 607 
652 6 606 607 
653 116 14 616 
654 14 215 616 
655 174 32 591 
656 32 220 584 
657 32 584 591 
658 34 186 615 
659 214 34 615 
660 216 38 618 
661 38 222 618 
662 221 39 617 
663 39 227 617 
664 117 116 613 
665 613 116 616 
666 118 117 604 
667 604 117 613 
668 119 118 587 
669 587 118 604 
670 120 119 595 
671 119 587 595 
672 121 120 593 
673 593 120 595 
674 122 121 581 
675 581 121 593 
676 123 122 602 
677 122 581 602 
678 124 123 598 
679 598 123 602 
680 125 124 579 
681 579 124 598 
682 126 125 599 
683 125 579 599 
684 127 126 600 
685 126 599 600 
686 128 127 582 
687 582 127 600 
688 128 582 606 
689 175 174 597 
690 174 591 597 
691 176 175 588 
692 588 175 597 
693 177 176 592 
694 176 588 592 
695 178 177 596 
696 177 592 596 
697 179 178 586 
698 586 178 596 
699 180 179 594 
700 179 586 594 
701 181 180 603 
702 180 594 603 
703 182 181 605 
704 181 603 605 
705 183 182 580 
706 580 182 605 
707 184 183 601 
708 183 580 601 
709 185 184 583 
710 583 184 601 
711 186 185 614 
712 185 583 614 
713 186 614 615 
714 215 214 577 
715 577 214 615 
716 215 577 616 
717 217 216 612 
718 612 216 618 
719 218 217 608 
720 608 217 612 
721 219 218 585 
722 585 218 608 
723 220 219 609 
724 219 585 609 
725 584 220 609 
726 222 221 578 
727 578 221 617 
728 222 578 618 
729 224 223 590 
730 590 223 607 
731 225 224 610 
732 224 590 610 
733 226 225 589 
734 589 225 610 
735 227 226 611 
736 226 589 611 
737 227 611 617 
738 613 577 614 
739 577 613 616 
740 614 577 615 
741 578 611 612 
742 611 578 617 
743 578 612 618 
744 579 586 596 
745 586 579 598 
746 592 579 596 
747 579 592 599 
748 587 580 595 
749 580 587 601 
750 580 593 595 
751 593 580 605 
752 581 593 603 
753 581 594 602 
754 594 581 603 
755 582 588 597 
756 588 582 600 
757 591 582 597 
758 582 591 606 
759 587 583 601 
760 583 587 604 
761 583 604 613 
762 583 613 614 
763 584 590 607 
764 590 584 609 
765 591 584 606 
766 606 584 607 
767 589 585 608 
768 585 589 610 
769 585 590 609 
770 590 585 610 
771 594 586 598 
772 592 588 599 
773 599 588 600 
774 589 608 612 
775 611 589 612 
776 603 593 605 
777 594 598 602 
2 15 2 12
778 36 39 619 
779 208 36 619 
780 38 37 620 
781 37 207 620 
782 222 38 620 
783 39 221 619 
784 207 208 621 
785 207 222 620 
786 222 207 621 
787 221 208 619 
788 208 221 621 
789 221 222 621 
2 16 2 77
790 3 646 79 
791 200 646 3 
792 81 642 4 
793 4 642 131 
794 13 644 114 
795 228 644 13 
796 115 645 14 
797 14 645 215 
798 133 643 16 
799 16 643 236 
800 34 629 35 
801 214 623 34 
802 623 627 34 
803 627 629 34 
804 35 622 201 
805 35 628 622 
806 35 629 628 
807 40 641 230 
808 231 641 40 
809 79 639 80 
810 79 646 639 
811 80 625 81 
812 80 639 625 
813 625 642 81 
814 114 626 115 
815 114 644 626 
816 626 645 115 
817 131 634 132 
818 131 642 634 
819 132 633 133 
820 132 634 633 
821 633 643 133 
822 201 640 200 
823 640 646 200 
824 622 640 201 
825 215 637 214 
826 214 637 623 
827 215 645 637 
828 229 636 228 
829 636 644 228 
830 230 632 229 
831 632 636 229 
832 230 641 632 
833 232 627 231 
834 627 641 231 
835 233 629 232 
836 232 629 627 
837 234 628 233 
838 628 629 233 
839 235 638 234 
840 234 638 628 
841 236 624 235 
842 624 638 235 
843 236 643 624 
844 628 630 622 
845 630 631 622 
846 631 640 622 
847 623 632 627 
848 623 636 632 
849 623 637 636 
850 624 635 630 
851 630 638 624 
852 633 635 624 
853 624 643 633 
854 631 635 625 
855 625 639 631 
856 625 635 634 
857 634 642 625 
858 636 637 626 
859 626 644 636 
860 637 645 626 
861 632 641 627 
862 628 638 630 
863 630 635 631 
864 639 640 631 
865 634 635 633 
866 639 646 640 
2 17 2 37
867 147 655 15 
868 15 655 248 
869 17 653 147 
870 242 653 17 
871 33 647 32 
872 32 649 245 
873 647 649 32 
874 246 648 33 
875 33 648 647 
876 41 654 237 
877 243 654 41 
878 42 656 243 
879 244 656 42 
880 653 655 147 
881 237 650 238 
882 237 654 650 
883 238 649 239 
884 238 650 649 
885 239 648 240 
886 647 648 239 
887 239 649 647 
888 240 652 241 
889 648 652 240 
890 241 651 242 
891 241 652 651 
892 651 653 242 
893 243 656 654 
894 245 650 244 
895 650 656 244 
896 649 650 245 
897 247 652 246 
898 246 652 648 
899 248 651 247 
900 651 652 247 
901 248 655 651 
902 654 656 650 
903 651 655 653 
2 18 2 123
904 248 691 15 
905 15 691 261 
906 32 698 220 
907 245 698 32 
908 209 694 33 
909 33 694 246 
910 38 688 37 
911 37 666 213 
912 37 687 666 
913 37 688 687 
914 216 660 38 
915 660 683 38 
916 683 688 38 
917 42 697 244 
918 249 697 42 
919 43 692 254 
920 255 692 43 
921 44 693 260 
922 266 693 44 
923 210 678 209 
924 678 694 209 
925 211 657 210 
926 657 678 210 
927 212 676 211 
928 211 676 657 
929 213 658 212 
930 658 676 212 
931 213 666 658 
932 217 679 216 
933 216 679 660 
934 218 680 217 
935 217 680 679 
936 219 664 218 
937 664 680 218 
938 220 686 219 
939 219 686 664 
940 220 698 686 
941 244 663 245 
942 244 697 663 
943 663 698 245 
944 246 670 247 
945 246 694 670 
946 247 662 248 
947 247 670 662 
948 662 691 248 
949 250 682 249 
950 682 697 249 
951 251 681 250 
952 681 682 250 
953 252 675 251 
954 675 681 251 
955 253 665 252 
956 665 675 252 
957 254 674 253 
958 253 674 665 
959 254 692 674 
960 256 683 255 
961 683 692 255 
962 257 688 256 
963 256 688 683 
964 258 687 257 
965 687 688 257 
966 259 677 258 
967 677 687 258 
968 260 661 259 
969 661 677 259 
970 260 693 661 
971 261 672 262 
972 261 691 672 
973 262 689 263 
974 672 689 262 
975 263 659 264 
976 263 689 659 
977 264 690 265 
978 659 690 264 
979 265 684 266 
980 265 690 684 
981 684 693 266 
982 676 685 657 
983 657 696 678 
984 685 696 657 
985 666 667 658 
986 667 668 658 
987 668 676 658 
988 659 689 673 
989 673 695 659 
990 659 695 690 
991 660 679 674 
992 674 683 660 
993 661 669 667 
994 667 677 661 
995 661 684 669 
996 661 693 684 
997 670 671 662 
998 671 672 662 
999 672 691 662 
1000 682 686 663 
1001 663 697 682 
1002 686 698 663 
1003 675 680 664 
1004 664 681 675 
1005 664 682 681 
1006 664 686 682 
1007 674 679 665 
1008 665 679 675 
1009 666 677 667 
1010 666 687 677 
1011 667 669 668 
1012 669 695 668 
1013 668 685 676 
1014 668 695 685 
1015 684 690 669 
1016 690 695 669 
1017 670 678 671 
1018 670 694 678 
1019 671 673 672 
1020 671 696 673 
1021 678 696 671 
1022 673 689 672 
1023 685 695 673 
1024 673 696 685 
1025 674 692 683 
1026 679 680 675 
2 19 2 76
1027 45 701 46 
1028 284 701 45 
1029 46 701 285 
1030 48 700 47 
1031 47 700 267 
1032 302 700 48 
1033 267 699 268 
1034 302 699 267 
1035 267 700 302 
1036 268 703 269 
1037 268 699 301 
1038 301 703 268 
1039 269 706 270 
1040 269 703 300 
1041 300 706 269 
1042 270 708 271 
1043 270 706 299 
1044 299 708 270 
1045 271 709 272 
1046 271 708 298 
1047 298 709 271 
1048 272 711 273 
1049 272 709 297 
1050 297 711 272 
1051 273 715 274 
1052 273 711 296 
1053 296 715 273 
1054 274 717 275 
1055 274 715 295 
1056 295 717 274 
1057 275 716 276 
1058 294 716 275 
1059 275 717 294 
1060 276 714 277 
1061 293 714 276 
1062 276 716 293 
1063 277 713 278 
1064 292 713 277 
1065 277 714 292 
1066 278 712 279 
1067 291 712 278 
1068 278 713 291 
1069 279 710 280 
1070 290 710 279 
1071 279 712 290 
1072 280 707 281 
1073 289 707 280 
1074 280 710 289 
1075 281 704 282 
1076 288 704 281 
1077 281 707 288 
1078 282 705 283 
1079 282 704 287 
1080 287 705 282 
1081 283 702 284 
1082 286 702 283 
1083 283 705 286 
1084 285 701 284 
1085 284 702 285 
1086 285 702 286 
1087 286 705 287 
1088 287 704 288 
1089 288 707 289 
1090 289 710 290 
1091 290 712 291 
1092 291 713 292 
1093 292 714 293 
1094 293 716 294 
1095 294 717 295 
1096 295 715 296 
1097 296 711 297 
1098 297 709 298 
1099 298 708 299 
1100 299 706 300 
1101 300 703 301 
1102 301 699 302 
2 20 2 43
1103 46 720 49 
1104 285 720 46 
1105 50 721 48 
1106 48 721 302 
1107 49 720 303 
1108 317 721 50 
1109 286 303 285 
1110 303 720 285 
1111 287 304 286 
1112 286 304 303 
1113 288 305 287 
1114 287 305 304 
1115 289 306 288 
1116 288 306 305 
1117 290 307 289 
1118 307 306 289 
1119 291 719 290 
1120 290 719 307 
1121 292 308 291 
1122 308 719 291 
1123 292 293 309 
1124 309 308 292 
1125 310 293 294 
1126 309 293 310 
1127 294 295 311 
1128 310 294 311 
1129 295 296 312 
1130 311 295 312 
1131 297 718 296 
1132 296 718 312 
1133 297 298 313 
1134 313 718 297 
1135 298 299 314 
1136 313 298 314 
1137 299 300 315 
1138 314 299 315 
1139 300 301 316 
1140 315 300 316 
1141 301 302 317 
1142 316 301 317 
1143 302 721 317 
1144 307 719 308 
1145 312 718 313 
2 21 2 109
1146 303 760 49 
1147 49 760 318 
1148 50 761 317 
1149 323 761 50 
1150 320 728 51 
1151 51 728 324 
1152 52 730 321 
1153 329 730 52 
1154 304 752 303 
1155 752 760 303 
1156 305 727 304 
1157 727 752 304 
1158 306 757 305 
1159 305 757 727 
1160 307 758 306 
1161 741 757 306 
1162 306 758 741 
1163 308 725 307 
1164 725 758 307 
1165 309 745 308 
1166 308 745 725 
1167 310 746 309 
1168 309 746 745 
1169 311 731 310 
1170 731 746 310 
1171 312 744 311 
1172 311 744 731 
1173 313 726 312 
1174 726 744 312 
1175 314 759 313 
1176 313 759 726 
1177 315 756 314 
1178 314 756 743 
1179 743 759 314 
1180 316 729 315 
1181 729 756 315 
1182 317 753 316 
1183 316 753 729 
1184 317 761 753 
1185 318 738 319 
1186 318 760 738 
1187 319 755 320 
1188 738 755 319 
1189 320 755 728 
1190 321 754 322 
1191 730 754 321 
1192 322 737 323 
1193 322 754 737 
1194 737 761 323 
1195 324 722 325 
1196 324 728 722 
1197 325 733 326 
1198 722 733 325 
1199 326 724 327 
1200 326 733 724 
1201 327 732 328 
1202 724 732 327 
1203 328 723 329 
1204 328 732 723 
1205 723 730 329 
1206 728 740 722 
1207 722 735 733 
1208 722 740 735 
1209 723 742 730 
1210 732 736 723 
1211 736 742 723 
1212 724 739 732 
1213 733 734 724 
1214 734 747 724 
1215 724 747 739 
1216 725 751 735 
1217 735 758 725 
1218 745 751 725 
1219 736 750 726 
1220 726 759 736 
1221 726 750 744 
1222 740 748 727 
1223 727 757 740 
1224 748 752 727 
1225 728 748 740 
1226 728 755 748 
1227 729 749 742 
1228 742 756 729 
1229 729 753 749 
1230 742 749 730 
1231 749 754 730 
1232 731 744 739 
1233 739 747 731 
1234 731 747 746 
1235 732 750 736 
1236 739 750 732 
1237 733 751 734 
1238 735 751 733 
1239 745 746 734 
1240 734 751 745 
1241 746 747 734 
1242 740 741 735 
1243 741 758 735 
1244 736 743 742 
1245 736 759 743 
1246 749 753 737 
1247 737 754 749 
1248 753 761 737 
1249 738 752 748 
1250 748 755 738 
1251 738 760 752 
1252 744 750 739 
1253 740 757 741 
1254 743 756 742 
2 22 2 22
1255 51 324 330 
1256 333 329 52 
1257 324 325 764 
1258 330 324 764 
1259 325 326 767 
1260 764 325 767 
1261 326 327 762 
1262 326 762 767 
1263 327 328 766 
1264 762 327 766 
1265 328 329 763 
1266 328 763 766 
1267 329 333 763 
1268 331 330 764 
1269 332 331 765 
1270 331 764 765 
1271 333 332 763 
1272 763 332 765 
1273 762 763 765 
1274 763 762 766 
1275 764 762 765 
1276 762 764 767 
2 23 2 107
1277 16 792 134 
1278 236 792 16 
1279 146 793 17 
1280 17 793 242 
1281 47 786 40 
1282 40 786 231 
1283 41 787 45 
1284 237 787 41 
1285 45 787 284 
1286 267 786 47 
1287 134 778 135 
1288 134 792 778 
1289 135 780 136 
1290 778 780 135 
1291 136 772 137 
1292 136 780 772 
1293 137 782 138 
1294 772 782 137 
1295 138 796 139 
1296 782 796 138 
1297 139 275 140 
1298 139 796 275 
1299 140 276 141 
1300 140 275 276 
1301 141 797 142 
1302 276 797 141 
1303 142 783 143 
1304 142 797 783 
1305 143 773 144 
1306 143 783 773 
1307 144 781 145 
1308 773 781 144 
1309 145 779 146 
1310 145 781 779 
1311 779 793 146 
1312 231 794 232 
1313 231 786 267 
1314 267 794 231 
1315 232 790 233 
1316 268 790 232 
1317 232 794 268 
1318 233 776 234 
1319 233 790 776 
1320 234 784 235 
1321 776 784 234 
1322 235 768 236 
1323 235 784 768 
1324 768 792 236 
1325 238 795 237 
1326 284 787 237 
1327 237 795 284 
1328 239 791 238 
1329 238 791 283 
1330 283 795 238 
1331 240 777 239 
1332 777 791 239 
1333 241 785 240 
1334 240 785 777 
1335 242 769 241 
1336 769 785 241 
1337 242 793 769 
1338 268 794 267 
1339 269 790 268 
1340 270 776 269 
1341 776 790 269 
1342 271 774 270 
1343 774 776 270 
1344 272 770 271 
1345 770 774 271 
1346 273 772 272 
1347 272 772 770 
1348 274 782 273 
1349 273 782 772 
1350 275 796 274 
1351 274 796 782 
1352 277 797 276 
1353 278 783 277 
1354 783 797 277 
1355 279 773 278 
1356 773 783 278 
1357 280 771 279 
1358 771 773 279 
1359 281 775 280 
1360 280 775 771 
1361 282 777 281 
1362 281 777 775 
1363 283 791 282 
1364 282 791 777 
1365 284 795 283 
1366 768 784 774 
1367 774 789 768 
1368 768 789 778 
1369 778 792 768 
1370 775 785 769 
1371 769 788 775 
1372 779 788 769 
1373 769 793 779 
1374 772 780 770 
1375 770 789 774 
1376 780 789 770 
1377 771 781 773 
1378 775 788 771 
1379 771 788 781 
1380 774 784 776 
1381 777 785 775 
1382 778 789 780 
1383 781 788 779 
2 24 2 50
1384 43 812 255 
1385 334 812 43 
1386 260 810 44 
1387 44 810 342 
1388 53 813 335 
1389 336 813 53 
1390 54 811 341 
1391 343 811 54 
1392 255 808 256 
1393 255 812 808 
1394 256 805 257 
1395 256 808 805 
1396 257 800 258 
1397 257 805 800 
1398 258 807 259 
1399 800 807 258 
1400 259 809 260 
1401 807 809 259 
1402 809 810 260 
1403 335 798 334 
1404 798 812 334 
1405 335 813 798 
1406 337 804 336 
1407 804 813 336 
1408 338 801 337 
1409 801 804 337 
1410 339 806 338 
1411 338 806 801 
1412 340 802 339 
1413 802 806 339 
1414 341 803 340 
1415 340 803 802 
1416 341 811 803 
1417 342 799 343 
1418 342 810 799 
1419 799 811 343 
1420 804 808 798 
1421 798 813 804 
1422 808 812 798 
1423 799 809 803 
1424 803 811 799 
1425 799 810 809 
1426 800 805 801 
1427 801 806 800 
1428 800 806 802 
1429 802 807 800 
1430 801 808 804 
1431 805 808 801 
1432 803 809 802 
1433 802 809 807 
2 25 2 50
1434 129 828 2 
1435 2 828 349 
1436 15 829 130 
1437 261 829 15 
1438 44 827 266 
1439 342 827 44 
1440 54 826 343 
1441 344 826 54 
1442 130 815 129 
1443 815 828 129 
1444 130 829 815 
1445 262 825 261 
1446 825 829 261 
1447 263 820 262 
1448 820 825 262 
1449 264 818 263 
1450 818 820 263 
1451 265 816 264 
1452 816 818 264 
1453 266 823 265 
1454 265 823 816 
1455 266 827 823 
1456 343 814 342 
1457 814 827 342 
1458 343 826 814 
1459 345 824 344 
1460 824 826 344 
1461 346 821 345 
1462 821 824 345 
1463 347 819 346 
1464 819 821 346 
1465 348 817 347 
1466 817 819 347 
1467 349 822 348 
1468 348 822 817 
1469 349 828 822 
1470 814 824 823 
1471 823 827 814 
1472 814 826 824 
1473 815 825 822 
1474 822 828 815 
1475 815 829 825 
1476 816 821 818 
1477 816 824 821 
1478 823 824 816 
1479 818 819 817 
1480 817 820 818 
1481 817 825 820 
1482 822 825 817 
1483 818 821 819 
2 26 2 122
1484 63 859 1 
1485 1 859 206 
1486 2 857 65 
1487 349 857 2 
1488 165 26 5 
1489 165 5 95 
1490 163 6 23 
1491 23 6 223 
1492 24 96 6 
1493 24 6 163 
1494 18 226 153 
1495 158 225 18 
1496 18 225 226 
1497 153 226 21 
1498 21 836 172 
1499 226 836 21 
1500 23 223 159 
1501 164 96 24 
1502 171 862 31 
1503 31 862 352 
1504 36 855 39 
1505 202 837 36 
1506 837 851 36 
1507 851 855 36 
1508 39 840 227 
1509 39 852 840 
1510 39 855 852 
1511 53 863 336 
1512 350 863 53 
1513 341 858 54 
1514 54 858 344 
1515 64 843 63 
1516 843 859 63 
1517 65 835 64 
1518 835 843 64 
1519 65 857 835 
1520 95 96 164 
1521 165 95 164 
1522 159 224 158 
1523 158 224 225 
1524 159 223 224 
1525 172 853 171 
1526 853 862 171 
1527 836 853 172 
1528 203 831 202 
1529 831 837 202 
1530 204 846 203 
1531 203 846 831 
1532 205 830 204 
1533 830 846 204 
1534 206 849 205 
1535 205 849 830 
1536 206 859 849 
1537 227 856 226 
1538 226 856 836 
1539 840 856 227 
1540 336 852 337 
1541 336 863 852 
1542 337 855 338 
1543 852 855 337 
1544 338 851 339 
1545 338 855 851 
1546 339 850 340 
1547 339 851 850 
1548 340 834 341 
1549 340 850 834 
1550 834 858 341 
1551 344 848 345 
1552 344 858 848 
1553 345 860 346 
1554 848 860 345 
1555 346 833 347 
1556 346 860 833 
1557 347 854 348 
1558 833 854 347 
1559 348 845 349 
1560 348 854 845 
1561 845 857 349 
1562 351 832 350 
1563 832 863 350 
1564 352 847 351 
1565 351 847 832 
1566 352 862 847 
1567 830 849 844 
1568 844 864 830 
1569 830 864 846 
1570 831 838 837 
1571 831 839 838 
1572 831 846 839 
1573 840 852 832 
1574 832 856 840 
1575 847 856 832 
1576 852 863 832 
1577 833 860 841 
1578 841 865 833 
1579 842 854 833 
1580 833 865 842 
1581 848 858 834 
1582 834 861 848 
1583 850 861 834 
1584 835 844 843 
1585 835 845 844 
1586 835 857 845 
1587 836 856 853 
1588 838 850 837 
1589 850 851 837 
1590 839 841 838 
1591 841 861 838 
1592 838 861 850 
1593 839 865 841 
1594 846 864 839 
1595 864 865 839 
1596 841 860 848 
1597 848 861 841 
1598 844 845 842 
1599 842 864 844 
1600 845 854 842 
1601 842 865 864 
1602 844 849 843 
1603 849 859 843 
1604 853 856 847 
1605 847 862 853 
2 27 2 257
1606 166 5 26 
1607 97 5 957 
1608 5 166 957 
1609 353 7 102 
1610 354 111 12 
1611 13 113 953 
1612 228 13 953 
1613 166 27 881 
1614 27 168 894 
1615 881 27 894 
1616 167 28 956 
1617 28 173 901 
1618 28 901 956 
1619 29 167 956 
1620 170 29 924 
1621 924 29 956 
1622 168 30 907 
1623 30 169 927 
1624 907 30 927 
1625 352 173 31 
1626 47 40 946 
1627 40 230 946 
1628 41 45 958 
1629 243 41 958 
1630 42 243 878 
1631 249 42 927 
1632 42 878 879 
1633 42 879 907 
1634 42 907 927 
1635 43 254 955 
1636 334 43 955 
1637 45 46 949 
1638 45 949 950 
1639 45 950 958 
1640 46 49 949 
1641 48 47 935 
1642 47 934 935 
1643 934 47 946 
1644 50 48 935 
1645 49 318 869 
1646 49 869 897 
1647 49 897 949 
1648 323 50 925 
1649 925 50 935 
1650 320 51 908 
1651 51 330 908 
1652 52 321 939 
1653 333 52 939 
1654 53 335 952 
1655 350 53 952 
1656 55 353 882 
1657 358 55 937 
1658 55 882 937 
1659 354 56 902 
1660 56 355 868 
1661 56 868 902 
1662 355 57 868 
1663 57 356 926 
1664 868 57 926 
1665 357 58 933 
1666 58 358 866 
1667 58 866 933 
1668 98 97 938 
1669 938 97 957 
1670 99 98 873 
1671 873 98 938 
1672 100 99 941 
1673 99 873 941 
1674 101 100 870 
1675 870 100 941 
1676 102 101 917 
1677 101 870 917 
1678 353 102 882 
1679 882 102 917 
1680 112 111 877 
1681 111 354 902 
1682 877 111 902 
1683 113 112 921 
1684 112 877 921 
1685 113 921 953 
1686 166 881 957 
1687 894 168 907 
1688 169 170 948 
1689 927 169 948 
1690 170 924 948 
1691 173 352 901 
1692 229 228 912 
1693 912 228 953 
1694 230 229 874 
1695 874 229 912 
1696 230 874 934 
1697 230 934 946 
1698 878 243 958 
1699 250 249 948 
1700 249 927 948 
1701 251 250 924 
1702 924 250 948 
1703 252 251 910 
1704 910 251 924 
1705 253 252 909 
1706 909 252 910 
1707 254 253 922 
1708 253 909 922 
1709 254 922 955 
1710 318 319 929 
1711 869 318 929 
1712 319 320 942 
1713 929 319 942 
1714 320 908 942 
1715 321 322 947 
1716 939 321 947 
1717 322 323 867 
1718 322 867 947 
1719 867 323 925 
1720 330 331 871 
1721 330 871 908 
1722 331 332 883 
1723 871 331 883 
1724 332 333 875 
1725 332 875 883 
1726 875 333 939 
1727 335 334 892 
1728 892 334 955 
1729 335 892 952 
1730 351 350 931 
1731 931 350 952 
1732 352 351 876 
1733 876 351 931 
1734 352 876 901 
1735 356 357 872 
1736 356 872 926 
1737 872 357 933 
1738 866 358 937 
1739 866 890 923 
1740 890 866 937 
1741 866 923 933 
1742 867 925 928 
1743 867 928 936 
1744 867 936 947 
1745 902 868 930 
1746 868 926 951 
1747 930 868 951 
1748 897 869 903 
1749 903 869 911 
1750 911 869 929 
1751 870 906 919 
1752 906 870 941 
1753 917 870 944 
1754 870 919 944 
1755 871 883 884 
1756 871 884 885 
1757 871 885 908 
1758 926 872 940 
1759 872 933 954 
1760 940 872 954 
1761 904 873 905 
1762 873 904 906 
1763 905 873 938 
1764 873 906 941 
1765 874 912 913 
1766 874 913 914 
1767 874 914 934 
1768 883 875 887 
1769 887 875 889 
1770 889 875 900 
1771 900 875 939 
1772 901 876 909 
1773 909 876 922 
1774 922 876 931 
1775 877 902 930 
1776 877 913 921 
1777 913 877 930 
1778 879 878 880 
1779 880 878 950 
1780 950 878 958 
1781 879 880 905 
1782 894 879 905 
1783 879 894 907 
1784 880 897 903 
1785 897 880 950 
1786 880 903 904 
1787 880 904 905 
1788 881 894 905 
1789 881 905 938 
1790 881 938 957 
1791 890 882 917 
1792 882 890 937 
1793 884 883 943 
1794 883 887 943 
1795 885 884 886 
1796 886 884 891 
1797 891 884 943 
1798 885 886 888 
1799 885 888 893 
1800 885 893 908 
1801 888 886 895 
1802 886 891 920 
1803 895 886 920 
1804 887 889 898 
1805 887 898 932 
1806 887 932 943 
1807 893 888 911 
1808 888 895 896 
1809 888 896 911 
1810 898 889 899 
1811 899 889 936 
1812 889 900 936 
1813 890 895 920 
1814 895 890 944 
1815 890 917 944 
1816 890 920 923 
1817 920 891 923 
1818 923 891 932 
1819 932 891 943 
1820 892 922 931 
1821 922 892 955 
1822 892 931 952 
1823 908 893 942 
1824 893 911 929 
1825 893 929 942 
1826 896 895 919 
1827 919 895 944 
1828 896 903 911 
1829 903 896 945 
1830 896 919 945 
1831 949 897 950 
1832 898 899 940 
1833 932 898 954 
1834 898 940 954 
1835 918 899 928 
1836 899 918 940 
1837 928 899 936 
1838 936 900 947 
1839 900 939 947 
1840 901 909 956 
1841 904 903 945 
1842 906 904 945 
1843 919 906 945 
1844 909 910 956 
1845 910 924 956 
1846 913 912 921 
1847 921 912 953 
1848 914 913 915 
1849 915 913 930 
1850 914 915 916 
1851 914 916 935 
1852 934 914 935 
1853 916 915 918 
1854 918 915 951 
1855 915 930 951 
1856 916 918 928 
1857 925 916 928 
1858 916 925 935 
1859 918 926 940 
1860 926 918 951 
1861 923 932 954 
1862 933 923 954 
2 28 2 13
1863 103 7 961 
1864 7 353 961 
1865 104 360 8 
1866 353 55 59 
1867 353 59 960 
1868 59 359 960 
1869 104 103 959 
1870 959 103 961 
1871 360 104 959 
1872 353 960 961 
1873 359 360 959 
1874 359 959 960 
1875 960 959 961 
2 29 2 6
1876 361 57 60 
1877 356 57 361 
1878 357 61 58 
1879 362 61 357 
1880 356 362 357 
1881 362 356 361 
2 30 2 8
1882 56 62 962 
1883 355 56 962 
1884 60 57 963 
1885 57 355 963 
1886 363 60 963 
1887 62 363 962 
1888 363 355 962 
1889 355 363 963 
2 31 2 8
1890 59 55 965 
1891 55 358 965 
1892 58 61 964 
1893 358 58 964 
1894 364 59 965 
1895 61 364 964 
1896 364 358 964 
1897 358 364 965 
2 32 2 13
1898 365 109 11 
1899 12 110 968 
1900 354 12 968 
1901 354 62 56 
1902 62 354 967 
1903 366 62 967 
1904 110 109 966 
1905 109 365 966 
1906 110 966 968 
1907 967 354 968 
1908 365 366 966 
1909 966 366 967 
1910 966 967 968 
2 33 2 8
1911 10 368 108 
1912 108 368 11 
1913 368 365 11 
1914 367 60 363 
1915 366 363 62 
1916 366 367 363 
1917 366 365 367 
1918 367 365 368 
2 34 2 26
1919 106 9 974 
1920 9 369 974 
1921 10 107 973 
1922 368 10 973 
1923 361 60 976 
1924 60 367 976 
1925 61 362 975 
1926 370 61 975 
1927 107 106 970 
1928 970 106 974 
1929 107 970 973 
1930 362 361 969 
1931 969 361 976 
1932 362 969 975 
1933 367 368 972 
1934 367 972 976 
1935 972 368 973 
1936 369 370 971 
1937 369 971 974 
1938 971 370 975 
1939 969 970 971 
1940 970 969 972 
1941 969 971 975 
1942 972 969 976 
1943 971 970 974 
1944 970 972 973 
2 35 2 8
1945 8 369 105 
1946 8 360 369 
1947 369 9 105 
1948 59 364 359 
1949 364 61 370 
1950 359 370 360 
1951 359 364 370 
1952 370 369 360 
3 1 4 3619
1953 982 1010 1009 1090 
1954 981 1028 995 1045 
1955 995 1028 979 1045 
1956 712 719 278 1039 
1957 559 1020 1003 1054 
1958 712 279 719 1039 
1959 985 990 310 1072 
1960 371 494 413 1109 
1961 866 370 1001 1012 
1962 819 854 833 1019 
1963 670 1034 662 1049 
1964 689 820 1019 1037 
1965 96 511 95 164 
1966 988 994 727 1023 
1967 494 1016 413 1109 
1968 450 494 371 1109 
1969 190 1021 982 1039 
1970 752 994 929 1023 
1971 1009 1010 394 1090 
1972 789 1041 986 1047 
1973 1017 1033 838 1078 
1974 496 1029 1025 1062 
1975 198 561 986 1031 
1976 1003 1020 980 1054 
1977 995 1045 979 1069 
1978 311 990 987 1067 
1979 998 1034 670 1049 
1980 981 1045 995 1084 
1981 987 990 311 1081 
1982 528 268 269 186 
1983 555 982 190 1021 
1984 190 982 555 1089 
1985 1020 1054 559 1089 
1986 1016 1028 981 1045 
1987 928 991 867 1057 
1988 979 1028 1016 1045 
1989 929 994 911 1023 
1990 729 991 984 1057 
1991 867 928 925 991 
1992 982 1020 1010 1090 
1993 820 659 689 1019 
1994 608 680 149 1046 
1995 247 1008 1051 1052 
1996 617 997 578 1046 
1997 727 994 988 1116 
1998 1036 1041 462 1047 
1999 1024 1036 462 1047 
2000 504 503 609 505 
2001 671 670 662 1049 
2002 278 713 277 989 
2003 837 831 575 1017 
2004 190 1039 982 1089 
2005 981 1041 491 1070 
2006 981 491 1041 1115 
2007 983 1026 1062 1117 
2008 937 866 890 359 
2009 752 929 738 1023 
2010 841 838 1033 1078 
2011 841 1017 838 1078 
2012 867 991 753 1057 
2013 371 413 391 1109 
2014 1010 1020 394 1090 
2015 635 1024 986 1044 
2016 837 575 999 1017 
2017 310 985 731 990 
2018 710 1039 280 1058 
2019 671 662 1034 1049 
2020 413 1016 391 1109 
2021 916 1060 991 1095 
2022 867 1057 753 1099 
2023 247 1029 1008 1052 
2024 836 611 152 1046 
2025 575 536 999 1017 
2026 980 1054 1020 1089 
2027 617 578 611 1046 
2028 981 1028 491 1115 
2029 491 1028 981 1070 
2030 986 1036 1024 1047 
2031 247 1051 246 1052 
2032 839 1019 1017 1078 
2033 757 988 727 1023 
2034 729 984 991 1015 
2035 986 1031 561 1032 
2036 986 1041 1036 1047 
2037 192 193 531 985 
2038 731 990 985 1081 
2039 930 366 1005 1096 
2040 198 1031 986 1048 
2041 391 1076 1018 1109 
2042 391 1016 1076 1109 
2043 371 391 1018 1109 
2044 609 506 504 1098 
2045 728 755 942 1023 
2046 744 987 311 1081 
2047 450 371 1018 1109 
2048 774 1031 986 1041 
2049 1034 1037 671 1049 
2050 1008 1029 983 1052 
2051 789 774 986 1041 
2052 1008 1051 983 1062 
2053 986 1036 1032 1044 
2054 1006 1107 1099 1123 
2055 574 1044 622 1048 
2056 742 1006 984 1065 
2057 984 1006 742 1099 
2058 1024 1036 986 1044 
2059 983 1051 1008 1052 
2060 838 1017 999 1033 
2061 867 753 737 1099 
2062 987 1067 995 1113 
2063 1007 1063 767 1068 
2064 631 635 986 1044 
2065 910 956 149 1046 
2066 819 817 854 1019 
2067 312 311 987 1067 
2068 983 1025 1009 1026 
2069 982 1021 555 1026 
2070 835 1037 1034 1049 
2071 367 1043 972 1096 
2072 279 280 710 1039 
2073 1031 1048 198 1124 
2074 989 980 1072 1097 
2075 386 1051 1008 1062 
2076 839 1017 841 1078 
2077 689 1019 673 1037 
2078 389 1045 1016 1106 
2079 194 195 532 987 
2080 985 989 745 1103 
2081 308 1027 989 1100 
2082 1025 1029 983 1062 
2083 817 854 1019 1037 
2084 727 988 757 1116 
2085 1010 1022 980 1089 
2086 389 388 1016 1045 
2087 383 1032 1036 1044 
2088 713 308 277 989 
2089 637 577 615 1042 
2090 835 1034 998 1049 
2091 980 1035 1018 1094 
2092 982 1022 1010 1089 
2093 741 988 757 1023 
2094 891 932 992 1001 
2095 819 1019 833 1078 
2096 834 850 803 1033 
2097 309 989 985 1072 
2098 735 978 988 1023 
2099 149 956 151 1046 
2100 989 1022 980 1097 
2101 945 1074 1050 1086 
2102 555 982 1026 1090 
2103 866 1001 923 1012 
2104 1008 1029 471 1062 
2105 820 817 1019 1037 
2106 383 1036 1024 1044 
2107 986 1047 630 1048 
2108 741 758 988 1103 
2109 980 1020 1010 1089 
2110 914 1004 1060 1095 
2111 929 869 911 994 
2112 1010 1020 982 1089 
2113 274 717 311 1067 
2114 932 1001 996 1059 
2115 277 989 1072 1097 
2116 277 1022 989 1097 
2117 671 1034 662 1037 
2118 842 1019 1037 1053 
2119 774 789 986 1047 
2120 745 985 309 989 
2121 1045 1069 995 1084 
2122 932 992 1001 1059 
2123 247 998 246 1051 
2124 1011 1074 945 1086 
2125 998 1008 64 1051 
2126 635 630 986 1047 
2127 893 929 911 1023 
2128 989 1039 308 1100 
2129 906 945 1050 1086 
2130 986 1024 635 1047 
2131 727 994 752 1023 
2132 896 1002 994 1011 
2133 667 1033 1017 1078 
2134 781 1025 472 1029 
2135 504 609 503 506 
2136 995 1067 987 1069 
2137 899 1057 996 1083 
2138 770 1031 774 1041 
2139 443 959 960 1055 
2140 1025 1029 781 1091 
2141 312 1067 987 1113 
2142 954 996 1001 1043 
2143 869 994 752 1013 
2144 630 1044 986 1048 
2145 411 394 1010 1020 
2146 633 1024 459 1047 
2147 1009 1025 982 1026 
2148 758 1027 988 1103 
2149 631 1024 635 1044 
2150 386 1062 1026 1117 
2151 373 421 1009 1010 
2152 664 608 680 149 
2153 635 630 631 986 
2154 536 569 576 999 
2155 576 658 666 999 
2156 630 631 986 1044 
2157 898 996 889 1006 
2158 983 1026 1009 1062 
2159 1000 1005 930 1095 
2160 247 769 1029 1052 
2161 183 984 527 1038 
2162 835 998 843 1049 
2163 1009 1026 982 1090 
2164 594 1001 370 1012 
2165 307 988 1027 1100 
2166 731 311 990 1081 
2167 317 991 916 1060 
2168 1006 1065 742 1107 
2169 789 770 774 1041 
2170 920 923 891 1012 
2171 278 308 713 989 
2172 833 1019 865 1078 
2173 569 658 576 999 
2174 899 996 940 1083 
2175 735 988 741 1023 
2176 903 1011 994 1074 
2177 999 1017 667 1033 
2178 565 998 694 1049 
2179 471 1029 496 1062 
2180 992 1002 886 1012 
2181 561 572 198 986 
2182 1037 1049 844 1053 
2183 753 1057 729 1099 
2184 929 752 869 994 
2185 1009 1025 983 1062 
2186 753 991 729 1057 
2187 437 1005 365 1096 
2188 359 960 959 1055 
2189 880 1013 993 1074 
2190 1008 1062 470 1125 
2191 980 1018 1003 1094 
2192 154 155 160 1030 
2193 898 996 899 1057 
2194 307 1039 710 1058 
2195 267 1060 935 1118 
2196 615 577 614 1042 
2197 746 985 310 1072 
2198 795 283 650 1108 
2199 397 1009 1026 1062 
2200 1010 1022 466 1105 
2201 449 471 1008 1029 
2202 247 1008 998 1051 
2203 930 1005 1000 1096 
2204 1018 1035 979 1094 
2205 954 1043 1001 1127 
2206 274 275 717 1067 
2207 854 842 1019 1037 
2208 923 1001 992 1012 
2209 634 459 633 1024 
2210 437 365 604 1096 
2211 860 841 1033 1078 
2212 869 911 994 1013 
2213 317 925 916 991 
2214 617 856 997 1046 
2215 982 545 1089 1090 
2216 989 1039 1022 1119 
2217 813 952 798 997 
2218 923 992 891 1012 
2219 64 1008 998 1125 
2220 64 998 1034 1125 
2221 925 317 761 991 
2222 307 988 758 1027 
2223 471 496 1025 1062 
2224 989 1027 308 1103 
2225 903 994 911 1013 
2226 450 477 494 1109 
2227 245 174 1108 1122 
2228 889 1006 996 1057 
2229 554 1076 1045 1094 
2230 992 1001 180 1012 
2231 304 1013 994 1040 
2232 1017 1019 864 1053 
2233 615 1004 623 1042 
2234 978 1023 735 1068 
2235 742 1099 1006 1107 
2236 759 984 1038 1065 
2237 96 511 164 160 
2238 497 1025 1009 1062 
2239 759 1038 987 1065 
2240 546 559 1003 1054 
2241 891 992 923 1001 
2242 918 1043 1000 1083 
2243 982 1025 1021 1026 
2244 1021 1025 983 1026 
2245 986 1031 774 1048 
2246 394 1026 1009 1090 
2247 983 1029 1008 1062 
2248 283 795 650 649 
2249 866 370 933 1001 
2250 729 756 984 1015 
2251 494 477 1016 1109 
2252 898 889 996 1057 
2253 633 635 1024 1047 
2254 980 1054 1035 1094 
2255 308 307 1027 1100 
2256 914 915 1004 1095 
2257 727 1040 994 1116 
2258 891 923 932 1001 
2259 496 472 1025 1029 
2260 1021 1091 280 1120 
2261 615 614 1004 1042 
2262 893 942 929 1023 
2263 696 1037 1019 1053 
2264 491 484 1028 1070 
2265 802 850 999 1033 
2266 989 1022 278 1119 
2267 919 1014 944 1121 
2268 987 1067 990 1069 
2269 184 183 533 1015 
2270 898 899 889 1057 
2271 915 1000 930 1095 
2272 281 280 1091 1120 
2273 935 934 267 1118 
2274 281 1091 1052 1120 
2275 735 988 978 1103 
2276 981 1036 1031 1041 
2277 1031 1036 986 1041 
2278 774 1048 1031 1124 
2279 989 278 1039 1119 
2280 985 1027 989 1103 
2281 887 996 898 1006 
2282 245 174 993 1108 
2283 784 638 768 1048 
2284 480 453 410 1070 
2285 149 664 505 507 
2286 545 555 982 1089 
2287 861 841 838 1033 
2288 981 1032 1031 1036 
2289 1031 1032 986 1036 
2290 555 545 982 1090 
2291 742 1099 1107 1123 
2292 1052 1091 1021 1120 
2293 984 1015 743 1038 
2294 1002 1011 895 1121 
2295 841 833 865 1078 
2296 871 1068 1023 1087 
2297 453 1036 410 1070 
2298 481 491 1041 1070 
2299 996 1059 1001 1080 
2300 864 846 1017 1053 
2301 451 373 1009 1010 
2302 752 994 304 1013 
2303 617 611 856 1046 
2304 278 719 308 1039 
2305 493 1085 458 1119 
2306 834 1033 803 1126 
2307 630 622 1044 1048 
2308 307 279 710 1039 
2309 838 831 837 1017 
2310 389 1075 1045 1106 
2311 457 474 772 1115 
2312 1008 1034 998 1125 
2313 932 954 996 1001 
2314 995 1038 987 1113 
2315 63 563 998 1051 
2316 903 994 1013 1074 
2317 838 837 999 1017 
2318 303 869 752 1013 
2319 498 793 482 655 
2320 247 652 769 1052 
2321 402 376 558 1003 
2322 954 872 1043 1127 
2323 686 609 504 1098 
2324 673 689 659 1019 
2325 585 664 505 149 
2326 984 1057 1006 1099 
2327 712 278 279 1039 
2328 842 1037 844 1053 
2329 275 1035 990 1067 
2330 780 463 492 1041 
2331 569 999 536 1017 
2332 179 992 180 1012 
2333 275 311 717 1067 
2334 888 994 1002 1023 
2335 913 1005 1004 1095 
2336 820 818 659 1019 
2337 618 997 660 1046 
2338 696 1049 1037 1053 
2339 839 864 1017 1019 
2340 578 997 618 1046 
2341 312 987 1038 1113 
2342 887 996 1006 1059 
2343 388 1016 1045 1076 
2344 724 1063 767 1064 
2345 827 810 693 1126 
2346 1048 1114 198 1124 
2347 751 1068 1063 1103 
2348 640 574 535 1044 
2349 559 540 1003 1020 
2350 752 738 748 1023 
2351 1011 1014 596 1086 
2352 935 1060 914 1118 
2353 527 1038 984 1066 
2354 389 388 392 1016 
2355 481 1041 1036 1070 
2356 670 694 998 1049 
2357 245 1108 649 1122 
2358 793 482 655 1029 
2359 904 1050 945 1074 
2360 365 1005 437 1079 
2361 311 310 731 990 
2362 198 986 572 1048 
2363 386 1008 385 1062 
2364 996 1043 940 1083 
2365 568 1017 846 1053 
2366 569 658 999 1017 
2367 781 472 779 1029 
2368 1001 1059 992 1080 
2369 389 1016 392 1106 
2370 1035 1072 980 1097 
2371 397 1026 386 1062 
2372 275 310 990 1072 
2373 887 898 889 1006 
2374 634 461 459 1024 
2375 457 491 474 1115 
2376 977 1007 1061 1063 
2377 637 615 623 1042 
2378 896 888 994 1002 
2379 745 989 308 1103 
2380 930 915 951 1000 
2381 609 664 686 504 
2382 860 841 848 1033 
2383 277 278 989 1022 
2384 731 310 746 985 
2385 782 474 1028 1115 
2386 385 1008 386 1051 
2387 912 636 1004 1042 
2388 918 940 1043 1083 
2389 904 880 993 1074 
2390 540 1003 1020 1112 
2391 954 940 996 1043 
2392 918 991 1057 1083 
2393 473 1025 497 1062 
2394 625 380 1024 1044 
2395 367 1000 1043 1096 
2396 545 190 555 1089 
2397 275 990 1035 1072 
2398 307 308 1039 1100 
2399 839 864 846 1017 
2400 668 667 1017 1078 
2401 1016 1045 981 1106 
2402 371 483 450 1018 
2403 310 311 275 990 
2404 740 741 757 1023 
2405 192 985 531 1061 
2406 951 926 868 367 
2407 987 1038 995 1069 
2408 827 693 823 1126 
2409 491 1028 474 1115 
2410 317 916 935 1060 
2411 842 864 1019 1053 
2412 812 798 955 997 
2413 838 841 839 1017 
2414 634 633 635 1024 
2415 149 151 152 1046 
2416 892 798 952 997 
2417 802 803 850 1033 
2418 851 208 806 999 
2419 192 985 989 1054 
2420 769 652 785 1052 
2421 1022 1085 493 1119 
2422 561 1031 197 1032 
2423 977 1007 992 1061 
2424 1022 1039 989 1089 
2425 861 999 850 1033 
2426 738 929 748 1023 
2427 531 985 193 1061 
2428 916 991 918 1000 
2429 540 402 1003 1112 
2430 647 791 187 522 
2431 874 912 632 1004 
2432 193 990 985 1054 
2433 774 1031 271 1124 
2434 860 833 841 1078 
2435 741 988 735 1103 
2436 63 418 563 1051 
2437 861 838 999 1033 
2438 918 899 940 1083 
2439 314 743 1015 1038 
2440 876 997 847 1046 
2441 540 1020 402 1112 
2442 457 1041 491 1115 
2443 915 913 1004 1095 
2444 892 955 798 997 
2445 774 1047 986 1048 
2446 304 994 727 1040 
2447 971 369 603 370 
2448 1035 1054 990 1094 
2449 194 987 990 1069 
2450 904 906 945 1050 
2451 384 410 453 1036 
2452 918 1000 991 1083 
2453 636 632 912 1004 
2454 246 1051 547 1052 
2455 987 195 1038 1069 
2456 943 884 992 1059 
2457 275 990 311 1067 
2458 847 997 856 1046 
2459 192 559 1054 1089 
2460 483 371 398 1018 
2461 493 500 458 1085 
2462 896 994 903 1011 
2463 192 989 985 1027 
2464 410 377 480 1070 
2465 980 1020 1003 1112 
2466 884 1007 992 1059 
2467 860 1033 821 1078 
2468 932 996 898 1059 
2469 903 1013 880 1074 
2470 978 1061 1007 1063 
2471 245 649 174 1122 
2472 184 183 1015 1083 
2473 630 622 631 1044 
2474 867 761 737 753 
2475 818 1019 819 1078 
2476 373 411 421 1010 
2477 770 271 774 1031 
2478 935 914 934 1118 
2479 888 911 994 1023 
2480 312 311 744 987 
2481 845 822 1034 1037 
2482 585 609 503 505 
2483 575 570 536 1017 
2484 457 780 492 1041 
2485 756 742 729 984 
2486 895 1002 896 1011 
2487 709 1088 272 1113 
2488 918 1057 899 1083 
2489 844 1037 835 1049 
2490 439 938 1030 1050 
2491 996 1006 977 1066 
2492 409 1036 1032 1106 
2493 820 817 818 1019 
2494 245 650 649 1108 
2495 793 498 482 460 
2496 187 547 562 1102 
2497 738 755 748 929 
2498 836 856 611 1046 
2499 909 956 910 1046 
2500 876 1046 847 1082 
2501 554 1045 1069 1094 
2502 493 458 773 1119 
2503 685 1019 1017 1053 
2504 932 891 992 1059 
2505 270 774 271 1124 
2506 625 382 380 1044 
2507 193 985 990 1056 
2508 979 1028 995 1067 
2509 381 998 64 1051 
2510 903 945 1011 1074 
2511 840 617 856 997 
2512 470 1008 486 1062 
2513 768 638 624 1048 
2514 782 772 474 1115 
2515 198 197 561 1031 
2516 187 1052 547 1102 
2517 919 1011 1014 1121 
2518 462 1036 488 1041 
2519 823 1033 684 1078 
2520 284 702 283 1013 
2521 897 284 720 949 
2522 575 831 570 1017 
2523 614 1005 1004 1042 
2524 154 155 1030 1098 
2525 470 486 1008 1125 
2526 574 572 1044 1048 
2527 465 451 1009 1010 
2528 664 504 505 507 
2529 384 453 1024 1036 
2530 750 1065 987 1081 
2531 447 616 645 1042 
2532 932 954 898 996 
2533 819 818 817 1019 
2534 463 1041 780 1047 
2535 828 857 822 1034 
2536 488 462 1041 1047 
2537 884 992 1007 1087 
2538 993 1050 904 1074 
2539 555 190 189 1021 
2540 460 779 472 1029 
2541 886 992 891 1087 
2542 388 391 1016 1076 
2543 675 149 680 1046 
2544 979 1035 990 1094 
2545 834 861 850 1033 
2546 640 573 646 1044 
2547 918 926 1000 1043 
2548 768 624 1047 1048 
2549 891 992 884 1087 
2550 394 397 1009 1026 
2551 842 833 854 1019 
2552 919 944 895 1121 
2553 987 1056 990 1081 
2554 657 567 1049 1053 
2555 625 1024 631 1044 
2556 458 1085 1025 1119 
2557 383 1032 409 1036 
2558 886 1002 992 1087 
2559 468 466 1022 1105 
2560 651 247 769 1029 
2561 942 908 728 1023 
2562 244 697 907 1104 
2563 743 984 759 1065 
2564 622 574 640 1044 
2565 869 903 911 1013 
2566 181 996 182 1127 
2567 284 303 702 1013 
2568 981 1028 1016 1070 
2569 317 267 699 1060 
2570 986 1044 572 1048 
2571 979 1067 995 1069 
2572 597 1050 993 1074 
2573 222 221 808 997 
2574 414 1016 452 1070 
2575 728 748 755 1023 
2576 383 374 1032 1044 
2577 871 1023 885 1087 
2578 976 367 926 1000 
2579 842 844 864 1053 
2580 187 246 547 1052 
2581 267 317 935 1060 
2582 1039 1089 1022 1119 
2583 980 1022 989 1089 
2584 192 193 985 1054 
2585 316 729 991 1015 
2586 624 630 1047 1048 
2587 759 984 743 1038 
2588 908 728 1023 1068 
2589 813 863 952 997 
2590 1036 1041 981 1070 
2591 486 1008 471 1062 
2592 184 1015 991 1083 
2593 454 464 396 1009 
2594 847 1046 856 1082 
2595 815 828 822 1034 
2596 884 891 943 992 
2597 367 1000 976 1043 
2598 1063 1068 978 1103 
2599 914 1060 1004 1118 
2600 547 1052 1051 1102 
2601 305 988 1058 1116 
2602 481 488 1036 1041 
2603 194 990 987 1056 
2604 174 993 1108 1122 
2605 982 1022 1089 1119 
2606 780 1041 789 1047 
2607 437 604 427 1096 
2608 1006 1065 977 1066 
2609 561 1032 541 1044 
2610 639 382 625 1044 
2611 982 1089 1020 1090 
2612 248 449 1008 1029 
2613 752 760 929 869 
2614 987 1038 984 1065 
2615 558 540 402 1003 
2616 761 317 753 991 
2617 475 1028 1016 1109 
2618 1035 1067 275 1077 
2619 406 1062 1008 1125 
2620 473 1009 497 1025 
2621 466 1022 1010 1085 
2622 176 177 1011 1116 
2623 664 585 608 149 
2624 992 1007 978 1061 
2625 860 848 821 1033 
2626 741 735 758 1103 
2627 788 781 779 1029 
2628 783 1022 493 1119 
2629 857 845 822 1034 
2630 916 918 915 1000 
2631 991 1000 184 1083 
2632 882 443 960 1055 
2633 547 1051 562 1102 
2634 887 898 996 1059 
2635 982 1089 1039 1119 
2636 475 491 484 1028 
2637 990 1056 985 1081 
2638 977 1006 996 1059 
2639 567 678 657 1049 
2640 278 308 989 1039 
2641 988 994 1023 1092 
2642 972 1043 580 1096 
2643 985 1081 1063 1103 
2644 733 767 1063 1068 
2645 472 781 458 1025 
2646 130 248 449 1008 
2647 422 1003 399 1076 
2648 208 851 837 999 
2649 685 1017 676 1053 
2650 745 309 308 989 
2651 605 972 970 1127 
2652 194 195 987 1069 
2653 856 847 832 997 
2654 898 940 899 996 
2655 788 781 1029 1091 
2656 990 1035 979 1067 
2657 397 416 386 1026 
2658 1029 1052 769 1091 
2659 890 1012 944 1014 
2660 314 759 743 1038 
2661 980 1035 1054 1072 
2662 719 307 308 1039 
2663 597 1030 993 1050 
2664 747 1063 1081 1103 
2665 914 935 916 1060 
2666 195 532 987 1066 
2667 731 744 311 1081 
2668 758 725 1027 1103 
2669 748 727 752 1023 
2670 183 184 1000 1083 
2671 693 1033 823 1126 
2672 189 1021 190 1058 
2673 465 1010 1009 1085 
2674 876 832 847 997 
2675 373 464 451 1009 
2676 994 1011 176 1074 
2677 702 303 283 1013 
2678 479 401 451 1010 
2679 543 998 565 1049 
2680 908 1023 871 1068 
2681 1016 979 1076 1109 
2682 316 315 729 1015 
2683 673 1019 696 1037 
2684 707 1058 280 1120 
2685 552 1045 554 1076 
2686 176 1011 994 1116 
2687 1045 1075 981 1106 
2688 988 1023 978 1092 
2689 843 998 859 1049 
2690 437 427 1005 1096 
2691 267 268 699 1060 
2692 401 373 451 1010 
2693 904 903 880 1074 
2694 994 1011 1002 1092 
2695 459 1024 462 1047 
2696 471 1025 473 1062 
2697 757 727 740 1023 
2698 812 955 692 997 
2699 281 775 1052 1091 
2700 746 1081 985 1103 
2701 283 649 1108 1122 
2702 750 987 744 1081 
2703 735 978 1068 1103 
2704 661 809 999 1033 
2705 312 1038 313 1113 
2706 930 1005 366 1079 
2707 193 194 526 1056 
2708 594 180 1001 1012 
2709 272 1031 995 1088 
2710 281 280 775 1091 
2711 791 174 187 522 
2712 918 991 928 1057 
2713 457 772 1041 1115 
2714 316 1015 991 1073 
2715 466 1071 1010 1105 
2716 130 248 1008 1034 
2717 1002 1092 1011 1121 
2718 246 998 547 1051 
2719 762 724 767 1064 
2720 646 573 419 1044 
2721 890 1012 1014 1055 
2722 890 1014 944 1055 
2723 996 1043 182 1127 
2724 528 186 269 1114 
2725 975 933 370 1001 
2726 309 985 746 1072 
2727 1021 1039 190 1058 
2728 677 807 687 999 
2729 1004 1005 614 1095 
2730 886 891 884 1087 
2731 773 458 781 1025 
2732 309 277 989 1072 
2733 623 1004 636 1042 
2734 471 486 449 1008 
2735 380 383 1024 1044 
2736 64 1034 65 1125 
2737 312 715 274 1067 
2738 822 825 815 1034 
2739 283 649 650 1108 
2740 208 837 575 999 
2741 573 640 535 1044 
2742 645 616 637 1042 
2743 453 462 1024 1036 
2744 701 720 284 949 
2745 317 925 935 916 
2746 669 1033 667 1078 
2747 597 993 175 1074 
2748 458 1025 773 1119 
2749 668 1017 1019 1078 
2750 592 1050 1074 1086 
2751 194 987 532 1066 
2752 994 176 1040 1074 
2753 809 802 999 1033 
2754 995 1031 272 1115 
2755 577 637 616 1042 
2756 980 1054 989 1072 
2757 918 940 926 1043 
2758 866 933 923 1001 
2759 926 367 951 1000 
2760 149 675 910 1046 
2761 471 496 473 1025 
2762 850 861 838 999 
2763 478 455 276 1035 
2764 990 1054 1035 1072 
2765 483 1018 398 1071 
2766 976 1000 926 1043 
2767 543 859 998 1049 
2768 541 1032 374 1044 
2769 707 306 1058 1120 
2770 995 1038 195 1069 
2771 207 800 208 999 
2772 810 809 693 1126 
2773 905 1030 938 1050 
2774 373 396 464 1009 
2775 504 664 681 507 
2776 615 186 623 1004 
2777 307 758 725 1027 
2778 919 895 1011 1121 
2779 399 1018 1003 1112 
2780 406 385 1008 1062 
2781 943 992 891 1059 
2782 882 960 359 1055 
2783 395 1020 1010 1112 
2784 666 687 207 999 
2785 888 1023 1002 1087 
2786 783 493 773 1119 
2787 305 988 306 1058 
2788 694 565 246 998 
2789 368 367 972 1096 
2790 387 538 403 1076 
2791 304 752 727 994 
2792 406 470 1062 1125 
2793 668 1017 685 1019 
2794 467 1022 466 1085 
2795 304 1040 705 1122 
2796 671 1037 696 1049 
2797 825 1034 822 1037 
2798 579 596 1014 1086 
2799 1018 1076 1003 1094 
2800 979 1076 1018 1094 
2801 932 943 891 1059 
2802 317 316 991 1060 
2803 707 281 306 1120 
2804 574 199 572 1048 
2805 384 1024 383 1036 
2806 756 743 742 984 
2807 314 271 709 1088 
2808 709 313 1088 1113 
2809 397 421 394 1009 
2810 402 412 376 1003 
2811 954 872 940 1043 
2812 667 999 658 1017 
2813 305 1058 1040 1116 
2814 130 1034 1008 1125 
2815 998 1008 247 1034 
2816 844 835 843 1049 
2817 985 989 1054 1072 
2818 940 898 954 996 
2819 742 1107 723 1123 
2820 547 998 563 1051 
2821 283 304 705 1122 
2822 985 1054 990 1072 
2823 154 1098 1030 1104 
2824 844 1049 830 1053 
2825 696 657 1049 1053 
2826 684 823 693 1033 
2827 618 222 660 997 
2828 996 1006 984 1057 
2829 64 998 835 1034 
2830 945 896 903 1011 
2831 793 498 653 655 
2832 317 699 268 1060 
2833 462 481 488 1036 
2834 631 625 635 1024 
2835 738 752 760 929 
2836 367 976 972 1043 
2837 635 624 630 1047 
2838 735 741 740 1023 
2839 501 452 494 1016 
2840 820 689 672 1037 
2841 735 1068 751 1103 
2842 617 840 221 997 
2843 399 1018 391 1076 
2844 770 1031 1041 1115 
2845 778 780 789 1047 
2846 315 1015 316 1073 
2847 482 248 655 1029 
2848 897 1013 284 1108 
2849 1003 1018 399 1076 
2850 272 1088 995 1113 
2851 868 926 60 367 
2852 1009 1025 473 1085 
2853 743 984 756 1015 
2854 247 651 769 652 
2855 707 306 280 1058 
2856 180 1001 992 1080 
2857 482 793 460 1029 
2858 277 308 309 989 
2859 594 603 369 370 
2860 984 1065 1006 1066 
2861 778 463 780 1047 
2862 308 307 725 1027 
2863 394 1020 395 1090 
2864 984 1006 996 1066 
2865 475 1016 501 1109 
2866 780 457 772 1041 
2867 303 752 304 1013 
2868 645 441 447 1042 
2869 716 310 275 1072 
2870 928 916 925 991 
2871 592 1011 596 1086 
2872 905 993 1030 1050 
2873 888 893 911 1023 
2874 402 412 1003 1112 
2875 725 308 1027 1103 
2876 980 1022 1010 1105 
2877 705 1040 282 1122 
2878 608 612 680 1046 
2879 632 636 623 1004 
2880 271 272 709 1088 
2881 978 1023 1002 1092 
2882 603 370 594 1001 
2883 411 1010 395 1020 
2884 745 746 309 985 
2885 1016 1070 392 1106 
2886 658 667 666 999 
2887 719 279 307 1039 
2888 904 993 905 1050 
2889 670 678 694 1049 
2890 460 472 496 1029 
2891 919 1014 1011 1086 
2892 806 208 800 999 
2893 994 1040 1013 1074 
2894 184 1000 991 1095 
2895 672 662 1034 1037 
2896 731 985 746 1081 
2897 305 757 988 1116 
2898 129 828 1034 1125 
2899 411 395 394 1020 
2900 828 815 129 1034 
2901 1021 1102 1052 1120 
2902 574 622 199 1048 
2903 912 1004 913 1042 
2904 467 493 1022 1085 
2905 181 1001 996 1127 
2906 380 382 383 1044 
2907 645 626 441 1042 
2908 747 1081 746 1103 
2909 193 990 194 1056 
2910 454 396 379 1009 
2911 248 1008 247 1029 
2912 871 1007 1068 1087 
2913 944 1014 917 1055 
2914 748 1023 728 1068 
2915 866 923 890 1012 
2916 566 830 849 1049 
2917 980 1003 1054 1094 
2918 184 991 1060 1095 
2919 404 1032 564 1075 
2920 453 485 384 1024 
2921 975 969 872 1127 
2922 569 676 658 1017 
2923 679 618 660 1046 
2924 827 823 814 1126 
2925 914 1004 934 1118 
2926 373 421 396 1009 
2927 394 416 397 1026 
2928 813 798 804 997 
2929 849 859 566 1049 
2930 857 1034 828 1125 
2931 770 272 1031 1115 
2932 384 405 410 1036 
2933 668 669 667 1078 
2934 465 466 451 1010 
2935 488 492 463 1041 
2936 268 186 1060 1118 
2937 809 1033 693 1126 
2938 280 1039 1021 1058 
2939 657 678 696 1049 
2940 193 194 990 1094 
2941 533 183 196 1015 
2942 752 303 760 869 
2943 697 510 154 1098 
2944 556 375 393 1026 
2945 942 893 908 1023 
2946 522 647 791 649 
2947 479 401 1010 1071 
2948 992 1007 977 1059 
2949 988 1027 978 1103 
2950 696 1019 685 1053 
2951 983 1029 1025 1091 
2952 565 694 549 1049 
2953 392 1016 414 1070 
2954 667 661 677 999 
2955 977 1059 996 1080 
2956 809 803 802 1033 
2957 827 799 810 1126 
2958 399 422 412 1003 
2959 384 383 405 1036 
2960 661 999 667 1033 
2961 748 740 1023 1068 
2962 192 1054 989 1089 
2963 385 1008 64 1125 
2964 782 1028 456 1077 
2965 934 1004 874 1118 
2966 835 845 1034 1037 
2967 936 1057 867 1099 
2968 475 1077 1028 1109 
2969 952 931 892 997 
2970 659 1019 818 1078 
2971 591 1030 155 1098 
2972 488 1041 463 1047 
2973 591 1098 245 1104 
2974 284 897 303 1013 
2975 280 279 1021 1039 
2976 525 191 192 1027 
2977 61 933 866 370 
2978 1002 1023 994 1092 
2979 624 638 630 1048 
2980 416 386 1026 1117 
2981 592 1074 1011 1086 
2982 324 908 764 1068 
2983 324 728 908 1068 
2984 471 473 497 1062 
2985 848 841 861 1033 
2986 808 221 804 997 
2987 733 767 724 1063 
2988 979 1069 1045 1094 
2989 437 1005 427 1079 
2990 977 1061 985 1063 
2991 192 989 191 1089 
2992 197 1031 198 1124 
2993 994 1040 176 1116 
2994 183 1015 984 1038 
2995 979 1045 1076 1094 
2996 991 184 1060 1073 
2997 312 273 715 1067 
2998 736 742 1065 1107 
2999 871 908 885 1023 
3000 975 370 971 1127 
3001 458 500 1025 1085 
3002 546 559 540 1003 
3003 647 648 187 1110 
3004 368 972 580 1096 
3005 604 1005 427 1096 
3006 993 1013 175 1074 
3007 903 896 911 994 
3008 928 867 936 1057 
3009 406 1008 385 1125 
3010 456 782 474 1028 
3011 454 1009 379 1062 
3012 63 998 381 1051 
3013 473 497 1009 1085 
3014 391 399 371 1018 
3015 547 246 565 998 
3016 541 408 571 1044 
3017 439 873 938 1050 
3018 543 63 563 998 
3019 247 1008 248 1034 
3020 591 245 993 1104 
3021 768 1047 774 1048 
3022 576 666 207 999 
3023 561 197 551 1032 
3024 466 1010 465 1085 
3025 399 1071 1018 1112 
3026 1002 895 1012 1121 
3027 422 403 1003 1076 
3028 497 1009 454 1062 
3029 736 742 984 1065 
3030 191 989 192 1027 
3031 617 221 578 997 
3032 979 1067 1035 1077 
3033 816 823 684 1078 
3034 383 409 405 1036 
3035 681 948 504 507 
3036 825 672 1034 1037 
3037 629 790 199 1114 
3038 408 541 374 1044 
3039 733 1063 751 1068 
3040 536 208 575 999 
3041 993 1013 880 1108 
3042 851 850 837 999 
3043 462 459 461 1024 
3044 623 1004 186 1118 
3045 959 443 430 1055 
3046 596 1014 1011 1121 
3047 454 497 464 1009 
3048 614 613 1005 1042 
3049 979 1045 1016 1076 
3050 839 865 864 1019 
3051 977 996 1066 1080 
3052 1004 1005 913 1042 
3053 196 533 1015 1088 
3054 765 764 331 1007 
3055 814 799 827 1126 
3056 183 984 1015 1083 
3057 580 1043 1000 1096 
3058 864 844 830 1053 
3059 791 174 522 649 
3060 988 307 1058 1100 
3061 675 664 680 149 
3062 770 272 271 1031 
3063 870 1014 919 1086 
3064 187 791 647 1110 
3065 388 1045 387 1076 
3066 415 499 642 1024 
3067 825 691 829 1034 
3068 1021 1039 279 1119 
3069 276 275 478 1035 
3070 197 1031 551 1032 
3071 764 1007 767 1068 
3072 927 697 510 154 
3073 281 1052 1110 1120 
3074 449 496 471 1029 
3075 1040 1058 305 1120 
3076 687 800 207 999 
3077 197 196 1084 1088 
3078 919 870 944 1014 
3079 870 428 917 1014 
3080 504 506 510 1098 
3081 568 544 1017 1053 
3082 618 578 222 997 
3083 639 625 631 1044 
3084 663 697 244 1098 
3085 1003 1076 538 1094 
3086 467 468 466 1022 
3087 911 896 888 994 
3088 470 486 471 1062 
3089 633 495 643 1047 
3090 666 677 687 999 
3091 381 385 386 1051 
3092 282 705 304 1040 
3093 668 676 685 1017 
3094 405 417 1070 1106 
3095 852 804 221 997 
3096 612 578 618 1046 
3097 916 928 918 991 
3098 992 978 1007 1087 
3099 690 816 684 1078 
3100 1001 1043 996 1127 
3101 790 629 186 1118 
3102 897 880 1013 1108 
3103 281 704 305 1040 
3104 449 248 482 1029 
3105 660 997 674 1046 
3106 651 793 655 1029 
3107 1035 1077 476 1109 
3108 740 735 1023 1068 
3109 599 436 600 1050 
3110 913 912 874 1004 
3111 713 277 308 309 
3112 715 312 274 311 
3113 953 445 644 1042 
3114 896 895 888 1002 
3115 414 392 413 1016 
3116 981 1031 995 1115 
3117 691 248 829 1034 
3118 481 491 488 1041 
3119 175 1013 993 1122 
3120 490 493 783 1022 
3121 995 1031 981 1084 
3122 835 845 857 1034 
3123 179 992 1012 1101 
3124 824 821 848 1033 
3125 466 469 1071 1105 
3126 481 1036 453 1070 
3127 621 207 800 208 
3128 890 944 917 1055 
3129 1039 1058 307 1100 
3130 644 445 626 1042 
3131 1051 1052 983 1102 
3132 405 1070 1036 1106 
3133 65 64 835 1034 
3134 969 1043 872 1127 
3135 1022 1097 468 1105 
3136 277 309 714 1072 
3137 465 1009 497 1085 
3138 897 869 303 1013 
3139 851 806 802 999 
3140 405 1036 409 1106 
3141 594 179 180 1012 
3142 952 863 931 997 
3143 800 621 208 806 
3144 759 987 726 1065 
3145 765 331 883 1007 
3146 1063 1064 747 1081 
3147 282 704 281 1040 
3148 1064 1065 739 1081 
3149 655 653 793 651 
3150 825 829 815 1034 
3151 483 489 450 1018 
3152 570 831 846 1017 
3153 775 769 1052 1091 
3154 782 456 796 1077 
3155 868 62 902 366 
3156 64 843 835 998 
3157 479 451 466 1010 
3158 931 832 876 997 
3159 186 268 790 1118 
3160 64 381 63 998 
3161 995 1067 1028 1113 
3162 561 541 572 1044 
3163 130 449 486 1008 
3164 221 222 578 997 
3165 399 1003 412 1112 
3166 208 621 801 806 
3167 614 186 615 1004 
3168 313 314 709 1088 
3169 801 221 222 621 
3170 595 973 970 972 
3171 543 566 859 1049 
3172 580 972 605 1127 
3173 813 804 863 997 
3174 409 383 374 1032 
3175 179 180 992 1061 
3176 877 1005 442 1042 
3177 178 1101 179 1121 
3178 888 885 1023 1087 
3179 490 467 493 1022 
3180 642 499 461 1024 
3181 387 1045 552 1076 
3182 558 546 540 1003 
3183 682 504 510 1098 
3184 753 729 749 1099 
3185 556 393 539 1026 
3186 790 269 268 186 
3187 548 555 1021 1026 
3188 465 451 464 1009 
3189 197 1084 1031 1088 
3190 401 400 1010 1071 
3191 639 646 419 1044 
3192 452 1016 501 1070 
3193 887 1059 1006 1093 
3194 305 757 306 988 
3195 383 408 374 1044 
3196 466 479 1010 1071 
3197 488 463 462 1047 
3198 195 196 995 1084 
3199 913 914 915 1004 
3200 782 1028 273 1115 
3201 181 996 1001 1080 
3202 639 640 646 1044 
3203 453 462 485 1024 
3204 314 743 756 1015 
3205 198 572 199 1048 
3206 306 305 1058 1120 
3207 1035 1105 1018 1109 
3208 154 160 161 1030 
3209 544 676 1017 1053 
3210 541 564 404 1032 
3211 980 989 1054 1089 
3212 187 647 522 648 
3213 768 774 784 1048 
3214 388 387 390 1076 
3215 1016 1028 979 1109 
3216 538 1003 403 1076 
3217 686 504 682 1098 
3218 694 246 670 998 
3219 316 991 1060 1073 
3220 994 1092 988 1116 
3221 591 1030 1098 1104 
3222 632 874 1004 1118 
3223 195 995 1069 1084 
3224 782 274 1028 1077 
3225 208 536 207 999 
3226 829 248 130 1034 
3227 489 450 1018 1109 
3228 592 599 1050 1086 
3229 548 555 189 1021 
3230 981 1075 1045 1084 
3231 866 937 364 359 
3232 970 605 580 972 
3233 895 896 919 1011 
3234 196 195 995 1038 
3235 271 1031 272 1088 
3236 481 453 480 1070 
3237 400 1010 1071 1112 
3238 995 1028 981 1115 
3239 491 457 488 1041 
3240 900 889 1099 1123 
3241 991 1015 184 1073 
3242 807 809 802 999 
3243 177 1011 1092 1121 
3244 903 904 945 1074 
3245 683 660 222 997 
3246 570 846 568 1017 
3247 1018 1105 489 1109 
3248 995 1113 1028 1115 
3249 604 613 427 1005 
3250 780 770 789 1041 
3251 487 1105 1035 1109 
3252 839 846 831 1017 
3253 175 530 176 1040 
3254 955 892 922 997 
3255 1005 1079 365 1096 
3256 314 1015 315 1124 
3257 179 1101 1012 1121 
3258 906 1050 873 1086 
3259 995 272 1113 1115 
3260 924 675 149 507 
3261 809 803 1033 1126 
3262 659 695 1019 1078 
3263 1020 1089 545 1090 
3264 546 192 559 1054 
3265 941 873 434 1086 
3266 591 245 174 993 
3267 485 499 415 1024 
3268 388 390 391 1076 
3269 490 1022 783 1097 
3270 874 934 914 1004 
3271 536 576 207 999 
3272 977 1063 985 1081 
3273 1005 1095 1000 1096 
3274 626 445 441 1042 
3275 582 1030 597 1050 
3276 687 807 800 999 
3277 455 276 1035 1097 
3278 1018 1076 979 1109 
3279 453 481 462 1036 
3280 283 284 1013 1108 
3281 549 678 567 1049 
3282 257 688 620 805 
3283 726 987 759 1038 
3284 934 874 641 1118 
3285 825 672 691 1034 
3286 580 1043 972 1127 
3287 1003 1018 980 1112 
3288 457 492 488 1041 
3289 185 184 534 1073 
3290 399 391 390 1076 
3291 273 1028 1067 1113 
3292 781 771 1025 1091 
3293 495 792 643 1047 
3294 817 845 854 1037 
3295 897 903 869 1013 
3296 747 734 1063 1103 
3297 438 439 1030 1050 
3298 63 381 418 1051 
3299 726 987 750 1065 
3300 1002 1012 992 1101 
3301 642 461 634 1024 
3302 668 1019 695 1078 
3303 1006 977 1065 1107 
3304 955 922 692 997 
3305 405 417 377 1070 
3306 978 1002 1023 1087 
3307 1006 1057 889 1099 
3308 785 775 769 1052 
3309 433 616 447 1042 
3310 887 932 898 1059 
3311 378 1020 557 1090 
3312 439 1030 938 1111 
3313 129 65 828 1125 
3314 456 474 475 1028 
3315 888 1002 886 1087 
3316 175 597 174 993 
3317 376 422 403 1003 
3318 915 918 951 1000 
3319 944 870 917 1014 
3320 467 500 493 1085 
3321 187 648 1052 1110 
3322 852 221 840 997 
3323 548 1026 1021 1102 
3324 983 1052 1029 1091 
3325 975 1001 370 1127 
3326 851 802 850 999 
3327 395 1010 411 1112 
3328 187 648 246 1052 
3329 917 443 882 1055 
3330 771 773 1025 1119 
3331 456 1028 475 1077 
3332 622 640 631 1044 
3333 902 930 868 366 
3334 1010 1020 980 1112 
3335 909 910 675 1046 
3336 550 1049 567 1053 
3337 551 1032 1031 1084 
3338 662 691 672 1034 
3339 977 1065 1064 1081 
3340 977 1006 1093 1107 
3341 645 637 626 1042 
3342 196 527 195 1038 
3343 859 63 543 998 
3344 1000 1043 183 1083 
3345 273 274 715 1067 
3346 984 996 1057 1083 
3347 664 682 686 504 
3348 837 850 838 999 
3349 922 997 876 1046 
3350 283 1108 1013 1122 
3351 222 808 221 801 
3352 597 588 1050 1074 
3353 495 778 792 1047 
3354 270 314 315 1124 
3355 926 872 976 1043 
3356 473 465 497 1085 
3357 973 595 368 972 
3358 579 592 596 1086 
3359 194 1069 990 1094 
3360 495 633 459 1047 
3361 276 716 275 1072 
3362 643 792 624 1047 
3363 406 386 385 1062 
3364 550 830 1049 1053 
3365 899 918 928 1057 
3366 573 571 419 1044 
3367 324 722 728 1068 
3368 977 1056 985 1061 
3369 788 1029 769 1091 
3370 877 442 921 1042 
3371 849 843 859 1049 
3372 781 771 773 1025 
3373 673 685 696 1019 
3374 693 809 661 1033 
3375 193 990 1054 1094 
3376 797 490 783 1097 
3377 969 976 872 1043 
3378 175 993 174 1122 
3379 890 895 944 1012 
3380 742 743 736 984 
3381 273 1028 1113 1115 
3382 415 642 380 1024 
3383 753 317 316 991 
3384 782 796 274 1077 
3385 411 1010 400 1112 
3386 183 1000 580 1043 
3387 417 392 1070 1106 
3388 604 437 587 365 
3389 399 398 371 1018 
3390 196 995 1084 1088 
3391 207 805 222 621 
3392 314 1088 1015 1124 
3393 842 865 833 1019 
3394 501 1016 477 1109 
3395 496 472 473 1025 
3396 314 1038 1015 1088 
3397 306 281 305 1120 
3398 737 753 749 1099 
3399 679 680 612 1046 
3400 1021 1025 982 1119 
3401 670 671 678 1049 
3402 871 1007 764 1068 
3403 1006 1099 889 1123 
3404 537 1069 1045 1084 
3405 815 130 129 1034 
3406 304 283 1013 1122 
3407 736 984 743 1065 
3408 182 996 181 1066 
3409 569 544 676 1017 
3410 314 708 271 1088 
3411 65 1034 857 1125 
3412 377 414 452 1070 
3413 152 1046 151 1082 
3414 549 694 678 1049 
3415 749 729 742 1099 
3416 304 1013 1040 1122 
3417 684 1033 669 1078 
3418 1102 1110 1052 1120 
3419 1018 1035 980 1105 
3420 196 183 527 1038 
3421 774 768 789 1047 
3422 455 276 140 478 
3423 423 440 1014 1055 
3424 487 1035 478 1077 
3425 750 726 744 987 
3426 987 977 1065 1066 
3427 540 557 378 1020 
3428 977 1061 992 1080 
3429 764 762 767 1007 
3430 941 906 873 1086 
3431 591 993 1030 1104 
3432 404 374 541 1032 
3433 834 850 340 803 
3434 363 62 868 366 
3435 921 442 424 1042 
3436 688 257 620 687 
3437 1064 1065 977 1107 
3438 543 563 547 998 
3439 440 917 428 1014 
3440 682 664 681 504 
3441 662 247 248 1034 
3442 566 550 830 1049 
3443 977 1093 1064 1107 
3444 979 1035 1018 1109 
3445 458 500 473 1025 
3446 554 1045 537 1069 
3447 426 873 1050 1086 
3448 192 525 1027 1101 
3449 573 535 571 1044 
3450 130 1008 486 1125 
3451 1031 1084 995 1088 
3452 978 1063 1007 1068 
3453 179 531 180 1061 
3454 1013 1108 993 1122 
3455 188 1102 189 1120 
3456 600 588 599 1050 
3457 748 728 740 1068 
3458 817 822 845 1037 
3459 991 1015 984 1083 
3460 484 491 481 1070 
3461 637 623 636 1042 
3462 946 786 934 641 
3463 404 409 374 1032 
3464 980 1010 1071 1105 
3465 276 277 714 1072 
3466 703 269 316 1073 
3467 748 740 727 1023 
3468 905 938 873 1050 
3469 951 918 926 1000 
3470 870 428 1014 1086 
3471 859 843 63 998 
3472 1007 1063 977 1064 
3473 981 1070 1016 1106 
3474 982 1039 1021 1119 
3475 483 489 1018 1071 
3476 854 845 842 1037 
3477 192 1027 985 1061 
3478 197 551 1031 1084 
3479 478 487 455 1035 
3480 1009 1010 982 1085 
3481 897 284 950 1108 
3482 411 401 400 1010 
3483 670 246 247 998 
3484 387 372 553 1045 
3485 478 1035 275 1077 
3486 477 501 494 1016 
3487 182 1043 996 1083 
3488 583 614 1005 1095 
3489 476 1035 487 1077 
3490 391 392 388 1016 
3491 375 1026 556 1117 
3492 782 273 772 1115 
3493 398 1018 399 1071 
3494 720 303 284 897 
3495 910 924 675 149 
3496 487 1035 476 1109 
3497 543 565 549 1049 
3498 304 283 303 1013 
3499 1010 1022 982 1085 
3500 189 1102 1021 1120 
3501 871 884 1007 1087 
3502 825 820 672 1037 
3503 245 244 993 1104 
3504 431 365 437 1079 
3505 982 1025 1009 1085 
3506 196 1038 995 1088 
3507 580 595 970 972 
3508 280 1058 1021 1120 
3509 304 283 702 303 
3510 268 699 317 316 
3511 856 832 840 997 
3512 917 1014 440 1055 
3513 316 729 753 991 
3514 276 310 716 1072 
3515 1021 1091 1052 1102 
3516 987 1065 977 1081 
3517 633 624 635 1047 
3518 401 411 373 1010 
3519 530 1040 175 1120 
3520 675 924 681 507 
3521 1018 1071 980 1112 
3522 387 388 372 1045 
3523 387 552 538 1076 
3524 614 185 1004 1095 
3525 282 305 704 1040 
3526 977 1007 1064 1093 
3527 1031 1032 981 1084 
3528 306 988 307 1058 
3529 399 400 1071 1112 
3530 762 1064 1007 1093 
3531 568 846 550 1053 
3532 992 978 1087 1101 
3533 483 88 371 450 
3534 897 880 903 1013 
3535 475 476 1077 1109 
3536 690 684 669 1078 
3537 980 1035 1097 1105 
3538 750 739 1064 1065 
3539 480 377 452 1070 
3540 740 728 722 1068 
3541 245 993 244 1108 
3542 586 1014 1012 1055 
3543 985 1056 193 1061 
3544 197 1015 533 1088 
3545 642 625 380 1024 
3546 681 948 507 157 
3547 195 1069 537 1084 
3548 276 1072 1035 1097 
3549 672 671 662 1037 
3550 606 160 155 1030 
3551 376 403 538 1003 
3552 678 671 696 1049 
3553 315 1015 1073 1124 
3554 402 540 378 1020 
3555 268 794 232 1118 
3556 953 424 445 1042 
3557 808 798 812 997 
3558 468 1022 490 1097 
3559 460 793 779 1029 
3560 989 1027 191 1100 
3561 880 905 904 993 
3562 746 985 745 1103 
3563 810 799 809 1126 
3564 908 871 764 1068 
3565 326 767 762 724 
3566 684 693 661 1033 
3567 632 641 874 1118 
3568 426 873 439 1050 
3569 531 193 180 1061 
3570 276 277 1072 1097 
3571 547 565 543 998 
3572 692 808 812 997 
3573 199 198 1048 1114 
3574 871 331 764 1007 
3575 487 489 1105 1109 
3576 361 926 872 976 
3577 145 779 781 472 
3578 491 475 474 1028 
3579 984 1057 991 1083 
3580 1018 1071 489 1105 
3581 830 550 846 1053 
3582 371 398 88 483 
3583 394 416 1026 1090 
3584 954 932 923 1001 
3585 472 458 473 1025 
3586 985 1056 977 1081 
3587 931 876 922 997 
3588 707 280 281 1120 
3589 191 178 524 1100 
3590 524 177 190 1100 
3591 805 207 800 621 
3592 475 501 477 1109 
3593 992 1087 1002 1101 
3594 192 179 525 1101 
3595 623 632 1004 1118 
3596 65 857 828 1125 
3597 795 284 283 1108 
3598 958 787 654 1108 
3599 130 129 1034 1125 
3600 378 395 1020 1090 
3601 554 1069 194 1094 
3602 887 1006 875 1093 
3603 933 61 975 370 
3604 674 997 922 1046 
3605 1021 1026 983 1102 
3606 655 482 15 248 
3607 977 992 1059 1080 
3608 665 909 910 675 
3609 920 890 923 1012 
3610 614 577 613 1042 
3611 768 624 792 1047 
3612 390 387 403 1076 
3613 188 1110 1102 1120 
3614 853 836 152 1082 
3615 629 776 790 1114 
3616 905 1030 993 1104 
3617 183 1043 182 1083 
3618 739 747 1064 1081 
3619 980 1097 1022 1105 
3620 468 467 490 1022 
3621 721 935 700 267 
3622 530 189 176 1120 
3623 530 175 188 1120 
3624 191 1089 989 1100 
3625 830 846 864 1053 
3626 476 487 478 1077 
3627 779 145 460 472 
3628 198 528 185 1114 
3629 312 274 311 1067 
3630 500 473 1025 1085 
3631 667 658 668 1017 
3632 538 558 376 1003 
3633 183 601 580 1000 
3634 313 1038 1088 1113 
3635 433 442 1005 1042 
3636 548 1021 189 1102 
3637 601 580 1000 1096 
3638 665 909 675 1046 
3639 835 844 845 1037 
3640 614 185 186 1004 
3641 613 577 616 1042 
3642 983 1025 1021 1091 
3643 188 175 529 1122 
3644 174 187 529 1122 
3645 181 194 532 1066 
3646 423 1014 598 1055 
3647 651 655 248 1029 
3648 274 275 1067 1077 
3649 222 808 683 997 
3650 192 191 559 1089 
3651 871 883 331 1007 
3652 528 199 186 1114 
3653 922 909 665 1046 
3654 397 379 1009 1062 
3655 457 137 772 474 
3656 195 987 1038 1066 
3657 1010 980 1071 1112 
3658 269 186 790 1114 
3659 873 906 904 1050 
3660 275 1035 276 1072 
3661 1018 980 1071 1105 
3662 160 446 425 1030 
3663 679 612 618 1046 
3664 574 572 535 1044 
3665 612 611 578 1046 
3666 729 315 756 1015 
3667 602 360 432 1055 
3668 245 1098 244 1104 
3669 706 270 315 1073 
3670 790 186 199 1114 
3671 195 554 537 1069 
3672 184 1060 185 1095 
3673 212 569 676 658 
3674 673 672 689 1037 
3675 978 1027 988 1092 
3676 433 1005 613 1042 
3677 96 6 606 24 
3678 313 1038 314 1088 
3679 182 996 1066 1083 
3680 652 240 785 648 
3681 808 804 221 801 
3682 908 893 885 1023 
3683 861 1033 834 1126 
3684 197 184 533 1015 
3685 771 279 773 1119 
3686 541 571 572 1044 
3687 503 505 509 610 
3688 185 1060 184 1073 
3689 579 1014 435 1086 
3690 196 1015 183 1038 
3691 788 769 775 1091 
3692 863 832 931 997 
3693 658 676 668 1017 
3694 507 924 681 157 
3695 977 1006 1059 1093 
3696 386 407 1051 1117 
3697 938 1030 905 1111 
3698 739 1065 750 1081 
3699 825 817 820 1037 
3700 726 759 313 1038 
3701 681 948 682 504 
3702 628 638 784 1048 
3703 592 1050 588 1074 
3704 470 420 502 1125 
3705 273 1028 274 1067 
3706 402 1020 395 1112 
3707 659 695 673 1019 
3708 674 922 665 1046 
3709 874 229 632 912 
3710 902 930 366 1079 
3711 979 990 1069 1094 
3712 747 1063 724 1064 
3713 63 843 64 998 
3714 191 525 178 1027 
3715 990 1067 979 1069 
3716 817 825 822 1037 
3717 588 597 175 1074 
3718 804 852 863 997 
3719 981 1041 1031 1115 
3720 84 454 464 396 
3721 977 987 1056 1066 
3722 379 396 397 1009 
3723 393 1026 416 1090 
3724 1028 1077 979 1109 
3725 747 746 734 1103 
3726 194 1056 987 1066 
3727 784 235 768 638 
3728 326 733 767 724 
3729 807 677 259 661 
3730 604 365 587 1096 
3731 413 392 391 1016 
3732 638 784 234 628 
3733 459 132 634 633 
3734 149 19 924 507 
3735 524 1092 177 1100 
3736 178 1092 524 1100 
3737 754 947 867 1099 
3738 628 199 622 1048 
3739 668 685 695 1019 
3740 897 720 49 949 
3741 995 1088 1038 1113 
3742 897 950 284 949 
3743 1012 1101 1002 1121 
3744 783 278 1022 1119 
3745 276 275 140 478 
3746 1002 978 1092 1101 
3747 890 917 882 1055 
3748 872 933 362 975 
3749 888 886 885 1087 
3750 435 423 440 1014 
3751 155 508 607 1098 
3752 832 863 852 997 
3753 532 182 181 1066 
3754 315 314 270 708 
3755 707 306 281 305 
3756 317 268 316 1060 
3757 591 993 597 1030 
3758 431 437 427 1079 
3759 596 1011 177 1121 
3760 390 422 399 1076 
3761 279 1039 278 1119 
3762 770 1041 772 1115 
3763 609 590 503 506 
3764 838 839 831 1017 
3765 526 1056 181 1080 
3766 1032 1036 981 1106 
3767 305 304 727 1040 
3768 1032 1075 981 1084 
3769 1040 175 1120 1122 
3770 508 506 590 1098 
3771 580 368 595 972 
3772 395 402 378 1020 
3773 377 392 414 1070 
3774 457 780 136 492 
3775 754 867 737 1099 
3776 415 384 485 1024 
3777 530 176 1040 1120 
3778 417 389 392 1106 
3779 562 1102 1051 1117 
3780 679 675 680 1046 
3781 325 764 767 1068 
3782 673 696 671 1037 
3783 636 632 229 912 
3784 857 65 835 1034 
3785 507 948 504 157 
3786 435 598 423 1014 
3787 605 181 182 1127 
3788 934 786 267 641 
3789 633 643 624 1047 
3790 466 469 479 1071 
3791 539 1026 393 1090 
3792 1021 983 1091 1102 
3793 188 529 1110 1122 
3794 187 1110 529 1122 
3795 459 462 463 1047 
3796 248 247 651 1029 
3797 586 178 179 1121 
3798 613 433 427 1005 
3799 176 177 592 1011 
3800 888 885 893 1023 
3801 207 620 800 687 
3802 560 1003 538 1094 
3803 378 394 395 1090 
3804 1027 1061 978 1103 
3805 583 614 613 1005 
3806 806 800 802 999 
3807 454 379 470 1062 
3808 926 940 872 1043 
3809 984 987 1065 1066 
3810 992 179 1061 1101 
3811 375 68 556 393 
3812 629 627 186 1118 
3813 586 1012 1014 1121 
3814 267 268 1060 1118 
3815 188 187 1102 1110 
3816 463 778 495 1047 
3817 282 1040 1110 1122 
3818 762 1007 765 1093 
3819 725 745 308 1103 
3820 969 972 1043 1127 
3821 315 1073 270 1124 
3822 780 772 770 1041 
3823 1052 1091 983 1102 
3824 314 313 759 1038 
3825 180 992 1061 1080 
3826 985 1061 1027 1103 
3827 590 506 609 1098 
3828 1028 274 1067 1077 
3829 782 772 137 474 
3830 977 1059 1007 1093 
3831 569 536 570 1017 
3832 452 501 484 1070 
3833 764 324 330 908 
3834 660 674 679 1046 
3835 836 152 611 589 
3836 830 844 849 1049 
3837 600 436 438 1050 
3838 586 179 1012 1121 
3839 485 461 499 1024 
3840 800 620 207 805 
3841 777 1052 648 1110 
3842 476 456 475 1077 
3843 764 722 324 1068 
3844 872 969 361 976 
3845 639 419 382 1044 
3846 977 1056 987 1081 
3847 416 393 375 1026 
3848 977 1064 1063 1081 
3849 161 154 1030 1104 
3850 801 222 805 621 
3851 525 178 1027 1101 
3852 282 1110 1040 1120 
3853 1040 1120 1110 1122 
3854 651 769 793 1029 
3855 309 746 310 1072 
3856 736 723 742 1107 
3857 692 922 674 997 
3858 156 927 948 510 
3859 889 1057 936 1099 
3860 359 364 866 370 
3861 546 1054 1003 1094 
3862 648 652 246 1052 
3863 155 506 508 1098 
3864 954 923 933 1001 
3865 976 60 926 367 
3866 873 98 439 938 
3867 634 461 132 459 
3868 829 130 815 1034 
3869 591 174 597 993 
3870 180 1056 526 1080 
3871 380 383 384 1024 
3872 904 905 873 1050 
3873 312 273 1067 1113 
3874 433 424 442 1042 
3875 479 86 451 401 
3876 603 594 180 1001 
3877 642 634 625 1024 
3878 396 464 85 373 
3879 469 489 1071 1105 
3880 534 184 197 1073 
3881 586 1012 594 1055 
3882 732 750 1064 1065 
3883 1007 978 1068 1087 
3884 888 895 886 1002 
3885 422 390 403 1076 
3886 440 443 917 1055 
3887 978 1027 1092 1101 
3888 181 1001 180 1080 
3889 129 65 2 828 
3890 634 635 625 1024 
3891 281 1040 305 1120 
3892 930 877 913 1005 
3893 978 992 1061 1101 
3894 464 451 85 373 
3895 190 1039 1089 1100 
3896 273 782 274 1028 
3897 240 777 785 648 
3898 396 421 397 1009 
3899 690 265 684 816 
3900 176 1011 592 1074 
3901 566 543 549 1049 
3902 821 818 819 1078 
3903 550 549 567 1049 
3904 895 890 920 1012 
3905 408 419 571 1044 
3906 781 788 771 1091 
3907 434 436 429 1086 
3908 74 387 372 553 
3909 950 787 958 1108 
3910 883 1007 1059 1093 
3911 392 377 417 1070 
3912 613 604 583 1005 
3913 1032 981 1075 1106 
3914 887 889 875 1006 
3915 373 451 86 401 
3916 460 449 482 1029 
3917 526 194 181 1056 
3918 948 681 924 157 
3919 245 663 244 1098 
3920 879 244 1104 1108 
3921 833 860 346 819 
3922 935 721 317 267 
3923 468 469 466 1105 
3924 582 600 438 1050 
3925 426 434 873 1086 
3926 1023 1068 978 1087 
3927 563 418 542 1051 
3928 605 182 1043 1127 
3929 435 1014 428 1086 
3930 619 208 801 806 
3931 1052 1102 187 1110 
3932 505 503 585 610 
3933 196 1015 1038 1088 
3934 306 758 307 988 
3935 832 852 840 997 
3936 479 483 87 1071 
3937 544 570 568 1017 
3938 975 362 872 969 
3939 267 934 641 1118 
3940 183 184 601 1000 
3941 977 1056 1061 1080 
3942 639 80 625 382 
3943 376 412 422 1003 
3944 790 627 629 1118 
3945 433 442 427 1005 
3946 497 465 464 1009 
3947 769 241 785 652 
3948 765 762 764 1007 
3949 76 404 541 564 
3950 830 205 566 849 
3951 808 692 683 997 
3952 802 340 850 803 
3953 897 950 880 1108 
3954 853 856 836 1082 
3955 404 1075 389 1106 
3956 697 682 927 510 
3957 372 404 75 1075 
3958 683 674 660 997 
3959 959 443 960 961 
3960 276 714 309 1072 
3961 269 706 315 1073 
3962 483 469 489 1071 
3963 805 620 207 222 
3964 247 246 652 1052 
3965 510 22 927 154 
3966 865 842 864 1019 
3967 647 791 239 648 
3968 659 818 690 1078 
3969 976 969 972 1043 
3970 977 1066 1056 1080 
3971 912 913 921 1042 
3972 874 914 913 1004 
3973 791 174 649 1122 
3974 438 1030 582 1050 
3975 683 692 674 997 
3976 1026 983 1102 1117 
3977 732 1065 1064 1107 
3978 892 931 922 997 
3979 1002 1087 978 1101 
3980 845 844 842 1037 
3981 769 779 793 1029 
3982 429 579 435 1086 
3983 619 801 855 806 
3984 398 399 400 1071 
3985 184 601 1000 1095 
3986 185 1060 1004 1095 
3987 871 884 883 1007 
3988 781 144 472 458 
3989 401 479 87 1071 
3990 883 765 1007 1093 
3991 404 564 75 1075 
3992 621 800 801 806 
3993 735 733 751 1068 
3994 265 684 816 823 
3995 467 466 465 1085 
3996 984 1038 987 1066 
3997 879 1104 993 1108 
3998 1021 1058 189 1120 
3999 606 155 591 1030 
4000 592 599 588 1050 
4001 376 71 402 558 
4002 624 768 235 638 
4003 468 1097 455 1105 
4004 628 199 1048 1114 
4005 848 824 1033 1126 
4006 386 407 381 1051 
4007 579 599 592 1086 
4008 953 228 912 644 
4009 555 1026 539 1090 
4010 726 312 744 987 
4011 20 151 150 956 
4012 196 197 533 1088 
4013 984 1066 996 1083 
4014 458 773 143 493 
4015 144 781 773 458 
4016 366 868 363 367 
4017 677 258 687 807 
4018 268 627 790 1118 
4019 979 1077 1035 1109 
4020 181 1066 996 1080 
4021 482 449 15 248 
4022 190 1089 191 1100 
4023 438 426 439 1050 
4024 979 1028 1067 1077 
4025 130 15 449 248 
4026 1030 1104 905 1111 
4027 879 993 880 1108 
4028 837 202 575 831 
4029 580 605 1043 1127 
4030 820 689 262 672 
4031 620 688 38 222 
4032 68 556 393 539 
4033 960 443 882 961 
4034 181 1056 194 1066 
4035 470 83 379 454 
4036 921 424 953 1042 
4037 739 750 744 1081 
4038 395 411 400 1112 
4039 257 800 620 687 
4040 877 442 1005 1079 
4041 534 1073 197 1124 
4042 848 1033 861 1126 
4043 802 800 807 999 
4044 510 682 948 504 
4045 783 773 278 1119 
4046 922 876 909 1046 
4047 398 87 483 1071 
4048 636 644 626 1042 
4049 281 282 1040 1120 
4050 900 889 936 1099 
4051 193 1054 546 1094 
4052 970 972 969 1127 
4053 767 733 325 1068 
4054 844 843 849 1049 
4055 404 389 409 1106 
4056 707 281 288 305 
4057 270 299 315 708 
4058 736 743 759 1065 
4059 808 222 805 801 
4060 39 221 855 619 
4061 540 70 378 557 
4062 879 905 880 993 
4063 556 1026 548 1117 
4064 905 993 879 1104 
4065 553 552 387 1045 
4066 669 661 667 1033 
4067 191 1027 178 1100 
4068 553 1045 372 1075 
4069 569 544 212 676 
4070 433 447 441 1042 
4071 416 1026 375 1117 
4072 582 597 588 1050 
4073 416 375 386 1117 
4074 521 177 176 1116 
4075 252 665 909 910 
4076 620 800 257 805 
4077 430 360 959 1055 
4078 941 428 870 1086 
4079 461 485 462 1024 
4080 917 870 101 428 
4081 1031 1088 271 1124 
4082 564 1032 551 1075 
4083 441 445 424 1042 
4084 150 151 149 956 
4085 463 135 780 492 
4086 489 477 450 1109 
4087 278 277 783 1022 
4088 282 287 304 705 
4089 300 316 703 269 
4090 183 580 182 1043 
4091 567 210 657 678 
4092 380 625 80 382 
4093 875 1093 1006 1123 
4094 384 410 93 453 
4095 304 305 282 1040 
4096 571 77 408 541 
4097 1064 1093 766 1107 
4098 883 1059 887 1093 
4099 219 664 686 609 
4100 177 596 592 1011 
4101 831 203 570 846 
4102 401 87 398 1071 
4103 377 480 92 410 
4104 581 593 974 971 
4105 76 404 374 541 
4106 1051 1102 983 1117 
4107 666 667 677 999 
4108 521 189 190 1058 
4109 776 790 233 629 
4110 579 429 599 1086 
4111 423 598 432 1055 
4112 272 770 772 1115 
4113 875 1006 889 1123 
4114 306 741 758 988 
4115 657 685 676 1053 
4116 427 1005 442 1079 
4117 662 248 691 1034 
4118 780 778 135 463 
4119 454 84 379 396 
4120 801 805 800 621 
4121 878 244 879 1108 
4122 160 606 446 1030 
4123 522 33 187 648 
4124 241 769 651 652 
4125 601 1000 1095 1096 
4126 772 780 136 457 
4127 768 792 778 1047 
4128 672 673 671 1037 
4129 623 186 627 1118 
4130 452 90 494 414 
4131 410 480 92 453 
4132 600 582 588 1050 
4133 347 854 833 819 
4134 371 89 494 450 
4135 557 1020 545 1090 
4136 522 174 32 649 
4137 574 640 535 201 
4138 359 882 59 960 
4139 177 190 1100 1116 
4140 544 657 676 1053 
4141 218 608 680 664 
4142 725 758 735 1103 
4143 428 435 440 1014 
4144 725 735 751 1103 
4145 948 156 510 504 
4146 567 657 544 1053 
4147 544 569 570 1017 
4148 189 1058 521 1116 
4149 175 1040 1013 1122 
4150 791 649 283 1122 
4151 739 747 724 1064 
4152 584 591 155 1098 
4153 877 1005 930 1079 
4154 359 959 360 1055 
4155 139 478 275 1077 
4156 613 616 433 1042 
4157 685 673 695 1019 
4158 628 784 776 1048 
4159 823 1033 824 1126 
4160 402 70 378 540 
4161 556 539 548 1026 
4162 682 948 927 510 
4163 385 64 65 1125 
4164 496 449 460 1029 
4165 181 1056 1066 1080 
4166 623 615 34 186 
4167 648 33 187 246 
4168 550 566 549 1049 
4169 773 783 143 493 
4170 397 386 379 1062 
4171 470 406 420 1125 
4172 970 971 593 1127 
4173 418 407 542 1051 
4174 741 306 757 988 
4175 89 413 371 494 
4176 776 234 784 628 
4177 989 1089 1039 1100 
4178 559 545 1020 1089 
4179 188 187 562 1102 
4180 180 526 181 1080 
4181 542 562 1051 1117 
4182 394 393 416 1090 
4183 374 408 77 541 
4184 766 1064 762 1093 
4185 1027 1092 178 1100 
4186 598 602 432 1055 
4187 282 1110 791 1122 
4188 366 1079 1005 1096 
4189 794 627 232 1118 
4190 199 35 622 574 
4191 551 1075 1032 1084 
4192 762 766 327 1064 
4193 734 746 745 1103 
4194 269 315 316 1073 
4195 500 465 473 1085 
4196 906 870 919 1086 
4197 221 804 852 801 
4198 958 654 656 1108 
4199 193 526 180 1056 
4200 366 365 1079 1096 
4201 657 696 685 1053 
4202 322 754 947 867 
4203 180 1061 1056 1080 
4204 180 181 603 1001 
4205 637 577 214 615 
4206 203 568 570 846 
4207 542 562 547 1051 
4208 769 788 779 1029 
4209 189 521 176 1116 
4210 379 406 470 1062 
4211 382 408 383 1044 
4212 873 98 426 439 
4213 688 620 805 222 
4214 809 807 259 661 
4215 686 682 663 1098 
4216 631 640 639 1044 
4217 184 1015 197 1073 
4218 622 628 35 199 
4219 193 1056 180 1061 
4220 643 792 236 624 
4221 593 971 581 1127 
4222 399 412 400 1112 
4223 174 245 32 649 
4224 583 1005 604 1096 
4225 690 659 264 818 
4226 189 1058 1116 1120 
4227 659 689 263 820 
4228 554 194 560 1094 
4229 190 521 1058 1116 
4230 661 669 684 1033 
4231 796 139 275 1077 
4232 150 149 19 956 
4233 269 270 706 1073 
4234 628 776 233 629 
4235 148 585 608 589 
4236 315 300 706 269 
4237 305 287 282 704 
4238 593 970 605 580 
4239 487 468 455 1105 
4240 974 593 970 971 
4241 164 160 24 96 
4242 177 1100 1092 1116 
4243 415 380 384 1024 
4244 376 403 72 538 
4245 1025 1085 982 1119 
4246 547 187 33 246 
4247 626 637 636 1042 
4248 1045 1075 537 1084 
4249 575 208 36 837 
4250 993 1104 244 1108 
4251 548 539 555 1026 
4252 912 921 953 1042 
4253 293 276 714 309 
4254 294 717 275 311 
4255 828 65 2 857 
4256 288 306 707 305 
4257 314 315 299 708 
4258 72 376 538 558 
4259 90 413 494 414 
4260 907 879 244 1104 
4261 1027 178 1092 1101 
4262 896 945 919 1011 
4263 192 1027 1061 1101 
4264 182 580 605 1043 
4265 763 723 1107 1123 
4266 665 922 253 909 
4267 100 870 941 428 
4268 622 640 574 201 
4269 698 609 686 1098 
4270 581 971 603 1127 
4271 750 739 732 1064 
4272 195 182 532 1066 
4273 790 268 232 627 
4274 981 1036 1070 1106 
4275 485 384 93 453 
4276 736 1065 732 1107 
4277 540 545 557 1020 
4278 542 547 563 1051 
4279 679 665 675 1046 
4280 425 1030 439 1111 
4281 818 816 690 1078 
4282 798 808 804 997 
4283 408 382 419 1044 
4284 197 196 551 1084 
4285 636 912 228 644 
4286 60 363 868 367 
4287 220 686 698 609 
4288 558 538 546 1003 
4289 584 607 508 1098 
4290 602 598 594 1055 
4291 1026 1102 548 1117 
4292 970 593 595 580 
4293 751 733 734 1063 
4294 25 161 512 1111 
4295 325 722 764 1068 
4296 630 628 622 1048 
4297 598 435 579 1014 
4298 197 1073 1015 1124 
4299 720 49 303 897 
4300 691 15 829 248 
4301 936 889 899 1057 
4302 883 887 875 1093 
4303 69 378 557 1090 
4304 15 130 829 248 
4305 943 932 887 1059 
4306 152 836 21 589 
4307 935 47 700 267 
4308 982 1085 1022 1119 
4309 47 786 267 934 
4310 659 690 695 1078 
4311 566 550 205 830 
4312 947 939 900 1099 
4313 430 443 440 1055 
4314 817 348 854 845 
4315 69 393 378 1090 
4316 658 213 576 666 
4317 900 875 889 1123 
4318 628 1048 776 1114 
4319 545 540 559 1020 
4320 440 917 101 428 
4321 847 876 351 832 
4322 463 495 459 1047 
4323 541 551 564 1032 
4324 192 1061 179 1101 
4325 614 583 185 1095 
4326 181 603 1001 1127 
4327 42 907 879 244 
4328 821 346 860 819 
4329 755 320 728 942 
4330 882 59 937 359 
4331 190 1058 1100 1116 
4332 480 452 484 1070 
4333 454 470 471 1062 
4334 683 222 805 808 
4335 268 699 316 301 
4336 286 304 283 702 
4337 160 1030 425 1111 
4338 210 567 549 678 
4339 190 177 521 1116 
4340 456 782 138 474 
4341 430 432 360 1055 
4342 751 1063 734 1103 
4343 907 42 697 244 
4344 190 545 191 1089 
4345 1040 1116 1058 1120 
4346 599 436 126 600 
4347 197 1015 1088 1124 
4348 768 236 792 624 
4349 581 369 603 971 
4350 664 219 585 609 
4351 606 96 24 160 
4352 208 801 221 619 
4353 580 587 368 1096 
4354 541 561 551 1032 
4355 471 497 454 1062 
4356 567 211 544 657 
4357 737 754 322 867 
4358 871 885 884 1087 
4359 475 477 476 1109 
4360 724 747 734 1063 
4361 665 679 674 1046 
4362 674 922 253 665 
4363 178 1092 1101 1121 
4364 554 552 537 1045 
4365 613 117 604 427 
4366 2 129 502 1125 
4367 853 152 518 1082 
4368 177 524 178 1092 
4369 621 801 221 208 
4370 432 123 598 423 
4371 32 245 174 591 
4372 348 817 822 845 
4373 179 192 531 1061 
4374 1092 1100 988 1116 
4375 736 726 750 1065 
4376 786 47 946 934 
4377 160 425 511 1111 
4378 129 2 65 1125 
4379 439 425 438 1030 
4380 74 387 553 552 
4381 765 883 332 1093 
4382 83 379 406 470 
4383 629 790 232 627 
4384 826 344 858 1126 
4385 160 446 96 425 
4386 95 5 165 513 
4387 216 618 660 679 
4388 851 339 850 802 
4389 585 609 590 503 
4390 749 754 737 1099 
4391 276 309 310 1072 
4392 436 426 438 1050 
4393 222 805 688 683 
4394 594 586 179 1012 
4395 508 590 584 1098 
4396 434 428 941 1086 
4397 402 395 412 1112 
4398 37 207 576 666 
4399 188 548 189 1102 
4400 197 1088 1031 1124 
4401 899 928 936 1057 
4402 657 211 544 676 
4403 379 386 406 1062 
4404 148 610 585 589 
4405 756 315 314 1015 
4406 733 724 734 1063 
4407 848 861 834 1126 
4408 795 283 238 649 
4409 598 1014 586 1055 
4410 586 1014 596 1121 
4411 616 447 116 433 
4412 190 191 524 1100 
4413 858 344 848 1126 
4414 369 581 974 971 
4415 796 782 138 456 
4416 525 179 178 1101 
4417 605 593 603 1127 
4418 871 764 330 908 
4419 778 789 768 1047 
4420 62 967 902 366 
4421 207 37 687 666 
4422 874 230 934 641 
4423 876 931 351 832 
4424 851 36 208 837 
4425 654 787 284 1108 
4426 680 612 608 217 
4427 826 343 799 811 
4428 339 851 806 802 
4429 909 1046 876 1082 
4430 470 502 486 1125 
4431 988 1092 1027 1100 
4432 777 239 791 648 
4433 202 570 575 831 
4434 542 1051 407 1117 
4435 198 185 1073 1114 
4436 633 495 133 643 
4437 347 854 819 817 
4438 939 900 1099 1123 
4439 67 375 556 1117 
4440 644 114 626 445 
4441 749 742 730 1099 
4442 332 883 875 1093 
4443 885 886 884 1087 
4444 1002 1101 1092 1121 
4445 195 537 196 1084 
4446 958 656 878 1108 
4447 177 1092 178 1121 
4448 966 365 431 1079 
4449 894 162 25 161 
4450 558 71 402 540 
4451 736 759 726 1065 
4452 775 785 777 1052 
4453 535 572 571 1044 
4454 284 787 950 1108 
4455 244 878 656 1108 
4456 118 604 437 587 
4457 530 188 189 1120 
4458 258 800 687 807 
4459 553 372 75 1075 
4460 774 776 1048 1114 
4461 602 432 123 598 
4462 187 188 529 1110 
4463 446 438 425 1030 
4464 300 315 316 269 
4465 304 305 287 282 
4466 328 763 723 1107 
4467 941 870 906 1086 
4468 967 968 902 1079 
4469 615 214 637 623 
4470 252 665 910 675 
4471 534 197 198 1124 
4472 175 174 529 1122 
4473 565 547 33 246 
4474 418 381 407 1051 
4475 435 598 124 423 
4476 528 198 199 1114 
4477 878 879 880 1108 
4478 816 818 821 1078 
4479 947 730 939 1099 
4480 1093 1107 1006 1123 
4481 543 63 1 563 
4482 118 604 427 437 
4483 268 232 627 1118 
4484 596 586 579 1014 
4485 554 195 194 1069 
4486 887 883 943 1059 
4487 825 820 262 672 
4488 732 736 750 1065 
4489 364 937 59 359 
4490 160 161 1030 1111 
4491 364 61 866 370 
4492 988 1100 1058 1116 
4493 813 952 335 798 
4494 827 342 810 799 
4495 901 520 519 1082 
4496 553 75 564 1075 
4497 640 573 535 200 
4498 591 597 582 1030 
4499 606 96 160 446 
4500 668 695 669 1078 
4501 192 546 193 1054 
4502 456 476 478 1077 
4503 823 824 814 1126 
4504 342 827 814 799 
4505 569 213 576 658 
4506 818 264 690 816 
4507 446 582 438 1030 
4508 855 221 801 619 
4509 215 577 637 616 
4510 595 587 368 580 
4511 190 1058 1039 1100 
4512 2 502 420 1125 
4513 640 646 573 200 
4514 131 642 499 461 
4515 582 446 606 1030 
4516 441 626 114 445 
4517 754 730 947 1099 
4518 590 609 584 1098 
4519 917 102 882 443 
4520 693 260 809 810 
4521 42 656 244 878 
4522 438 600 127 436 
4523 420 502 82 470 
4524 560 546 1003 1094 
4525 901 909 876 1082 
4526 152 151 518 1082 
4527 645 215 637 616 
4528 585 608 218 664 
4529 938 905 881 1111 
4530 967 966 968 1079 
4531 511 96 425 160 
4532 406 385 420 1125 
4533 334 955 812 798 
4534 774 270 776 1114 
4535 343 799 814 826 
4536 522 647 33 648 
4537 762 327 724 1064 
4538 584 698 245 1098 
4539 763 329 723 1123 
4540 155 607 584 1098 
4541 642 380 81 415 
4542 245 244 650 1108 
4543 722 733 735 1068 
4544 366 365 966 1079 
4545 386 375 407 1117 
4546 955 334 892 798 
4547 894 161 25 1111 
4548 584 220 698 609 
4549 774 776 784 1048 
4550 591 584 245 1098 
4551 939 1099 730 1123 
4552 642 131 634 461 
4553 763 765 332 1093 
4554 429 579 125 435 
4555 487 476 489 1109 
4556 732 327 766 1064 
4557 698 245 32 584 
4558 605 970 593 1127 
4559 295 715 274 311 
4560 978 1061 1027 1101 
4561 277 713 292 309 
4562 586 594 598 1055 
4563 424 921 112 442 
4564 571 419 78 573 
4565 969 971 970 1127 
4566 568 550 544 1053 
4567 193 560 194 1094 
4568 459 633 495 133 
4569 763 332 875 1093 
4570 230 874 632 641 
4571 171 862 518 520 
4572 244 879 42 878 
4573 852 221 801 855 
4574 217 680 612 679 
4575 267 935 47 934 
4576 584 609 698 1098 
4577 290 719 291 712 
4578 711 297 718 296 
4579 867 947 936 1099 
4580 875 763 1093 1123 
4581 925 935 50 317 
4582 81 625 380 642 
4583 892 335 952 798 
4584 580 601 587 1096 
4585 198 185 534 1073 
4586 127 582 600 438 
4587 434 100 941 428 
4588 584 590 508 607 
4589 537 1045 553 1075 
4590 467 465 500 1085 
4591 429 435 428 1086 
4592 267 641 794 1118 
4593 404 372 389 1075 
4594 630 638 628 1048 
4595 740 722 735 1068 
4596 484 481 480 1070 
4597 25 512 881 1111 
4598 851 855 338 806 
4599 316 699 317 301 
4600 286 304 702 303 
4601 620 37 688 687 
4602 269 270 1073 1114 
4603 955 922 254 692 
4604 793 146 498 460 
4605 607 155 584 606 
4606 503 590 585 610 
4607 222 38 618 660 
4608 761 323 925 867 
4609 152 172 853 518 
4610 325 733 722 1068 
4611 626 115 645 441 
4612 67 556 542 1117 
4613 720 285 46 701 
4614 226 836 611 589 
4615 534 198 1073 1124 
4616 611 856 227 617 
4617 2 420 65 1125 
4618 281 1110 282 1120 
4619 623 627 632 1118 
4620 424 113 953 445 
4621 826 811 799 1126 
4622 921 877 112 442 
4623 559 191 545 1089 
4624 405 409 417 1106 
4625 447 645 115 441 
4626 328 766 763 1107 
4627 441 424 433 1042 
4628 901 862 520 1082 
4629 162 154 161 1104 
4630 407 375 67 1117 
4631 436 599 126 429 
4632 141 276 455 1097 
4633 587 437 11 365 
4634 483 479 469 1071 
4635 691 825 829 261 
4636 820 263 659 818 
4637 959 430 104 360 
4638 272 772 273 1115 
4639 563 63 1 418 
4640 275 716 294 310 
4641 716 276 293 310 
4642 694 565 33 246 
4643 957 512 513 1111 
4644 736 732 723 1107 
4645 583 1095 1005 1096 
4646 596 177 178 1121 
4647 763 766 1093 1107 
4648 1073 1114 270 1124 
4649 430 423 432 1055 
4650 732 1064 766 1107 
4651 393 69 539 1090 
4652 617 856 227 840 
4653 560 193 546 1094 
4654 431 427 442 1079 
4655 1 63 543 859 
4656 110 444 968 966 
4657 125 599 579 429 
4658 823 266 693 827 
4659 934 230 946 641 
4660 134 778 792 495 
4661 550 567 544 1053 
4662 39 617 840 221 
4663 519 520 518 1082 
4664 160 511 161 1111 
4665 546 538 560 1003 
4666 324 764 325 722 
4667 627 794 641 1118 
4668 6 96 606 446 
4669 894 1104 161 1111 
4670 315 706 299 270 
4671 281 288 305 704 
4672 826 824 344 1126 
4673 520 862 901 173 
4674 787 654 284 237 
4675 591 584 155 606 
4676 581 369 602 594 
4677 69 557 539 1090 
4678 763 766 762 1093 
4679 303 702 286 285 
4680 302 317 699 301 
4681 513 512 511 1111 
4682 31 862 520 173 
4683 309 293 276 310 
4684 311 275 294 310 
4685 721 50 935 317 
4686 489 476 477 1109 
4687 612 618 216 679 
4688 710 290 307 289 
4689 297 709 313 298 
4690 328 763 329 723 
4691 715 296 312 295 
4692 713 291 292 308 
4693 728 51 324 908 
4694 739 744 731 1081 
4695 716 293 294 310 
4696 869 303 49 897 
4697 427 613 117 433 
4698 958 878 950 1108 
4699 660 222 38 683 
4700 763 1107 1093 1123 
4701 330 324 51 908 
4702 141 455 490 1097 
4703 606 24 155 160 
4704 34 623 186 627 
4705 251 910 924 675 
4706 901 519 520 173 
4707 826 799 814 1126 
4708 37 620 207 687 
4709 795 650 284 1108 
4710 902 366 967 1079 
4711 747 731 746 1081 
4712 287 305 288 704 
4713 555 539 545 1090 
4714 162 161 894 1104 
4715 706 300 315 299 
4716 431 966 109 365 
4717 338 855 801 806 
4718 598 579 586 1014 
4719 593 581 603 1127 
4720 401 398 400 1071 
4721 553 537 552 1045 
4722 146 793 779 460 
4723 327 326 762 724 
4724 902 877 930 1079 
4725 564 551 553 1075 
4726 255 808 812 692 
4727 102 917 440 443 
4728 41 654 787 237 
4729 824 848 344 1126 
4730 272 711 718 1113 
4731 444 902 968 1079 
4732 141 797 276 1097 
4733 548 1102 562 1117 
4734 737 323 761 867 
4735 154 506 155 1098 
4736 646 79 639 419 
4737 96 511 425 95 
4738 566 206 859 849 
4739 320 51 728 908 
4740 275 274 796 1077 
4741 557 545 539 1090 
4742 858 803 811 1126 
4743 771 775 280 1091 
4744 341 811 858 803 
4745 222 688 38 683 
4746 908 728 320 942 
4747 711 273 718 1113 
4748 407 67 542 1117 
4749 226 21 836 589 
4750 273 1113 272 1115 
4751 508 503 590 506 
4752 778 134 463 495 
4753 176 588 175 1074 
4754 682 927 249 697 
4755 279 278 773 1119 
4756 693 684 266 823 
4757 856 836 611 226 
4758 221 852 39 855 
4759 840 852 39 221 
4760 198 1114 1073 1124 
4761 443 959 103 961 
4762 354 968 444 902 
4763 797 141 490 1097 
4764 493 783 142 490 
4765 155 24 606 163 
4766 721 700 48 302 
4767 301 316 703 300 
4768 286 304 287 705 
4769 245 32 584 591 
4770 730 754 947 321 
4771 209 549 694 678 
4772 542 563 66 418 
4773 78 408 419 571 
4774 924 250 681 948 
4775 184 583 601 1095 
4776 637 577 215 214 
4777 924 681 251 675 
4778 394 378 393 1090 
4779 443 7 102 961 
4780 434 429 428 1086 
4781 809 661 260 693 
4782 650 654 284 1108 
4783 957 166 513 512 
4784 283 791 238 649 
4785 853 836 172 152 
4786 579 598 124 435 
4787 468 487 469 1105 
4788 337 852 804 801 
4789 451 86 85 373 
4790 314 709 271 298 
4791 280 710 306 289 
4792 950 284 45 787 
4793 209 549 565 694 
4794 200 535 640 201 
4795 862 518 520 1082 
4796 583 601 1095 1096 
4797 848 834 858 1126 
4798 249 948 927 682 
4799 939 730 329 1123 
4800 938 957 448 1111 
4801 968 966 444 1079 
4802 236 768 235 624 
4803 312 715 295 311 
4804 308 292 713 309 
4805 94 415 485 499 
4806 487 489 469 1105 
4807 969 975 971 1127 
4808 894 25 881 1111 
4809 732 739 724 1064 
4810 745 751 734 1103 
4811 316 703 268 301 
4812 304 286 283 705 
4813 333 939 329 1123 
4814 275 139 140 478 
4815 437 11 118 587 
4816 566 206 543 859 
4817 254 922 674 692 
4818 935 700 47 721 
4819 181 605 603 1127 
4820 430 432 104 360 
4821 537 1075 551 1084 
4822 261 691 825 672 
4823 602 8 432 360 
4824 369 581 603 594 
4825 874 632 229 230 
4826 894 905 879 1104 
4827 586 596 178 1121 
4828 808 255 683 692 
4829 801 337 852 855 
4830 148 152 21 589 
4831 968 354 967 902 
4832 224 225 610 158 
4833 907 42 927 697 
4834 969 362 872 361 
4835 232 794 231 627 
4836 113 953 921 424 
4837 376 72 71 558 
4838 582 606 591 1030 
4839 809 799 803 1126 
4840 234 776 233 628 
4841 479 87 86 401 
4842 4 642 415 499 
4843 776 269 790 1114 
4844 791 282 777 1110 
4845 292 293 714 309 
4846 294 295 717 311 
4847 85 84 464 396 
4848 656 654 958 243 
4849 495 792 16 643 
4850 161 1104 1030 1111 
4851 176 592 588 1074 
4852 583 604 587 1096 
4853 303 284 702 285 
4854 302 317 267 699 
4855 404 76 75 564 
4856 353 960 882 961 
4857 957 97 938 448 
4858 761 925 50 317 
4859 431 109 437 365 
4860 690 669 695 1078 
4861 384 94 415 485 
4862 283 705 282 1122 
4863 542 548 562 1117 
4864 129 130 486 1125 
4865 939 730 947 321 
4866 70 69 378 557 
4867 834 803 858 1126 
4868 333 329 763 1123 
4869 367 365 366 1096 
4870 907 162 894 1104 
4871 250 681 948 682 
4872 878 880 950 1108 
4873 256 688 805 683 
4874 957 513 448 1111 
4875 423 430 440 1055 
4876 732 724 327 1064 
4877 92 91 480 377 
4878 128 446 582 438 
4879 87 88 398 483 
4880 134 135 778 463 
4881 128 446 606 582 
4882 542 556 548 1117 
4883 799 814 342 343 
4884 334 335 892 798 
4885 834 341 858 803 
4886 613 616 116 433 
4887 349 822 828 857 
4888 587 365 368 1096 
4889 297 272 711 718 
4890 712 290 719 279 
4891 766 328 732 1107 
4892 783 797 142 490 
4893 625 80 81 380 
4894 958 950 45 787 
4895 419 646 3 573 
4896 406 420 82 470 
4897 650 795 238 649 
4898 6 223 607 23 
4899 306 288 707 289 
4900 708 299 314 298 
4901 144 773 143 458 
4902 307 306 710 289 
4903 709 314 313 298 
4904 857 349 822 845 
4905 140 141 276 455 
4906 418 66 542 407 
4907 274 717 295 311 
4908 714 277 292 309 
4909 698 663 245 1098 
4910 346 347 833 819 
4911 633 459 132 133 
4912 858 811 826 1126 
4913 595 368 10 973 
4914 655 482 498 147 
4915 237 654 284 650 
4916 229 636 912 228 
4917 368 365 367 1096 
4918 763 762 765 1093 
4919 400 412 395 1112 
4920 145 146 779 460 
4921 653 242 793 651 
4922 223 224 590 159 
4923 336 863 804 852 
4924 805 256 683 808 
4925 810 693 44 827 
4926 760 303 49 869 
4927 382 639 79 419 
4928 847 856 853 1082 
4929 513 511 95 1111 
4930 278 291 719 712 
4931 296 718 711 273 
4932 439 938 448 1111 
4933 154 510 506 1098 
4934 739 731 747 1081 
4935 355 962 56 868 
4936 409 389 417 1106 
4937 862 518 853 171 
4938 858 54 826 811 
4939 14 645 447 616 
4940 284 285 720 701 
4941 302 721 700 267 
4942 136 137 772 457 
4943 958 656 243 878 
4944 948 156 504 157 
4945 120 107 106 970 
4946 644 953 13 445 
4947 239 777 240 648 
4948 962 902 56 868 
4949 730 723 329 1123 
4950 267 794 268 1118 
4951 663 698 686 1098 
4952 700 48 47 721 
4953 352 862 901 1082 
4954 611 227 856 226 
4955 95 511 425 1111 
4956 285 303 284 720 
4957 721 302 317 267 
4958 900 936 947 1099 
4959 511 165 95 164 
4960 131 634 461 132 
4961 340 850 339 802 
4962 242 769 793 651 
4963 83 84 379 454 
4964 408 78 77 571 
4965 202 575 36 837 
4966 556 67 68 375 
4967 587 601 583 1096 
4968 627 794 231 641 
4969 498 653 655 147 
4970 537 553 551 1075 
4971 870 100 101 428 
4972 93 94 384 485 
4973 718 273 312 1113 
4974 273 296 312 715 
4975 713 278 291 308 
4976 202 203 570 831 
4977 318 738 760 929 
4978 455 468 490 1097 
4979 569 212 213 658 
4980 307 279 290 710 
4981 253 252 665 909 
4982 350 863 931 952 
4983 353 102 7 961 
4984 929 760 318 869 
4985 797 277 276 1097 
4986 775 771 788 1091 
4987 650 656 654 1108 
4988 902 444 111 1079 
4989 403 73 72 538 
4990 92 93 410 453 
4991 627 641 632 1118 
4992 957 166 512 881 
4993 352 901 862 173 
4994 606 607 155 163 
4995 258 677 259 807 
4996 348 822 349 845 
4997 587 11 368 365 
4998 32 647 522 649 
4999 184 185 583 1095 
5000 576 213 37 666 
5001 34 214 615 623 
5002 328 723 732 1107 
5003 159 23 508 223 
5004 224 503 159 158 
5005 110 444 966 431 
5006 795 238 237 650 
5007 158 224 503 610 
5008 786 946 40 641 
5009 387 74 73 552 
5010 674 922 254 253 
5011 272 273 711 1113 
5012 43 812 955 692 
5013 549 209 210 678 
5014 144 145 781 472 
5015 105 9 369 602 
5016 280 306 707 289 
5017 271 708 314 298 
5018 133 495 16 643 
5019 60 926 361 976 
5020 351 931 350 832 
5021 372 75 74 553 
5022 550 204 205 830 
5023 907 894 879 1104 
5024 448 425 439 1111 
5025 211 212 544 676 
5026 684 265 266 823 
5027 499 4 642 131 
5028 512 957 881 1111 
5029 626 114 115 441 
5030 117 118 604 427 
5031 813 863 804 336 
5032 602 369 8 360 
5033 962 62 902 868 
5034 350 931 863 832 
5035 97 439 938 448 
5036 448 513 95 1111 
5037 312 718 296 273 
5038 719 291 278 308 
5039 393 69 68 539 
5040 126 127 600 436 
5041 902 111 877 1079 
5042 769 242 241 651 
5043 498 17 793 653 
5044 862 31 352 173 
5045 259 809 661 260 
5046 354 444 111 902 
5047 562 548 188 1102 
5048 261 825 262 672 
5049 645 14 215 616 
5050 374 77 76 541 
5051 239 791 647 649 
5052 606 24 6 163 
5053 419 3 78 573 
5054 88 89 371 450 
5055 452 91 90 414 
5056 112 113 921 424 
5057 811 858 54 341 
5058 266 44 693 827 
5059 81 4 642 415 
5060 646 3 79 419 
5061 5 957 513 448 
5062 598 123 124 423 
5063 279 290 719 307 
5064 352 847 862 1082 
5065 28 20 515 901 
5066 795 237 284 650 
5067 939 52 730 321 
5068 574 35 622 201 
5069 902 56 62 962 
5070 792 236 16 643 
5071 340 341 834 803 
5072 267 231 794 641 
5073 18 225 158 509 
5074 567 210 211 657 
5075 502 82 2 420 
5076 935 47 48 721 
5077 206 566 205 849 
5078 203 204 568 846 
5079 17 793 146 498 
5080 322 323 737 867 
5081 509 158 503 610 
5082 79 80 639 382 
5083 824 826 814 1126 
5084 103 430 959 443 
5085 342 810 44 827 
5086 230 40 946 641 
5087 48 50 935 721 
5088 518 862 853 1082 
5089 512 166 25 881 
5090 824 345 344 848 
5091 957 5 97 448 
5092 420 385 65 1125 
5093 602 432 8 123 
5094 53 813 952 335 
5095 282 791 283 1122 
5096 71 70 402 540 
5097 95 5 513 448 
5098 104 103 430 959 
5099 13 228 953 644 
5100 645 115 14 447 
5101 953 113 13 445 
5102 134 792 16 495 
5103 942 755 320 319 
5104 444 966 431 1079 
5105 107 120 119 595 
5106 54 826 344 858 
5107 718 312 313 1113 
5108 587 368 10 595 
5109 644 13 114 445 
5110 206 1 543 859 
5111 244 656 650 1108 
5112 573 646 3 200 
5113 235 784 234 638 
5114 54 343 826 811 
5115 116 14 447 616 
5116 799 811 803 1126 
5117 17 242 793 653 
5118 938 881 957 1111 
5119 939 875 900 1123 
5120 219 686 220 609 
5121 589 226 18 225 
5122 44 260 693 810 
5123 854 347 348 817 
5124 415 94 4 499 
5125 925 50 323 761 
5126 782 137 138 474 
5127 855 801 337 338 
5128 754 749 730 1099 
5129 216 217 612 679 
5130 109 11 437 365 
5131 955 812 43 334 
5132 329 52 730 939 
5133 66 67 542 407 
5134 250 948 249 682 
5135 322 947 754 321 
5136 118 11 108 587 
5137 119 107 595 973 
5138 515 956 28 901 
5139 780 135 136 492 
5140 331 332 765 883 
5141 251 250 681 924 
5142 82 83 406 470 
5143 249 927 42 697 
5144 255 683 256 808 
5145 53 813 863 952 
5146 219 585 218 664 
5147 257 800 687 258 
5148 563 1 66 418 
5149 966 109 110 431 
5150 366 966 967 1079 
5151 220 698 32 584 
5152 751 745 725 1103 
5153 265 690 264 816 
5154 518 172 853 171 
5155 537 551 196 1084 
5156 790 232 233 629 
5157 362 933 61 975 
5158 49 318 760 869 
5159 763 875 333 1123 
5160 231 786 40 641 
5161 877 111 442 1079 
5162 119 118 108 587 
5163 691 829 15 261 
5164 356 926 872 361 
5165 873 98 99 426 
5166 804 336 852 337 
5167 910 251 252 675 
5168 791 239 238 649 
5169 19 924 507 157 
5170 939 329 52 333 
5171 6 607 606 163 
5172 129 486 502 1125 
5173 590 503 224 610 
5174 95 425 448 1111 
5175 125 126 599 429 
5176 565 33 209 694 
5177 101 102 917 440 
5178 595 10 119 973 
5179 151 519 518 1082 
5180 805 257 688 256 
5181 593 120 106 970 
5182 172 836 21 152 
5183 106 9 121 974 
5184 444 442 111 1079 
5185 156 22 927 510 
5186 617 227 39 840 
5187 281 777 282 1110 
5188 269 776 270 1114 
5189 264 659 263 818 
5190 240 785 241 652 
5191 89 90 413 494 
5192 333 763 332 875 
5193 125 579 124 435 
5194 349 828 2 857 
5195 168 517 27 894 
5196 446 606 6 128 
5197 871 330 764 331 
5198 812 43 255 692 
5199 369 8 105 602 
5200 254 43 955 692 
5201 876 847 352 1082 
5202 38 618 660 216 
5203 352 901 876 1082 
5204 107 119 10 973 
5205 369 9 581 602 
5206 608 680 217 218 
5207 226 153 21 589 
5208 613 116 117 433 
5209 432 8 104 360 
5210 171 31 862 520 
5211 444 12 110 968 
5212 689 262 263 820 
5213 766 328 327 732 
5214 98 97 439 938 
5215 139 796 138 456 
5216 783 142 143 493 
5217 587 10 119 595 
5218 602 8 105 123 
5219 99 100 941 434 
5220 877 111 112 442 
5221 161 511 512 1111 
5222 368 108 11 587 
5223 767 325 733 326 
5224 46 720 701 949 
5225 653 498 17 147 
5226 738 318 319 929 
5227 148 21 153 589 
5228 443 103 7 961 
5229 231 267 786 641 
5230 155 508 23 607 
5231 581 121 9 974 
5232 720 46 49 949 
5233 590 503 159 224 
5234 122 121 9 581 
5235 926 57 60 361 
5236 106 121 120 593 
5237 333 875 939 1123 
5238 95 513 165 511 
5239 57 926 356 361 
5240 368 10 108 587 
5241 346 860 345 821 
5242 62 962 363 868 
5243 338 851 806 339 
5244 105 122 602 123 
5245 9 581 974 369 
5246 593 106 121 974 
5247 352 876 351 847 
5248 582 127 128 438 
5249 515 20 956 901 
5250 853 862 847 1082 
5251 590 508 607 223 
5252 362 356 872 361 
5253 356 362 872 357 
5254 226 589 18 153 
5255 607 23 155 163 
5256 654 958 41 787 
5257 948 924 170 157 
5258 350 53 863 952 
5259 933 61 58 357 
5260 863 813 53 336 
5261 148 153 18 589 
5262 509 225 158 610 
5263 61 933 362 357 
5264 15 482 655 147 
5265 607 508 23 223 
5266 444 431 442 1079 
5267 581 9 122 602 
5268 105 122 9 602 
5269 166 27 25 881 
5270 19 170 29 924 
5271 19 170 924 157 
5272 167 956 28 515 
5273 797 141 142 490 
5274 157 169 948 156 
5275 169 157 948 170 
5276 970 106 593 974 
5277 5 957 166 513 
5278 590 503 508 159 
5279 41 958 654 243 
5280 25 517 162 894 
5281 30 22 927 156 
5282 169 30 927 156 
5283 508 590 159 223 
5284 362 933 872 357 
5285 169 927 948 156 
5286 581 593 121 974 
5287 517 25 27 894 
5288 26 5 513 165 
5289 517 168 162 894 
5290 701 45 46 949 
5291 243 656 42 878 
5292 119 108 10 587 
5293 960 882 59 353 
5294 607 6 23 163 
5295 516 168 907 162 
5296 924 29 19 956 
5297 168 907 30 516 
5298 519 901 20 173 
5299 45 41 958 787 
5300 629 34 35 523 
5301 946 40 47 786 
5302 516 907 22 162 
5303 956 150 20 515 
5304 967 354 62 902 
5305 881 27 25 894 
5306 926 60 57 868 
5307 937 55 358 965 
5308 882 55 59 353 
5309 33 32 647 522 
5310 28 20 901 173 
5311 55 59 937 882 
5312 927 22 30 907 
5313 354 56 62 902 
5314 688 38 37 620 
5315 933 58 61 866 
5316 855 36 39 619 
5317 162 168 907 894 
5318 26 5 166 513 
5319 907 22 30 516 
5320 358 364 937 965 
5321 364 59 937 965 
5322 363 962 355 868 
5323 59 55 937 965 
5324 866 364 358 964 
5325 167 29 956 514 
5326 358 58 866 964 
5327 355 57 963 868 
5328 364 866 61 964 
5329 956 29 19 514 
5330 19 150 956 514 
5331 363 963 60 868 
5332 364 937 866 358 
5333 150 956 167 515 
5334 57 60 963 868 
5335 363 355 963 868 
5336 167 956 150 514 
5337 58 61 866 964 
5338 755 929 319 942 
5339 319 929 755 738 
5340 602 360 594 369 
5341 602 594 360 1055 
5342 370 594 360 369 
5343 1099 984 729 742 
5344 1099 729 984 1057 
5345 149 585 148 505 
5346 149 148 585 608 
5347 891 1012 886 920 
5348 886 1012 891 992 
5349 505 609 664 585 
5350 505 664 609 504 
5351 1095 916 914 915 
5352 1095 914 916 1060 
5353 930 951 1096 1000 
5354 367 1096 951 1000 
5355 886 1012 895 920 
5356 895 1012 886 1002 
5357 1023 755 929 748 
5358 1023 929 755 942 
5359 1046 836 1082 152 
5360 1046 1082 836 856 
5361 1062 1117 1051 983 
5362 1051 1117 1062 386 
5363 767 1064 1007 762 
5364 1007 1064 767 1063 
5365 1034 670 247 998 
5366 1034 247 670 662 
5367 1010 421 394 411 
5368 1010 394 421 1009 
5369 710 1058 306 307 
5370 306 1058 710 280 
5371 865 1078 839 841 
5372 839 1078 865 1019 
5373 975 1127 933 1001 
5374 975 933 1127 872 
5375 954 933 1127 1001 
5376 954 1127 933 872 
5377 1000 916 1095 915 
5378 1000 1095 916 991 
5379 930 1095 913 915 
5380 913 1095 930 1005 
5381 761 991 867 925 
5382 867 991 761 753 
5383 1116 305 727 1040 
5384 1116 727 305 757 
5385 890 359 882 937 
5386 890 882 359 1055 
5387 1086 945 919 906 
5388 1086 919 945 1011 
5389 589 152 608 148 
5390 589 608 152 612 
5391 149 608 152 148 
5392 1044 561 986 572 
5393 1044 986 561 1032 
5394 629 199 186 523 
5395 186 199 629 790 
5396 1121 944 1012 1014 
5397 1121 1012 944 895 
5398 1104 697 1098 244 
5399 1104 1098 697 154 
5400 1091 279 280 771 
5401 1091 280 279 1021 
5402 1021 1119 1091 1025 
5403 1021 1091 1119 279 
5404 771 1091 1119 1025 
5405 771 1119 1091 279 
5406 1059 884 883 943 
5407 1059 883 884 1007 
5408 152 612 611 589 
5409 611 612 152 1046 
5410 1011 1116 1092 994 
5411 1092 1116 1011 177 
5412 1127 370 603 1001 
5413 1127 603 370 971 
5414 1051 385 64 381 
5415 1051 64 385 1008 
5416 389 1045 372 388 
5417 389 372 1045 1075 
5418 1070 405 410 377 
5419 1070 410 405 1036 
5420 1066 527 195 182 
5421 1066 195 527 1038 
5422 1038 726 312 313 
5423 1038 312 726 987 
5424 675 507 664 149 
5425 664 507 675 681 
5426 1113 709 718 272 
5427 1113 718 709 313 
5428 297 718 709 272 
5429 297 709 718 313 
5430 1028 1070 475 1016 
5431 1028 475 1070 484 
5432 501 475 1070 1016 
5433 501 1070 475 484 
5434 186 1060 1004 185 
5435 1004 1060 186 1118 
5436 1042 877 913 921 
5437 1042 913 877 1005 
5438 1123 742 730 723 
5439 1123 730 742 1099 
5440 1098 697 682 663 
5441 1098 682 697 510 
5442 1040 1074 175 1013 
5443 175 1074 1040 176 
5444 1103 1061 1063 985 
5445 1103 1063 1061 978 
5446 1086 436 599 1050 
5447 1086 599 436 429 
5448 1114 629 628 199 
5449 1114 628 629 776 
5450 271 270 1088 708 
5451 271 1088 270 1124 
5452 314 1088 270 708 
5453 314 270 1088 1124 
5454 783 1097 277 797 
5455 277 1097 783 1022 
5456 1114 185 269 528 
5457 1114 269 185 1073 
5458 1060 185 269 1073 
5459 848 821 345 860 
5460 345 821 848 824 
5461 1094 554 552 560 
5462 552 554 1094 1076 
5463 552 538 1094 560 
5464 1094 538 552 1076 
5465 182 183 984 527 
5466 984 183 182 1083 
5467 984 1066 182 527 
5468 182 1066 984 1083 
5469 807 661 999 677 
5470 999 661 807 809 
5471 648 791 1110 647 
5472 648 1110 791 777 
5473 377 452 91 480 
5474 377 91 452 414 
5475 846 550 204 568 
5476 846 204 550 830 
5477 819 860 1078 833 
5478 819 1078 860 821 
5479 1086 426 436 1050 
5480 1086 436 426 434 
5481 455 1105 1035 487 
5482 1035 1105 455 1097 
5483 785 648 1052 652 
5484 1052 648 785 777 
5485 494 414 1016 452 
5486 1016 414 494 413 
5487 1106 404 1032 409 
5488 1106 1032 404 1075 
5489 873 434 99 941 
5490 99 434 873 426 
5491 269 1060 703 268 
5492 269 703 1060 1073 
5493 316 703 1060 268 
5494 316 1060 703 1073 
5495 1114 774 1124 1048 
5496 1114 1124 774 270 
5497 1122 187 791 174 
5498 1122 791 187 1110 
5499 1122 188 1120 1110 
5500 1122 1120 188 175 
5501 1077 139 456 796 
5502 1077 456 139 478 
5503 644 912 1042 636 
5504 644 1042 912 953 
5505 505 610 148 509 
5506 148 610 505 585 
5507 1052 281 777 775 
5508 1052 777 281 1110 
5509 538 387 73 552 
5510 538 73 387 403 
5511 35 199 629 523 
5512 629 199 35 628 
5513 151 956 1082 1046 
5514 909 956 1082 901 
5515 909 1082 956 1046 
5516 697 1104 927 907 
5517 697 927 1104 154 
5518 927 907 154 22 
5519 927 154 907 1104 
5520 162 154 907 22 
5521 162 907 154 1104 
5522 1120 176 1116 189 
5523 1120 1116 176 1040 
5524 1111 894 905 881 
5525 1111 905 894 1104 
5526 186 34 629 523 
5527 629 34 186 627 
5528 45 284 949 701 
5529 45 949 284 950 
5530 882 961 102 353 
5531 102 961 882 443 
5532 208 36 806 619 
5533 208 806 36 851 
5534 855 806 36 619 
5535 855 36 806 851 
5536 444 354 12 968 
5537 12 354 444 111 
5538 970 595 107 973 
5539 148 610 18 509 
5540 148 18 610 589 
5541 225 18 610 509 
5542 225 610 18 589 
5543 120 970 595 107 
5544 595 970 120 593 
5545 956 924 149 19 
5546 956 149 924 910 
5547 269 185 268 528 
5548 269 268 185 1060 
5549 186 268 185 528 
5550 186 185 268 1060 
5551 930 868 1096 951 
5552 930 1096 868 366 
5553 367 1096 868 951 
5554 367 868 1096 366 
5555 1046 608 152 149 
5556 1046 152 608 612 
5557 359 1012 890 1055 
5558 594 360 1012 370 
5559 594 1012 360 1055 
5560 360 359 1012 370 
5561 360 1012 359 1055 
5562 866 359 1012 890 
5563 1012 359 866 370 
5564 821 1078 824 816 
5565 821 824 1078 1033 
5566 823 824 1078 816 
5567 823 1078 824 1033 
5568 956 1082 20 151 
5569 956 20 1082 901 
5570 519 20 1082 151 
5571 519 1082 20 901 
$EndElements
