$MeshFormat
4.1 0 8
$EndMeshFormat
$PhysicalNames
5
2 2 "interface"
2 3 "cone"
2 4 "surround"
2 5 "FrontChamber_boundary"
3 1 "FrontChamber"
$EndPhysicalNames
$Entities
81 122 38 1
1 105.799999999999 -424.299920757176 -276.999999999986 0 
2 93.7999999999987 -424.299920757176 -276.999999999986 0 
3 105.799999999999 -424.318444853729 -232.919857869055 0 
4 93.7999999999987 -424.318444853729 -232.919857869055 0 
5 93.7999999999987 -510.300000000009 -276.999999999983 0 
6 93.7999999999987 47.6815134689264 -232.721506131101 0 
7 93.7999999999987 47.700120920173 -277.000000000002 0 
8 93.7999999999987 91.69999999999131 -277.000000000003 0 
9 93.7999999999987 91.6999999999933 -212.999149032146 0 
10 93.7999999999987 -391.581512338824 -162.204215259719 0 
11 93.7999999999987 -391.066676302692 -157.3058775778 0 
12 93.7999999999987 -510.300000000006 -157.355983804634 0 
13 105.799999999999 47.700120920173 -277.000000000002 0 
14 105.799999999999 47.6815134689264 -232.721506131101 0 
15 105.799999999999 -510.300000000006 -157.355983804634 0 
16 105.799999999999 -391.066676302692 -157.3058775778 0 
17 105.799999999999 -510.300000000009 -276.999999999983 0 
18 105.799999999999 -391.581512338824 -162.204215259719 0 
19 105.799999999999 91.6999999999933 -212.999149032146 0 
20 105.799999999999 91.69999999999131 -277.000000000003 0 
21 0 -391.581512338824 -162.204215259719 0 
22 0 -389.700000000005 -144.30282114309 0 
23 93.7999999999987 -389.700000000005 -144.30282114309 0 
24 93.7999999999987 -390.220377000463 -149.253877579042 0 
25 105.799999999999 -390.220377000463 -149.253877579042 0 
26 105.799999999999 -389.700000000005 -144.30282114309 0 
27 289 -389.700000000005 -144.30282114309 0 
28 289 -391.581512338824 -162.204215259719 0 
29 0 -510.30000000001 -276.999999999983 0 
30 3.05889381316172e-14 -435.077635093771 -277.00000000003 0 
31 0 64.477635093754 -277.000000000063 0 
32 0 91.69999999999121 -277.000000000003 0 
33 289 91.69999999999141 -277.000000000003 0 
34 289 -510.300000000009 -276.999999999983 0 
35 0 91.6999999999932 -212.999149032146 0 
36 93.7999999999987 -510.300000000005 -136.627565060984 0 
37 93.7999999999987 -510.300000000001 -17.9999999999834 0 
38 93.7999999999987 -387.898931244704 -144.492121097276 0 
39 93.7999999999987 -387.83914668581 -143.92330901522 0 
40 93.7999999999987 91.69999999999381 -194.324904307603 0 
41 93.7999999999987 91.6999999999996 -12.9999999999935 0 
42 93.7999999999987 -91.7000000000004 -12.9999999999935 0 
43 93.7999999999987 -91.7000000000005 -17.999999999997 0 
44 93.7999999999987 -162.3 -35.9999999999935 0 
45 93.7999999999987 -314.8 -35.9999999999935 0 
46 93.7999999999987 7.79999999999959 -35.9999999999935 0 
47 93.7999999999987 -450.5 -35.9999999999936 0 
48 105.799999999999 -510.300000000005 -136.627565060984 0 
49 105.799999999999 -162.3 -35.9999999999935 0 
50 105.799999999999 -314.8 -35.9999999999935 0 
51 105.799999999999 7.79999999999959 -35.9999999999935 0 
52 105.799999999999 -450.5 -35.9999999999936 0 
53 105.799999999999 -91.7000000000004 -12.9999999999935 0 
54 105.799999999999 91.6999999999997 -12.9999999999935 0 
55 105.799999999999 -510.300000000001 -17.9999999999834 0 
56 105.799999999999 -91.7000000000005 -17.999999999997 0 
57 105.799999999999 91.69999999999381 -194.324904307603 0 
58 105.799999999999 -387.83914668581 -143.92330901522 0 
59 105.799999999999 -387.898931244704 -144.492121097276 0 
60 289 -510.300000000001 -17.9999999999834 0 
61 0 -510.300000000001 -17.9999999999833 0 
62 0 -91.7000000000006 -17.999999999997 0 
63 289 91.69999999999401 -194.324904307603 0 
64 289 -387.83914668581 -143.92330901522 0 
65 0 -387.83914668581 -143.92330901522 0 
66 0 91.69999999999381 -194.324904307603 0 
67 289 -387.898931244704 -144.492121097276 0 
68 0 -387.898931244704 -144.492121097276 0 
69 0 64.4776350937486 -295.000000000002 0 
70 3.05889381316166e-14 -435.077635093768 -294.999999999969 0 
71 0 34.4776350937486 -294.999999999993 0 
72 2.69149977341746e-14 -405.077635093768 -294.999999999964 0 
73 0 -103.086980913111 -411.672616578035 0 
74 1.0068191067302e-14 -267.513019086923 -411.672616578024 0 
75 0 -185.300000000017 -371.949128107088 0 
76 0 -91.7 3.10723939539786e-12 0 
77 0 91.7 -3.10556865040451e-12 0 
78 289 91.7000000000002 -3.21520587931445e-12 0 
79 289 -91.6999999999997 2.99760216648792e-12 0 
80 289 -91.7000000000004 -17.9999999999971 0 
81 289 91.69999999999339 -212.999149032146 0 
1 93.7999998999987 -424.299920857176 -277.0000000999861 105.800000099999 -424.299920657176 -276.9999998999861 0 2 1 -2 
2 105.799999899999 -424.3184449537288 -277.000000099986 105.800000099999 -424.2999206571758 -232.919857769055 0 2 1 -3 
3 93.79999989999871 -424.318444953729 -232.919857969055 105.800000099999 -424.318444753729 -232.919857769055 0 2 4 -3 
4 93.79999989999871 -424.3184449537288 -277.000000099986 93.8000000999987 -424.2999206571758 -232.919857769055 0 2 2 -4 
5 93.79999989999871 -510.300000100009 -277.0000000999859 93.80000009999871 -424.299920657176 -276.999999899983 0 2 2 -5 
6 93.79999989999871 -424.3184449537289 -232.9198579690549 93.80000009999873 47.68151356892639 -232.721506031101 0 2 6 -4 
7 93.79999989999871 47.68151336892646 -277.000000100002 93.8000000999987 47.70012102017304 -232.721506031101 0 2 7 -6 
8 93.79999989999868 47.70012082017299 -277.000000100003 93.80000009999868 91.70000009999129 -276.9999999000015 0 2 8 -7 
9 93.79999989999871 91.69999989999121 -277.000000100003 93.8000000999987 91.70000009999319 -212.999148932146 0 2 9 -8 
10 93.7999998999987 -391.5815124388239 -212.9991491321455 93.80000009999871 91.70000009999333 -162.2042151597191 0 2 10 -9 
11 93.79999989999871 -391.581512438824 -162.204215359719 93.8000000999987 -391.0666762026926 -157.3058774778 0 2 11 -10 
12 93.79999989999871 -510.300000100006 -157.3559839046344 93.8000000999987 -391.066676202692 -157.3058774778004 0 2 11 -12 
13 93.79999989999871 -510.3000001000091 -277.000000099983 93.8000000999987 -510.2999999000052 -157.355983704634 0 2 5 -12 
14 93.7999998999987 47.70012082017301 -277.0000001000011 105.800000099999 47.70012102017301 -276.9999999000011 0 2 7 -13 
15 93.79999989999871 47.6815133689264 -232.721506231101 105.800000099999 47.6815135689264 -232.721506031101 0 2 6 -14 
16 105.799999899999 47.68151336892646 -277.000000100002 105.800000099999 47.70012102017304 -232.721506031101 0 2 14 -13 
17 105.799999899999 -424.3184449537289 -232.9198579690549 105.800000099999 47.68151356892639 -232.721506031101 0 2 3 -14 
18 93.79999989999871 -510.3000001000059 -157.355983904634 105.800000099999 -510.2999999000058 -157.355983704634 0 2 12 -15 
19 93.7999998999987 -391.0666764026918 -157.3058776778 105.800000099999 -391.0666762026918 -157.3058774778 0 2 16 -11 
20 105.799999899999 -510.300000100006 -157.3559839046344 105.800000099999 -391.066676202692 -157.3058774778004 0 2 16 -15 
21 105.799999899999 -510.300000100009 -277.0000000999859 105.800000099999 -424.299920657176 -276.999999899983 0 2 17 -1 
22 105.799999899999 -510.3000001000091 -277.000000099983 105.800000099999 -510.2999999000052 -157.355983704634 0 2 15 -17 
23 105.799999899999 -391.581512438824 -162.204215359719 105.800000099999 -391.0666762026926 -157.3058774778 0 2 18 -16 
24 105.799999899999 -391.5815124388239 -212.9991491321455 105.800000099999 91.70000009999333 -162.2042151597191 0 2 19 -18 
25 105.799999899999 91.69999989999121 -277.000000100003 105.800000099999 91.70000009999319 -212.999148932146 0 2 20 -19 
26 105.799999899999 47.70012082017299 -277.000000100003 105.800000099999 91.70000009999129 -276.9999999000015 0 2 13 -20 
27 -1.000000011686097e-07 -391.5815124388238 -162.2042153597191 93.8000000999987 -391.5815122388237 -162.2042151597191 0 2 21 -10 
28 -1e-07 -391.5815124388239 -162.204215359719 1e-07 -389.6999999000054 -144.3028210430899 0 2 21 -22 
29 -1.000000011686097e-07 -389.7000001000048 -144.3028212430901 93.8000000999987 -389.6999999000047 -144.3028210430901 0 2 22 -23 
30 93.79999989999871 -390.2203771004635 -149.2538776790419 93.8000000999987 -389.6999999000053 -144.30282104309 0 2 23 -24 
31 93.7999998999987 -390.2203771004628 -149.253877679042 105.800000099999 -390.2203769004628 -149.253877479042 0 2 24 -25 
32 105.799999899999 -390.2203771004635 -149.2538776790419 105.800000099999 -389.6999999000053 -144.30282104309 0 2 25 -26 
33 105.799999899999 -389.7000001000047 -144.3028212430902 289.0000001 -389.6999999000045 -144.3028210430901 0 2 26 -27 
34 288.9999999 -391.581512438824 -162.204215359719 289.0000001 -389.6999999000054 -144.3028210430899 0 2 28 -27 
35 105.799999899999 -391.5815124388237 -162.2042153597192 289.0000001 -391.5815122388235 -162.2042151597192 0 2 18 -28 
36 -1.000000011686097e-07 -510.3000001000098 -277.0000000999832 93.8000000999987 -510.2999999000097 -276.9999998999831 0 2 29 -5 
37 -1e-07 -510.30000010001 -277.0000000999853 1e-07 -435.077634993771 -276.9999998999828 0 2 29 -30 
38 -1.000000366957465e-07 -435.077635193768 -277.0000001000122 249.77763519376 64.47763519375201 -276.9999998999957 0 2 30 -31 
39 -1e-07 64.47763499375404 -277.0000001000027 1e-07 91.70000009999123 -276.9999999000017 0 2 31 -32 
40 -1.000000011686097e-07 91.69999989999121 -277.0000001000032 93.8000000999987 91.70000009999127 -276.9999999000031 0 2 32 -8 
41 105.799999899999 91.69999989999128 -277.0000001000033 289.0000001 91.70000009999141 -276.9999999000032 0 2 20 -33 
42 288.9999998999995 -510.300000100009 -277.0000001000029 289.0000001 91.70000009999143 -276.999999899983 0 2 34 -33 
43 105.799999899999 -510.3000001000098 -277.0000000999833 289.0000001 -510.2999999000095 -276.9999998999832 0 2 17 -34 
44 -1.000000011686097e-07 91.69999989999322 -212.9991491321461 93.8000000999987 91.70000009999328 -212.9991489321461 0 2 35 -9 
45 -1e-07 -391.581512438824 -212.9991491321459 1e-07 91.70000009999319 -162.2042151597195 0 2 35 -21 
46 -1e-07 91.69999989999118 -277.000000100003 1e-07 91.70000009999316 -212.999148932146 0 2 32 -35 
47 93.79999989999871 -510.3000001000054 -136.627565160984 93.8000000999987 -510.2999999000016 -17.9999998999834 0 2 36 -37 
48 93.7999998999987 -510.300000100005 -149.2538776790423 93.8000000999987 -390.220376900463 -136.6275649609841 0 2 36 -24 
49 93.79999989999872 -389.7000001000051 -144.4921211972768 93.80000009999871 -387.898931144704 -144.3028210430906 0 2 38 -23 
50 93.79999989999871 -387.8989313447039 -144.492121197276 93.8000000999987 -387.8391465858097 -143.92330891522 0 2 39 -38 
51 93.79999989999867 -387.83914678581 -194.3249044076029 93.80000009999871 91.70000009999373 -143.9233089152201 0 2 40 -39 
52 93.79999989999871 91.6999998999938 -194.324904407603 93.8000000999987 91.70000009999961 -12.9999998999935 0 2 41 -40 
53 93.79999989999871 -91.70000010000039 -13.00000009999352 93.80000009999871 91.7000000999996 -12.9999998999935 0 2 41 -42 
54 93.79999989999871 -91.70000010000049 -18.000000099997 93.8000000999987 -91.69999990000034 -12.9999998999935 0 2 43 -42 
55 93.79999989999871 -510.300000100001 -18.00000009999702 93.80000009999874 -91.69999990000051 -17.99999989998337 0 2 37 -43 
56 93.79999989999871 -219.2000001 -149.8000000999935 93.8000000999987 -105.3999999 -35.9999998999935 0 2 44 -44 
57 93.79999989999871 -363.7000001 -133.8000000999936 93.8000000999987 -265.8999999 -35.9999998999936 0 2 45 -45 
58 93.7999998999987 -58.00000010000041 -167.600000099994 93.80000009999871 73.60000009999958 -35.99999989999399 0 2 46 -46 
59 93.79999989999871 -492.3000001 -119.6000000999936 93.8000000999987 -408.6999999 -35.9999998999936 0 2 47 -47 
60 93.79999989999871 -510.3000001000049 -136.627565160984 105.800000099999 -510.2999999000048 -136.627564960984 0 2 48 -36 
61 105.799999899999 -510.300000100005 -149.2538776790423 105.800000099999 -390.220376900463 -136.6275649609841 0 2 48 -25 
62 105.799999899999 -219.2000001 -149.8000000999935 105.800000099999 -105.3999999 -35.9999998999935 0 2 49 -49 
63 93.79999989999871 -162.3000001 -36.0000000999935 105.800000099999 -162.2999999 -35.9999998999935 0 2 49 -44 
64 105.799999899999 -363.7000001 -133.8000000999936 105.800000099999 -265.8999999 -35.9999998999936 0 2 50 -50 
65 93.79999989999871 -314.8000001 -36.0000000999935 105.800000099999 -314.7999999 -35.9999998999935 0 2 50 -45 
66 105.799999899999 -58.00000010000041 -167.600000099994 105.800000099999 73.60000009999958 -35.99999989999399 0 2 51 -51 
67 93.79999989999871 7.79999989999957 -36.0000000999935 105.800000099999 7.800000099999572 -35.9999998999935 0 2 51 -46 
68 105.799999899999 -492.3000001 -119.6000000999936 105.800000099999 -408.6999999 -35.9999998999936 0 2 52 -52 
69 93.79999989999871 -450.5000001 -36.0000000999936 105.800000099999 -450.4999999 -35.9999998999936 0 2 52 -47 
70 93.7999998999987 -91.70000010000035 -13.0000000999935 105.800000099999 -91.69999990000035 -12.9999998999935 0 2 42 -53 
71 93.79999989999872 91.69999989999965 -13.0000000999935 105.800000099999 91.70000009999966 -12.9999998999935 0 2 54 -41 
72 105.799999899999 -91.70000010000038 -13.00000009999352 105.800000099999 91.7000000999997 -12.9999998999935 0 2 54 -53 
73 105.799999899999 -510.3000001000054 -136.627565160984 105.800000099999 -510.2999999000016 -17.9999998999834 0 2 55 -48 
74 105.799999899999 -510.300000100001 -18.00000009999702 105.800000099999 -91.69999990000051 -17.99999989998337 0 2 56 -55 
75 105.799999899999 -91.70000010000049 -18.000000099997 105.800000099999 -91.69999990000034 -12.9999998999935 0 2 53 -56 
76 105.799999899999 91.6999998999938 -194.324904407603 105.800000099999 91.70000009999961 -12.9999998999935 0 2 57 -54 
77 105.799999899999 -387.83914678581 -194.3249044076029 105.800000099999 91.70000009999373 -143.9233089152201 0 2 58 -57 
78 105.799999899999 -387.8989313447039 -144.492121197276 105.800000099999 -387.8391465858097 -143.92330891522 0 2 59 -58 
79 105.799999899999 -389.7000001000051 -144.4921211972768 105.800000099999 -387.898931144704 -144.3028210430906 0 2 26 -59 
80 288.9999998999999 -510.3000001000092 -277.000000099983 289.0000001 -510.299999900001 -17.99999989998341 0 2 60 -34 
81 105.799999899999 -510.3000001000007 -18.00000009998342 289.0000001 -510.2999999000005 -17.99999989998335 0 2 55 -60 
82 -1.000000011686097e-07 -510.3000001000008 -18.00000009998335 93.8000000999987 -510.2999999000007 -17.99999989998331 0 2 61 -37 
83 -1e-07 -510.3000001000092 -277.000000099983 1e-07 -510.299999900001 -17.99999989998329 0 2 61 -29 
84 -1.000000011686097e-07 -91.70000010000058 -18.00000009999705 93.8000000999987 -91.69999990000052 -17.99999989999701 0 2 62 -43 
85 -1e-07 -510.300000100001 -18.00000009999698 1e-07 -91.69999990000059 -17.99999989998333 0 2 62 -61 
86 105.799999899999 91.69999989999378 -194.3249044076032 289.0000001 91.70000009999391 -194.3249042076031 0 2 57 -63 
87 288.9999998999996 -387.83914678581 -194.3249044076028 289.0000001 91.7000000999939 -143.92330891522 0 2 64 -63 
88 105.799999899999 -387.8391467858098 -143.9233091152202 289.0000001 -387.8391465858095 -143.9233089152202 0 2 58 -64 
89 -1.000000011686097e-07 -387.8391467858098 -143.9233091152201 93.8000000999987 -387.8391465858097 -143.9233089152201 0 2 65 -39 
90 -1e-07 -387.83914678581 -194.3249044076028 1e-07 91.70000009999379 -143.92330891522 0 2 65 -66 
91 -1.000000011686097e-07 91.69999989999371 -194.3249044076031 93.8000000999987 91.70000009999377 -194.3249042076031 0 2 66 -40 
92 288.9999999 -387.898931344704 -144.492121197276 289.0000001 -387.8391465858098 -143.92330891522 0 2 67 -64 
93 105.799999899999 -387.8989313447037 -144.4921211972762 289.0000001 -387.8989311447035 -144.4921209972761 0 2 59 -67 
94 -1.000000011686097e-07 -387.8989313447038 -144.4921211972761 93.8000000999987 -387.8989311447037 -144.4921209972761 0 2 68 -38 
95 -1e-07 -387.8989313447041 -144.492121197276 1e-07 -387.8391465858098 -143.92330891522 0 2 68 -65 
96 288.9999999 -389.700000100005 -144.4921211972762 289.0000001 -387.898931144704 -144.30282104309 0 2 27 -67 
97 -1e-07 -389.700000100005 -144.4921211972761 1e-07 -387.898931144704 -144.3028210430899 0 2 22 -68 
98 -1e-07 64.47763499374861 -295.000000100002 1e-07 64.477635193754 -276.999999900063 0 2 69 -31 
99 -9.999996941106186e-08 -435.077635193771 -295.000000099969 1.000000305889381e-07 -435.077634993768 -276.99999990003 0 2 70 -30 
100 -9.999999406318238e-08 -435.077635193767 -295.0000001000025 249.777635193758 64.47763519374899 -294.9999998999696 0 2 69 -70 
101 -1e-07 34.47763499374863 -295.0000001000025 1e-07 64.47763519374863 -294.9999999000015 0 2 71 -69 
102 -9.999997308500226e-08 -435.0776351937681 -295.0000000999724 1.000000305889381e-07 -405.077634993768 -294.9999998999694 0 2 72 -70 
103 -9.999999406318238e-08 -405.077635193768 -295.0000000999935 219.777635193758 34.477635193748 -294.9999998999645 0 2 71 -72 
104 -1e-07 -103.0869810131113 -411.6726166780348 1e-07 34.4776351937486 -294.999999899993 0 2 71 -73 
105 -9.999998993180892e-08 -405.077635193768 -411.6726166780242 1.000000269149977e-07 -267.5130189869231 -294.999999899964 0 2 74 -72 
106 -1.000000011686097e-07 -267.5130191869231 -411.6726166780344 82.2130191869061 -103.0869808131109 -411.6726164780236 0 2 73 -74 
107 -1.000026436802552e-07 -185.3000001000171 -371.9491282070882 1.000001216976324e-07 -185.2999999000119 -371.9491280070877 0 2 75 -75 
108 -1e-07 -185.300000100017 -411.672616678035 1e-07 -103.086980813111 -371.949128007087 0 2 73 -75 
109 -1e-07 -267.513019186923 -411.672616678024 1.000000100681911e-07 -185.299999900012 -371.949128007087 0 2 75 -74 
110 -1e-07 -91.70000010000057 -18.00000009999699 1e-07 -91.69999989999997 1.000030973585808e-07 0 2 76 -62 
111 -1e-07 -91.70000009999998 -1.00003105819695e-07 1e-07 91.70000009999998 1.000031057491346e-07 0 2 77 -76 
112 -1e-07 91.69999989999377 -194.324904407603 1e-07 91.70000010000001 9.999686767514504e-08 0 2 66 -77 
113 -9.999999406318238e-08 91.69999990000002 -1.000032157555804e-07 289.0000001 91.70000010000022 9.999689443134959e-08 0 2 77 -78 
114 288.9999999 91.69999989999401 -194.324904407603 289.0000001000001 91.70000010000025 9.999678241001675e-08 0 2 63 -78 
115 -9.999999406318238e-08 -91.70000009999998 -9.999700294753456e-08 289.0000001 -91.69999989999978 1.000031072393954e-07 0 2 76 -79 
116 288.9999999 -91.70000009999971 -1.000032152058793e-07 289.0000001000001 91.7000001000002 1.000029963629503e-07 0 2 78 -79 
117 105.799999899999 -91.70000010000051 -18.00000009999712 289.0000001 -91.69999990000038 -17.99999989999705 0 2 56 -80 
118 288.9999999 -91.70000010000039 -18.0000000999971 289.0000001 -91.6999998999998 1.000029978825978e-07 0 2 79 -80 
119 288.9999999 -510.300000100001 -18.0000000999971 289.0000001000003 -91.69999990000042 -17.99999989998346 0 2 80 -60 
120 288.9999999 -391.581512438824 -212.999149132146 289.0000001000004 91.70000009999339 -162.2042151597195 0 2 81 -28 
121 105.799999899999 91.69999989999329 -212.9991491321462 289.0000001 91.70000009999342 -212.9991489321461 0 2 19 -81 
122 288.9999999 91.69999989999141 -277.000000100003 289.0000001 91.70000009999339 -212.999148932146 0 2 33 -81 
1 93.7999998999987 -424.318444953729 -277.0000000999861 105.800000099999 -424.2999206571758 -232.919857769055 1 5 4 4 3 -2 1 
2 93.79999989999868 -510.3000001000091 -277.000000100003 93.80000009999873 91.70000009999336 -157.3058774778 1 5 10 -5 4 -6 -7 -8 -9 -10 -11 12 -13 
3 93.7999998999987 47.6815133689264 -277.000000100002 105.800000099999 47.70012102017304 -232.721506031101 1 5 4 -16 -15 -7 14 
4 93.79999989999871 -424.318444953729 -232.919857969055 105.800000099999 47.68151356892639 -232.721506031101 1 5 4 15 -17 -3 -6 
5 93.7999998999987 -510.300000100006 -157.3559839046344 105.800000099999 -391.0666762026918 -157.3058774778 1 5 4 -20 19 12 18 
6 105.799999899999 -510.3000001000091 -277.000000100003 105.800000099999 91.70000009999336 -157.3058774778 1 5 10 2 17 16 26 25 24 23 20 22 21 
7 -9.999999406318238e-08 -391.581512438824 -162.2042153597192 289.0000001 -389.6999999000045 -144.3028210430899 1 5 12 23 19 11 -27 28 29 30 31 32 33 -34 -35 
8 -1.000000224848918e-07 -510.30000010001 -277.0000001000122 289.0000001 91.70000009999148 -276.9999998999828 1 5 14 21 1 5 -36 37 38 39 40 8 14 26 41 -42 -43 
9 -1.000000011686097e-07 -391.581512438824 -212.9991491321461 93.80000009999871 91.70000009999333 -162.2042151597191 1 5 4 10 -44 45 27 
10 -1.000000011686097e-07 91.69999989999118 -277.0000001000032 93.8000000999987 91.70000009999328 -212.999148932146 1 5 4 9 -40 46 44 
11 93.79999989999867 -510.3000001000054 -194.324904407603 93.80000009999874 91.70000009999961 -12.9999998999935 1 5 14 -47 48 -30 -49 -50 -51 -52 53 -54 -55 56 57 58 59 
12 93.7999998999987 -510.300000100005 -149.2538776790423 105.800000099999 -390.2203769004628 -136.627564960984 1 5 4 48 31 -61 60 
13 93.79999989999871 -219.2000001 -149.8000000999935 105.800000099999 -105.3999999 -35.9999998999935 1 5 4 62 63 -56 -63 
14 93.79999989999871 -363.7000001 -133.8000000999936 105.800000099999 -265.8999999 -35.9999998999936 1 5 4 64 65 -57 -65 
15 93.7999998999987 -58.00000010000041 -167.600000099994 105.800000099999 73.60000009999959 -35.99999989999399 1 5 4 66 67 -58 -67 
16 93.79999989999871 -492.3000001 -119.6000000999936 105.800000099999 -408.6999999 -35.9999998999936 1 5 4 68 69 -59 -69 
17 93.7999998999987 -91.70000010000038 -13.00000009999352 105.800000099999 91.7000000999997 -12.9999998999935 1 5 4 -72 71 53 70 
18 105.799999899999 -510.3000001000054 -194.324904407603 105.800000099999 91.70000009999973 -12.9999998999935 1 5 14 61 32 79 78 77 76 72 75 74 73 68 66 64 62 
19 -9.999999406318238e-08 -510.3000001000098 -277.0000000999833 289.0000001 -510.2999999000005 -17.99999989998329 1 5 12 22 43 -80 -81 73 60 47 -82 83 36 13 18 
20 -1.000000011686097e-07 -510.300000100001 -18.00000009999705 93.80000009999874 -91.69999990000051 -17.99999989998331 1 5 4 55 -84 85 82 
21 105.799999899999 -387.83914678581 -194.3249044076032 289.0000001 91.7000000999939 -143.92330891522 1 5 4 77 86 -87 -88 
22 -1.000000011686097e-07 -387.83914678581 -194.3249044076031 93.80000009999871 91.70000009999379 -143.92330891522 1 5 4 51 -89 90 91 
23 105.799999899999 -387.898931344704 -144.4921211972762 289.0000001 -387.8391465858095 -143.92330891522 1 5 4 78 88 -92 -93 
24 -1.000000011686097e-07 -387.8989313447041 -144.4921211972761 93.8000000999987 -387.8391465858097 -143.92330891522 1 5 4 50 -94 95 89 
25 105.799999899999 -389.7000001000051 -144.4921211972768 289.0000001 -387.8989311447035 -144.30282104309 1 5 4 79 93 -96 -33 
26 -1.000000011686097e-07 -389.7000001000051 -144.4921211972768 93.80000009999871 -387.8989311447037 -144.3028210430899 1 5 4 49 -29 97 94 
27 -9.999999406318238e-08 -435.0776351937696 -295.0000001000026 249.77763519376 64.47763519375161 -276.9999998999792 1 5 4 98 -38 -99 -100 
28 -9.999999406318238e-08 -435.0776351937681 -295.0000001000025 249.777635193758 64.47763519374899 -294.9999998999645 1 4 4 101 100 -102 -103 
29 -1.000000224848918e-07 -405.0776351937678 -411.6726166780349 219.7776351937586 34.47763519374948 -294.9999998999638 1 3 4 -104 103 -105 -106 
30 -1.000025235953217e-07 -267.513019186923 -411.672616678035 82.21301918690619 -103.086980813111 -371.949128007087 1 3 4 107 -108 106 -109 
31 -1e-07 -510.30000010001 -411.672616678035 1.000000305889381e-07 91.70000010000001 1.000030920295103e-07 1 5 21 83 37 -99 -102 -105 -109 -108 -104 101 98 39 46 45 28 97 95 90 112 111 110 85 
32 -9.999999406318238e-08 91.69999989999371 -194.3249044076032 289.0000001000001 91.70000010000025 9.999689609685447e-08 1 5 8 52 -91 112 113 -114 -86 76 71 
33 -9.999999406318238e-08 -91.7000001 -1.000032157555804e-07 289.0000001000001 91.70000010000022 1.000031072393954e-07 1 2 4 111 115 -116 -113 
34 -9.999999406318238e-08 -91.70000010000058 -18.00000009999712 289.0000001 -91.69999989999978 1.000031080167219e-07 1 5 8 75 117 -118 -115 110 84 54 70 
35 105.799999899999 -510.300000100001 -18.00000009999712 289.0000001000003 -91.69999990000036 -17.99999989998335 1 5 4 74 81 -119 -117 
36 105.799999899999 -391.581512438824 -212.9991491321462 289.0000001000004 91.70000009999342 -162.2042151597191 1 5 4 24 35 -120 -121 
37 105.799999899999 91.69999989999121 -277.0000001000033 289.0000001 91.70000009999342 -212.999148932146 1 5 4 25 121 -122 -41 
38 288.9999998999995 -510.3000001000092 -277.000000100003 289.0000001000004 91.70000010000024 1.00003006764382e-07 1 5 12 80 42 122 120 34 96 92 87 114 116 118 119 
1 -1.000025235953217e-07 -510.30000010001 -411.672616678035 289.0000001000004 91.70000010000024 1.000031204512197e-07 1 1 38 -1 2 -3 -4 -5 -6 7 8 9 10 11 -12 13 14 15 16 -17 -18 19 20 21 22 23 24 25 26 27 28 29 30 -31 32 33 34 35 36 37 38 
$EndEntities
$Nodes
207 4795 1 4795
0 1 0 1
1
105.799999999999 -424.299920757176 -276.999999999986
0 2 0 1
2
93.7999999999987 -424.299920757176 -276.999999999986
0 3 0 1
3
105.799999999999 -424.318444853729 -232.919857869055
0 4 0 1
4
93.7999999999987 -424.318444853729 -232.919857869055
0 5 0 1
5
93.7999999999987 -510.300000000009 -276.999999999983
0 6 0 1
6
93.7999999999987 47.6815134689264 -232.721506131101
0 7 0 1
7
93.7999999999987 47.700120920173 -277.000000000002
0 8 0 1
8
93.7999999999987 91.69999999999131 -277.000000000003
0 9 0 1
9
93.7999999999987 91.6999999999933 -212.999149032146
0 10 0 1
10
93.7999999999987 -391.581512338824 -162.204215259719
0 11 0 1
11
93.7999999999987 -391.066676302692 -157.3058775778
0 12 0 1
12
93.7999999999987 -510.300000000006 -157.355983804634
0 13 0 1
13
105.799999999999 47.700120920173 -277.000000000002
0 14 0 1
14
105.799999999999 47.6815134689264 -232.721506131101
0 15 0 1
15
105.799999999999 -510.300000000006 -157.355983804634
0 16 0 1
16
105.799999999999 -391.066676302692 -157.3058775778
0 17 0 1
17
105.799999999999 -510.300000000009 -276.999999999983
0 18 0 1
18
105.799999999999 -391.581512338824 -162.204215259719
0 19 0 1
19
105.799999999999 91.6999999999933 -212.999149032146
0 20 0 1
20
105.799999999999 91.69999999999131 -277.000000000003
0 21 0 1
21
0 -391.581512338824 -162.204215259719
0 22 0 1
22
0 -389.700000000005 -144.30282114309
0 23 0 1
23
93.7999999999987 -389.700000000005 -144.30282114309
0 24 0 1
24
93.7999999999987 -390.220377000463 -149.253877579042
0 25 0 1
25
105.799999999999 -390.220377000463 -149.253877579042
0 26 0 1
26
105.799999999999 -389.700000000005 -144.30282114309
0 27 0 1
27
289 -389.700000000005 -144.30282114309
0 28 0 1
28
289 -391.581512338824 -162.204215259719
0 29 0 1
29
0 -510.30000000001 -276.999999999983
0 30 0 1
30
3.05889381316172e-14 -435.077635093771 -277.00000000003
0 31 0 1
31
0 64.477635093754 -277.000000000063
0 32 0 1
32
0 91.69999999999121 -277.000000000003
0 33 0 1
33
289 91.69999999999141 -277.000000000003
0 34 0 1
34
289 -510.300000000009 -276.999999999983
0 35 0 1
35
0 91.6999999999932 -212.999149032146
0 36 0 1
36
93.7999999999987 -510.300000000005 -136.627565060984
0 37 0 1
37
93.7999999999987 -510.300000000001 -17.9999999999834
0 38 0 1
38
93.7999999999987 -387.898931244704 -144.492121097276
0 39 0 1
39
93.7999999999987 -387.83914668581 -143.92330901522
0 40 0 1
40
93.7999999999987 91.69999999999381 -194.324904307603
0 41 0 1
41
93.7999999999987 91.6999999999996 -12.9999999999935
0 42 0 1
42
93.7999999999987 -91.7000000000004 -12.9999999999935
0 43 0 1
43
93.7999999999987 -91.7000000000005 -17.999999999997
0 44 0 1
44
93.7999999999987 -162.3 -35.9999999999935
0 45 0 1
45
93.7999999999987 -314.8 -35.9999999999935
0 46 0 1
46
93.7999999999987 7.79999999999959 -35.9999999999935
0 47 0 1
47
93.7999999999987 -450.5 -35.9999999999936
0 48 0 1
48
105.799999999999 -510.300000000005 -136.627565060984
0 49 0 1
49
105.799999999999 -162.3 -35.9999999999935
0 50 0 1
50
105.799999999999 -314.8 -35.9999999999935
0 51 0 1
51
105.799999999999 7.79999999999959 -35.9999999999935
0 52 0 1
52
105.799999999999 -450.5 -35.9999999999936
0 53 0 1
53
105.799999999999 -91.7000000000004 -12.9999999999935
0 54 0 1
54
105.799999999999 91.6999999999997 -12.9999999999935
0 55 0 1
55
105.799999999999 -510.300000000001 -17.9999999999834
0 56 0 1
56
105.799999999999 -91.7000000000005 -17.999999999997
0 57 0 1
57
105.799999999999 91.69999999999381 -194.324904307603
0 58 0 1
58
105.799999999999 -387.83914668581 -143.92330901522
0 59 0 1
59
105.799999999999 -387.898931244704 -144.492121097276
0 60 0 1
60
289 -510.300000000001 -17.9999999999834
0 61 0 1
61
0 -510.300000000001 -17.9999999999833
0 62 0 1
62
0 -91.7000000000006 -17.999999999997
0 63 0 1
63
289 91.69999999999401 -194.324904307603
0 64 0 1
64
289 -387.83914668581 -143.92330901522
0 65 0 1
65
0 -387.83914668581 -143.92330901522
0 66 0 1
66
0 91.69999999999381 -194.324904307603
0 67 0 1
67
289 -387.898931244704 -144.492121097276
0 68 0 1
68
0 -387.898931244704 -144.492121097276
0 69 0 1
69
0 64.4776350937486 -295.000000000002
0 70 0 1
70
3.05889381316166e-14 -435.077635093768 -294.999999999969
0 71 0 1
71
0 34.4776350937486 -294.999999999993
0 72 0 1
72
2.69149977341746e-14 -405.077635093768 -294.999999999964
0 73 0 1
73
0 -103.086980913111 -411.672616578035
0 74 0 1
74
1.0068191067302e-14 -267.513019086923 -411.672616578024
0 75 0 1
75
0 -185.300000000017 -371.949128107088
0 76 0 1
76
0 -91.7 3.10723939539786e-12
0 77 0 1
77
0 91.7 -3.10556865040451e-12
0 78 0 1
78
289 91.7000000000002 -3.21520587931445e-12
0 79 0 1
79
289 -91.6999999999997 2.99760216648792e-12
0 80 0 1
80
289 -91.7000000000004 -17.9999999999971
0 81 0 1
81
289 91.69999999999339 -212.999149032146
1 2 0 1
82
105.799999999999 -424.3091828054523 -254.9599289345205
1 4 0 1
83
93.7999999999987 -424.3091828054523 -254.9599289345205
1 5 0 3
84
85
86
93.7999999999987 -445.7999405678842 -276.9999999999852
93.7999999999987 -467.2999603785925 -276.9999999999845
93.7999999999987 -488.7999801893008 -276.9999999999837
1 6 0 19
87
88
89
90
91
92
93
94
95
96
97
98
99
100
101
102
103
104
105
93.7999999999987 24.08151555279363 -232.7314237179987
93.7999999999987 0.481517636660854 -232.7413413048964
93.7999999999987 -23.1184802794719 -232.7512588917941
93.7999999999987 -46.71847819560465 -232.7611764786918
93.7999999999987 -70.31847611173744 -232.7710940655895
93.7999999999987 -93.91847402787025 -232.7810116524872
93.79999999999872 -117.518471944003 -232.7909292393849
93.79999999999872 -141.1184698601358 -232.8008468262826
93.79999999999872 -164.7184677762685 -232.8107644131803
93.79999999999872 -188.3184656924012 -232.8206820000779
93.79999999999872 -211.918463608534 -232.8305995869756
93.79999999999872 -235.5184615246666 -232.8405171738733
93.79999999999872 -259.1184594407993 -232.850434760771
93.79999999999872 -282.7184573569319 -232.8603523476687
93.79999999999872 -306.3184552730646 -232.8702699345664
93.79999999999872 -329.9184531891973 -232.8801875214641
93.79999999999872 -353.5184511053301 -232.8901051083618
93.79999999999872 -377.1184490214631 -232.9000226952595
93.79999999999873 -400.718446937596 -232.9099402821572
1 7 0 1
106
93.7999999999987 47.69081719454975 -254.8607530655515
1 8 0 1
107
93.79999999999868 69.70006046008217 -277.0000000000022
1 9 0 2
108
109
93.7999999999987 91.69999999999253 -234.3327660214317
93.7999999999987 91.69999999999187 -255.6663830107173
1 10 0 20
110
111
112
113
114
115
116
117
118
119
120
121
122
123
124
125
126
127
128
129
93.79999999999872 -368.5681069893565 -164.6230216298346
93.79999999999872 -345.554701639889 -167.0418279999502
93.79999999999872 -322.5412962904215 -169.4606343700657
93.79999999999872 -299.5278909409541 -171.8794407401812
93.79999999999872 -276.5144855914867 -174.2982471102968
93.79999999999872 -253.5010802420192 -176.7170534804123
93.79999999999872 -230.4876748925517 -179.1358598505279
93.79999999999872 -207.4742695430843 -181.5546662206434
93.7999999999987 -184.4608641936169 -183.9734725907589
93.7999999999987 -161.4474588441493 -186.3922789608745
93.7999999999987 -138.4340534946818 -188.81108533099
93.7999999999987 -115.4206481452143 -191.2298917011056
93.7999999999987 -92.40724279574675 -193.6486980712211
93.7999999999987 -69.39383744627925 -196.0675044413367
93.7999999999987 -46.38043209681173 -198.4863108114522
93.7999999999987 -23.36702674734422 -200.9051171815678
93.7999999999987 -0.3536213978767293 -203.3239235516833
93.7999999999987 22.65978395159078 -205.7427299217989
93.7999999999987 45.67318930105829 -208.1615362919144
93.7999999999987 68.68659465052579 -210.58034266203
1 12 0 4
130
131
132
133
93.7999999999987 -414.9133410421547 -157.3158988231671
93.7999999999987 -438.7600057816176 -157.3259200685339
93.7999999999987 -462.6066705210803 -157.3359413139008
93.7999999999987 -486.4533352605431 -157.3459625592676
1 13 0 4
134
135
136
137
93.7999999999987 -510.3000000000083 -253.0711967609132
93.7999999999987 -510.3000000000075 -229.1423935218434
93.7999999999987 -510.3000000000067 -205.2135902827736
93.7999999999987 -510.300000000006 -181.2847870437037
1 16 0 1
138
105.799999999999 47.69081719454975 -254.8607530655515
1 17 0 19
139
140
141
142
143
144
145
146
147
148
149
150
151
152
153
154
155
156
157
105.799999999999 -400.7184469375961 -232.9099402821572
105.799999999999 -377.1184490214634 -232.9000226952595
105.799999999999 -353.5184511053307 -232.8901051083618
105.799999999999 -329.918453189198 -232.8801875214641
105.799999999999 -306.3184552730652 -232.8702699345664
105.799999999999 -282.7184573569324 -232.8603523476687
105.799999999999 -259.1184594407996 -232.850434760771
105.799999999999 -235.5184615246668 -232.8405171738733
105.799999999999 -211.9184636085341 -232.8305995869756
105.799999999999 -188.3184656924014 -232.8206820000779
105.799999999999 -164.7184677762687 -232.8107644131803
105.799999999999 -141.118469860136 -232.8008468262826
105.799999999999 -117.5184719440033 -232.7909292393849
105.799999999999 -93.91847402787064 -232.7810116524872
105.799999999999 -70.31847611173799 -232.7710940655895
105.799999999999 -46.7184781956053 -232.7611764786918
105.799999999999 -23.11848027947242 -232.7512588917941
105.799999999999 0.4815176366605343 -232.7413413048964
105.799999999999 24.08151555279343 -232.7314237179987
1 20 0 4
158
159
160
161
105.799999999999 -414.9133410421547 -157.3158988231671
105.799999999999 -438.7600057816176 -157.3259200685339
105.799999999999 -462.6066705210803 -157.3359413139008
105.799999999999 -486.4533352605431 -157.3459625592676
1 21 0 3
162
163
164
105.799999999999 -488.7999801893008 -276.9999999999837
105.799999999999 -467.2999603785925 -276.9999999999845
105.799999999999 -445.7999405678843 -276.9999999999852
1 22 0 4
165
166
167
168
105.799999999999 -510.300000000006 -181.2847870437038
105.799999999999 -510.3000000000067 -205.2135902827735
105.799999999999 -510.3000000000075 -229.1423935218433
105.799999999999 -510.3000000000083 -253.0711967609131
1 24 0 20
169
170
171
172
173
174
175
176
177
178
179
180
181
182
183
184
185
186
187
188
105.799999999999 68.68659465052585 -210.58034266203
105.799999999999 45.67318930105838 -208.1615362919144
105.799999999999 22.6597839515909 -205.7427299217989
105.799999999999 -0.3536213978765659 -203.3239235516834
105.799999999999 -23.36702674734401 -200.9051171815678
105.799999999999 -46.38043209681152 -198.4863108114523
105.799999999999 -69.39383744627902 -196.0675044413367
105.799999999999 -92.40724279574655 -193.6486980712212
105.799999999999 -115.4206481452141 -191.2298917011056
105.799999999999 -138.4340534946816 -188.8110853309901
105.799999999999 -161.4474588441491 -186.3922789608745
105.799999999999 -184.4608641936167 -183.9734725907589
105.799999999999 -207.4742695430841 -181.5546662206434
105.799999999999 -230.4876748925515 -179.1358598505279
105.799999999999 -253.5010802420189 -176.7170534804123
105.799999999999 -276.5144855914864 -174.2982471102968
105.799999999999 -299.5278909409539 -171.8794407401813
105.799999999999 -322.5412962904214 -169.4606343700657
105.799999999999 -345.5547016398889 -167.0418279999502
105.799999999999 -368.5681069893564 -164.6230216298346
1 25 0 2
189
190
105.799999999999 91.69999999999187 -255.6663830107173
105.799999999999 91.69999999999253 -234.3327660214317
1 26 0 1
191
105.799999999999 69.70006046008211 -277.0000000000022
1 27 0 3
192
193
194
23.44999999999965 -391.5815123388238 -162.2042152597191
46.89999999999935 -391.5815123388238 -162.2042152597191
70.349999999999 -391.5815123388237 -162.2042152597191
1 29 0 3
195
196
197
23.44999999999965 -389.7000000000048 -144.3028211430901
46.89999999999935 -389.7000000000048 -144.3028211430901
70.349999999999 -389.7000000000047 -144.3028211430901
1 33 0 7
198
199
200
201
202
203
204
128.6999999999991 -389.7000000000047 -144.3028211430902
151.5999999999992 -389.7000000000046 -144.3028211430902
174.4999999999994 -389.7000000000046 -144.3028211430902
197.3999999999995 -389.7000000000046 -144.3028211430902
220.2999999999996 -389.7000000000046 -144.3028211430902
243.1999999999997 -389.7000000000046 -144.3028211430902
266.0999999999999 -389.7000000000046 -144.3028211430902
1 35 0 7
205
206
207
208
209
210
211
128.6999999999991 -391.5815123388237 -162.2042152597192
151.5999999999992 -391.5815123388236 -162.2042152597192
174.4999999999994 -391.5815123388236 -162.2042152597192
197.3999999999995 -391.5815123388236 -162.2042152597192
220.2999999999996 -391.5815123388236 -162.2042152597192
243.1999999999997 -391.5815123388236 -162.2042152597192
266.0999999999999 -391.5815123388236 -162.2042152597192
1 36 0 3
212
213
214
23.44999999999965 -510.3000000000098 -276.9999999999831
46.89999999999935 -510.3000000000098 -276.9999999999831
70.349999999999 -510.3000000000097 -276.9999999999831
1 37 0 3
215
216
217
0 -491.4944087734502 -276.9999999999834
0 -472.6888175468906 -276.999999999984
0 -453.8832263203308 -276.9999999999847
1 38 0 32
218
219
220
221
222
223
224
225
226
227
228
229
230
231
232
233
234
235
236
237
238
239
240
241
242
243
244
245
246
247
248
249
23.74287369788878 -433.9466226225517 -276.9999999999958
47.27072825489456 -430.5638278329835 -276.9999999999959
70.37049177677066 -424.9598858385166 -276.9999999999961
92.83296922797611 -417.1855468056448 -276.9999999999964
114.4547369343121 -407.3112163525359 -276.9999999999967
135.0399848192164 -395.4263179448512 -276.9999999999971
154.402289690139 -381.6384830629927 -276.9999999999976
172.3663035158416 -366.0725764747496 -276.9999999999981
188.7693414053225 -348.8695654406251 -276.9999999999986
203.462854907381 -330.1852430924967 -276.9999999999993
216.3137772883957 -310.1888175468879 -276.9999999999999
227.2057286052697 -289.0613795300628 -277.0000000000006
236.040069660217 -266.9942623923661 -277.0000000000014
242.7367952926122 -244.1873093637749 -277.0000000000021
247.235258918115 -220.8470637426599 -277.0000000000029
249.4947217535284 -197.1848984076926 -277.0000000000037
249.4947217535284 -173.4151015923233 -277.0000000000045
247.235258918115 -149.7529362573558 -277.0000000000052
242.7367952926122 -126.4126906362409 -277.000000000006
236.0400696602169 -103.6057376076498 -277.0000000000068
227.2057286052697 -81.53862046995314 -277.0000000000075
216.3137772883957 -60.41118245312796 -277.0000000000082
203.4628549073808 -40.41475690751898 -277.0000000000089
188.7693414053223 -21.73043455939066 -277.0000000000094
172.3663035158416 -4.527423525266386 -277.00000000001
154.402289690139 11.03848306297667 -277.0000000000105
135.0399848192165 24.82631794483513 -277.000000000011
114.4547369343121 36.71121635251993 -277.0000000000114
92.83296922797618 46.58554680562875 -277.0000000000117
70.37049177677065 54.35988583850062 -277.0000000000119
47.27072825489466 59.96382783296747 -277.0000000000121
23.74287369788898 63.34662262253562 -277.0000000000122
1 39 0 1
250
0 78.08881754687263 -277.0000000000022
1 40 0 3
251
252
253
23.44999999999965 91.69999999999122 -277.0000000000031
46.89999999999935 91.69999999999123 -277.0000000000031
70.349999999999 91.69999999999126 -277.0000000000031
1 41 0 7
254
255
256
257
258
259
260
128.6999999999991 91.69999999999131 -277.0000000000032
151.5999999999992 91.69999999999132 -277.0000000000032
174.4999999999994 91.69999999999133 -277.0000000000032
197.3999999999995 91.69999999999135 -277.0000000000032
220.2999999999996 91.69999999999136 -277.0000000000032
243.1999999999997 91.69999999999139 -277.0000000000032
266.0999999999999 91.69999999999141 -277.0000000000032
1 42 0 25
261
262
263
264
265
266
267
268
269
270
271
272
273
274
275
276
277
278
279
280
281
282
283
284
285
289 -487.1461538461628 -276.9999999999837
288.9999999999999 -463.9923076923166 -276.9999999999845
288.9999999999999 -440.8384615384704 -276.9999999999853
288.9999999999999 -417.6846153846242 -276.9999999999861
288.9999999999999 -394.530769230778 -276.9999999999868
288.9999999999999 -371.3769230769318 -276.9999999999876
288.9999999999999 -348.2230769230856 -276.9999999999883
288.9999999999999 -325.0692307692394 -276.9999999999891
288.9999999999998 -301.9153846153932 -276.9999999999899
288.9999999999998 -278.7615384615469 -276.9999999999907
288.9999999999998 -255.6076923077007 -276.9999999999914
288.9999999999998 -232.4538461538544 -276.9999999999922
288.9999999999998 -209.3000000000081 -276.999999999993
288.9999999999998 -186.1461538461619 -276.9999999999937
288.9999999999998 -162.9923076923156 -276.9999999999945
288.9999999999997 -139.8384615384693 -276.9999999999952
288.9999999999997 -116.6846153846232 -276.999999999996
288.9999999999997 -93.53076923077714 -276.9999999999968
288.9999999999997 -70.37692307693106 -276.9999999999976
288.9999999999997 -47.22307692308505 -276.9999999999983
288.9999999999997 -24.06923076923897 -276.9999999999991
288.9999999999996 -0.9153846153928384 -276.9999999999998
288.9999999999996 22.23846153845335 -277.0000000000006
288.9999999999996 45.39230769229931 -277.0000000000014
288.9999999999996 68.54615384614539 -277.0000000000022
1 43 0 7
286
287
288
289
290
291
292
128.6999999999991 -510.3000000000097 -276.9999999999832
151.5999999999992 -510.3000000000097 -276.9999999999832
174.4999999999994 -510.3000000000097 -276.9999999999832
197.3999999999995 -510.3000000000097 -276.9999999999832
220.2999999999996 -510.3000000000096 -276.9999999999832
243.1999999999997 -510.3000000000096 -276.9999999999832
266.0999999999999 -510.3000000000096 -276.9999999999832
1 44 0 3
293
294
295
23.44999999999965 91.69999999999322 -212.9991490321461
46.89999999999935 91.69999999999324 -212.9991490321461
70.349999999999 91.69999999999327 -212.9991490321461
1 45 0 20
296
297
298
299
300
301
302
303
304
305
306
307
308
309
310
311
312
313
314
315
0 68.68659465052572 -210.5803426620304
0 45.67318930105824 -208.1615362919149
0 22.65978395159078 -205.7427299217993
0 -0.3536213978766725 -203.3239235516838
0 -23.36702674734418 -200.9051171815682
0 -46.38043209681169 -198.4863108114527
0 -69.39383744627922 -196.0675044413371
0 -92.40724279574667 -193.6486980712216
0 -115.4206481452142 -191.229891701106
0 -138.4340534946817 -188.8110853309905
0 -161.4474588441492 -186.3922789608749
0 -184.4608641936167 -183.9734725907594
0 -207.4742695430841 -181.5546662206439
0 -230.4876748925515 -179.1358598505283
0 -253.501080242019 -176.7170534804128
0 -276.5144855914864 -174.2982471102972
0 -299.5278909409539 -171.8794407401817
0 -322.5412962904214 -169.4606343700661
0 -345.554701639889 -167.0418279999506
0 -368.5681069893565 -164.6230216298351
1 46 0 2
316
317
0 91.69999999999183 -255.6663830107173
0 91.6999999999925 -234.3327660214316
1 47 0 4
318
319
320
321
93.7999999999987 -510.3000000000046 -112.9020520487839
93.7999999999987 -510.3000000000039 -89.17653903658376
93.7999999999987 -510.3000000000031 -65.45102602438372
93.7999999999987 -510.3000000000023 -41.72551301218368
1 48 0 5
322
323
324
325
326
93.7999999999987 -490.2867295000814 -138.7319504806605
93.7999999999987 -470.2734590001577 -140.8363359003368
93.79999999999869 -450.260188500234 -142.9407213200132
93.79999999999869 -430.2469180003103 -145.0451067396896
93.79999999999869 -410.2336475003866 -147.1494921593659
1 51 0 20
327
328
329
330
331
332
333
334
335
336
337
338
339
340
341
342
343
344
345
346
93.79999999999866 68.86480253876499 -191.924828341299
93.79999999999866 46.02960507753619 -189.524752374995
93.79999999999866 23.19440761630739 -187.1246764086911
93.79999999999868 0.3592101550786424 -184.7246004423872
93.79999999999868 -22.4759873061501 -182.3245244760832
93.79999999999868 -45.31118476737879 -179.9244485097793
93.79999999999868 -68.14638222860754 -177.5243725434754
93.79999999999868 -90.98157968983625 -175.1242965771714
93.79999999999869 -113.8167771510651 -172.7242206108675
93.79999999999869 -136.6519746122939 -170.3241446445635
93.79999999999869 -159.4871720735227 -167.9240686782595
93.79999999999869 -182.3223695347515 -165.5239927119556
93.79999999999869 -205.1575669959803 -163.1239167456517
93.79999999999869 -227.9927644572091 -160.7238407793477
93.7999999999987 -250.8279619184379 -158.3237648130438
93.7999999999987 -273.6631593796668 -155.9236888467398
93.7999999999987 -296.4983568408956 -153.5236128804358
93.7999999999987 -319.3335543021242 -151.1235369141319
93.7999999999987 -342.1687517633528 -148.723460947828
93.7999999999987 -365.0039492245814 -146.3233849815241
1 52 0 7
347
348
349
350
351
352
353
93.7999999999987 91.69999999999889 -35.66561303844468
93.7999999999987 91.69999999999817 -58.33122607689586
93.7999999999987 91.69999999999743 -80.99683911534703
93.7999999999987 91.69999999999671 -103.6624521537982
93.7999999999987 91.69999999999598 -126.3280651922494
93.7999999999987 91.69999999999524 -148.9936782307006
93.7999999999987 91.69999999999452 -171.6592912691518
1 53 0 7
354
355
356
357
358
359
360
93.7999999999987 68.77499999999959 -12.9999999999935
93.7999999999987 45.84999999999958 -12.99999999999351
93.79999999999872 22.92499999999957 -12.99999999999351
93.79999999999872 -4.547473508864641e-13 -12.99999999999351
93.79999999999872 -22.92500000000045 -12.99999999999352
93.79999999999872 -45.85000000000043 -12.99999999999352
93.79999999999872 -68.77500000000042 -12.99999999999352
1 55 0 17
361
362
363
364
365
366
367
368
369
370
371
372
373
374
375
376
377
93.79999999999875 -487.0444444444455 -17.99999999998413
93.79999999999873 -463.7888888888899 -17.99999999998489
93.79999999999873 -440.5333333333343 -17.99999999998565
93.79999999999873 -417.2777777777789 -17.99999999998641
93.79999999999873 -394.0222222222233 -17.99999999998716
93.79999999999873 -370.7666666666677 -17.99999999998792
93.79999999999873 -347.5111111111121 -17.99999999998868
93.79999999999872 -324.2555555555566 -17.99999999998944
93.79999999999872 -301.000000000001 -17.99999999999019
93.79999999999872 -277.7444444444456 -17.99999999999095
93.79999999999872 -254.48888888889 -17.99999999999171
93.79999999999872 -231.2333333333344 -17.99999999999247
93.7999999999987 -207.9777777777787 -17.99999999999323
93.7999999999987 -184.7222222222231 -17.99999999999399
93.7999999999987 -161.4666666666674 -17.99999999999474
93.7999999999987 -138.2111111111118 -17.9999999999955
93.7999999999987 -114.9555555555562 -17.99999999999626
1 56 0 14
378
379
380
381
382
383
384
385
386
387
388
389
390
391
93.7999999999987 -139.156685008987 -40.91926346012951
93.7999999999987 -120.0150594303363 -54.82646849817446
93.7999999999987 -108.1848842228058 -75.31693302005897
93.7999999999987 -105.7117041535453 -98.84766955992295
93.7999999999987 -113.0231545246654 -121.3499999999935
93.7999999999987 -128.8550191445583 -138.933066979928
93.7999999999987 -150.4698247924695 -148.556598481747
93.7999999999987 -174.1301752075305 -148.556598481747
93.7999999999987 -195.7449808554417 -138.933066979928
93.7999999999987 -211.5768454753346 -121.3499999999935
93.7999999999987 -218.8882958464548 -98.84766955992299
93.7999999999987 -216.4151157771942 -75.31693302005901
93.7999999999987 -204.5849405696638 -54.82646849817453
93.7999999999987 -185.4433149910131 -40.91926346012953
1 57 0 12
392
393
394
395
396
397
398
399
400
401
402
403
93.7999999999987 -292.0750368870598 -41.60120034555163
93.7999999999987 -274.5560889578002 -57.12163388484004
93.7999999999987 -266.2565360566052 -79.00575633550827
93.7999999999987 -269.0777057326832 -102.2401789763735
93.7999999999987 -282.373302012025 -121.5021755855603
93.7999999999987 -303.0974640163382 -132.3790548721275
93.7999999999987 -326.5025359836612 -132.3790548721276
93.7999999999987 -347.2266979879745 -121.5021755855608
93.7999999999987 -360.5222942673166 -102.240178976374
93.7999999999987 -363.3434639433949 -79.00575633550861
93.7999999999987 -355.0439110422 -57.12163388484028
93.7999999999987 -337.5249631129404 -41.60120034555167
1 58 0 17
404
405
406
407
408
409
410
411
412
413
414
415
416
417
418
419
420
93.7999999999987 30.3049254308286 -39.96822555228123
93.7999999999987 50.09542471737389 -51.39427564276526
93.7999999999987 64.78447156901565 -68.89999999999402
93.79999999999869 72.60035014820286 -90.37394990950997
93.79999999999869 72.60035014820288 -113.226050090478
93.7999999999987 64.78447156901565 -134.699999999994
93.7999999999987 50.0954247173739 -152.2057243572227
93.7999999999987 30.30492543082865 -163.6317744477068
93.7999999999987 7.799999999999674 -167.599999999994
93.7999999999987 -14.70492543082936 -163.6317744477068
93.7999999999987 -34.49542471737463 -152.2057243572228
93.7999999999987 -49.18447156901644 -134.699999999994
93.79999999999872 -57.00035014820369 -113.226050090478
93.79999999999872 -57.0003501482037 -90.37394990951003
93.7999999999987 -49.18447156901651 -68.89999999999407
93.7999999999987 -34.49542471737477 -51.39427564276531
93.7999999999987 -14.70492543082942 -39.96822555228123
1 59 0 10
421
422
423
424
425
426
427
428
429
430
93.7999999999987 -427.901213830356 -42.63560232765026
93.7999999999987 -412.4773825941811 -60.43565245651482
93.7999999999987 -409.125463729377 -83.74876023981702
93.7999999999987 -418.909667791992 -105.1731786789066
93.7999999999987 -438.7235791240283 -117.9068062970796
93.7999999999987 -462.2764208759718 -117.9068062970796
93.7999999999987 -482.090332208008 -105.1731786789065
93.7999999999987 -491.874536270623 -83.7487602398169
93.7999999999987 -488.5226174058188 -60.43565245651475
93.7999999999987 -473.098786169644 -42.63560232765023
1 61 0 5
431
432
433
434
435
105.799999999999 -490.2867295000814 -138.7319504806605
105.799999999999 -470.2734590001577 -140.8363359003368
105.799999999999 -450.260188500234 -142.9407213200132
105.799999999999 -430.2469180003103 -145.0451067396896
105.799999999999 -410.2336475003866 -147.1494921593659
1 62 0 14
436
437
438
439
440
441
442
443
444
445
446
447
448
449
105.799999999999 -139.156685008987 -40.91926346012951
105.799999999999 -120.0150594303363 -54.82646849817446
105.799999999999 -108.1848842228058 -75.31693302005897
105.799999999999 -105.7117041535453 -98.84766955992295
105.799999999999 -113.0231545246654 -121.3499999999935
105.799999999999 -128.8550191445583 -138.933066979928
105.799999999999 -150.4698247924695 -148.556598481747
105.799999999999 -174.1301752075305 -148.556598481747
105.799999999999 -195.7449808554417 -138.933066979928
105.799999999999 -211.5768454753346 -121.3499999999935
105.799999999999 -218.8882958464548 -98.84766955992299
105.799999999999 -216.4151157771942 -75.31693302005901
105.799999999999 -204.5849405696638 -54.82646849817453
105.799999999999 -185.4433149910131 -40.91926346012953
1 64 0 12
450
451
452
453
454
455
456
457
458
459
460
461
105.799999999999 -292.0750368870598 -41.60120034555163
105.799999999999 -274.5560889578002 -57.12163388484004
105.799999999999 -266.2565360566052 -79.00575633550827
105.799999999999 -269.0777057326832 -102.2401789763735
105.799999999999 -282.373302012025 -121.5021755855603
105.799999999999 -303.0974640163382 -132.3790548721275
105.799999999999 -326.5025359836612 -132.3790548721276
105.799999999999 -347.2266979879745 -121.5021755855608
105.799999999999 -360.5222942673166 -102.240178976374
105.799999999999 -363.3434639433949 -79.00575633550861
105.799999999999 -355.0439110422 -57.12163388484028
105.799999999999 -337.5249631129404 -41.60120034555167
1 66 0 17
462
463
464
465
466
467
468
469
470
471
472
473
474
475
476
477
478
105.799999999999 30.3049254308286 -39.96822555228123
105.799999999999 50.09542471737389 -51.39427564276526
105.799999999999 64.78447156901565 -68.89999999999402
105.799999999999 72.60035014820286 -90.37394990950997
105.799999999999 72.60035014820288 -113.226050090478
105.799999999999 64.78447156901565 -134.699999999994
105.799999999999 50.0954247173739 -152.2057243572227
105.799999999999 30.30492543082865 -163.6317744477068
105.799999999999 7.799999999999674 -167.599999999994
105.799999999999 -14.70492543082936 -163.6317744477068
105.799999999999 -34.49542471737463 -152.2057243572228
105.799999999999 -49.18447156901644 -134.699999999994
105.799999999999 -57.00035014820369 -113.226050090478
105.799999999999 -57.0003501482037 -90.37394990951003
105.799999999999 -49.18447156901651 -68.89999999999407
105.799999999999 -34.49542471737477 -51.39427564276531
105.799999999999 -14.70492543082942 -39.96822555228123
1 68 0 10
479
480
481
482
483
484
485
486
487
488
105.799999999999 -427.901213830356 -42.63560232765026
105.799999999999 -412.4773825941811 -60.43565245651482
105.799999999999 -409.125463729377 -83.74876023981702
105.799999999999 -418.909667791992 -105.1731786789066
105.799999999999 -438.7235791240283 -117.9068062970796
105.799999999999 -462.2764208759718 -117.9068062970796
105.799999999999 -482.090332208008 -105.1731786789065
105.799999999999 -491.874536270623 -83.7487602398169
105.799999999999 -488.5226174058188 -60.43565245651475
105.799999999999 -473.098786169644 -42.63560232765023
1 72 0 7
489
490
491
492
493
494
495
105.799999999999 68.77499999999966 -12.9999999999935
105.799999999999 45.84999999999964 -12.99999999999351
105.799999999999 22.92499999999961 -12.99999999999351
105.799999999999 -4.121147867408581e-13 -12.99999999999351
105.799999999999 -22.92500000000042 -12.99999999999352
105.799999999999 -45.85000000000043 -12.99999999999352
105.799999999999 -68.77500000000042 -12.99999999999352
1 73 0 4
496
497
498
499
105.799999999999 -510.3000000000023 -41.72551301218351
105.799999999999 -510.3000000000031 -65.45102602438367
105.799999999999 -510.3000000000039 -89.17653903658372
105.799999999999 -510.3000000000046 -112.9020520487838
1 74 0 17
500
501
502
503
504
505
506
507
508
509
510
511
512
513
514
515
516
105.799999999999 -114.9555555555561 -17.99999999999626
105.799999999999 -138.2111111111117 -17.9999999999955
105.799999999999 -161.4666666666674 -17.99999999999474
105.799999999999 -184.722222222223 -17.99999999999399
105.799999999999 -207.9777777777786 -17.99999999999323
105.799999999999 -231.2333333333341 -17.99999999999247
105.799999999999 -254.4888888888897 -17.99999999999171
105.799999999999 -277.7444444444453 -17.99999999999095
105.799999999999 -301.0000000000008 -17.99999999999019
105.799999999999 -324.2555555555564 -17.99999999998944
105.799999999999 -347.5111111111119 -17.99999999998868
105.799999999999 -370.7666666666675 -17.99999999998792
105.799999999999 -394.022222222223 -17.99999999998716
105.799999999999 -417.2777777777786 -17.99999999998641
105.799999999999 -440.5333333333342 -17.99999999998565
105.799999999999 -463.7888888888899 -17.99999999998489
105.799999999999 -487.0444444444455 -17.99999999998413
1 76 0 7
517
518
519
520
521
522
523
105.799999999999 91.69999999999452 -171.6592912691518
105.799999999999 91.69999999999524 -148.9936782307006
105.799999999999 91.69999999999598 -126.3280651922495
105.799999999999 91.69999999999671 -103.6624521537983
105.799999999999 91.69999999999743 -80.9968391153471
105.799999999999 91.69999999999817 -58.3312260768959
105.799999999999 91.69999999999889 -35.66561303844472
1 77 0 20
524
525
526
527
528
529
530
531
532
533
534
535
536
537
538
539
540
541
542
543
105.799999999999 -365.0039492245813 -146.3233849815241
105.799999999999 -342.1687517633525 -148.723460947828
105.799999999999 -319.3335543021237 -151.123536914132
105.799999999999 -296.498356840895 -153.5236128804359
105.799999999999 -273.6631593796663 -155.9236888467399
105.799999999999 -250.8279619184375 -158.3237648130438
105.799999999999 -227.9927644572088 -160.7238407793477
105.799999999999 -205.15756699598 -163.1239167456517
105.799999999999 -182.3223695347513 -165.5239927119556
105.799999999999 -159.4871720735225 -167.9240686782596
105.799999999999 -136.6519746122936 -170.3241446445635
105.799999999999 -113.8167771510648 -172.7242206108675
105.799999999999 -90.98157968983597 -175.1242965771714
105.799999999999 -68.14638222860714 -177.5243725434754
105.799999999999 -45.31118476737834 -179.9244485097793
105.799999999999 -22.47598730614953 -182.3245244760833
105.799999999999 0.3592101550793245 -184.7246004423872
105.799999999999 23.19440761630796 -187.1246764086912
105.799999999999 46.02960507753653 -189.5247523749951
105.799999999999 68.86480253876516 -191.924828341299
1 80 0 10
544
545
546
547
548
549
550
551
552
553
289 -510.3000000000017 -41.54545454543793
289 -510.3000000000025 -65.09090909089247
289 -510.3000000000033 -88.63636363634697
288.9999999999999 -510.300000000004 -112.1818181818015
288.9999999999999 -510.3000000000047 -135.727272727256
288.9999999999999 -510.3000000000055 -159.2727272727106
288.9999999999999 -510.3000000000062 -182.8181818181652
288.9999999999999 -510.3000000000069 -206.3636363636199
288.9999999999999 -510.3000000000077 -229.9090909090742
288.9999999999999 -510.3000000000085 -253.4545454545286
1 81 0 7
554
555
556
557
558
559
560
128.6999999999991 -510.3000000000007 -17.99999999998336
151.5999999999992 -510.3000000000006 -17.99999999998337
174.4999999999994 -510.3000000000006 -17.99999999998338
197.3999999999995 -510.3000000000006 -17.99999999998338
220.2999999999996 -510.3000000000006 -17.99999999998339
243.1999999999997 -510.3000000000006 -17.9999999999834
266.0999999999999 -510.3000000000006 -17.99999999998341
1 82 0 3
561
562
563
23.44999999999965 -510.3000000000008 -17.99999999998332
46.89999999999935 -510.3000000000008 -17.99999999998333
70.349999999999 -510.3000000000007 -17.99999999998334
1 83 0 10
564
565
566
567
568
569
570
571
572
573
0 -510.3000000000017 -41.54545454543782
0 -510.3000000000025 -65.09090909089238
0 -510.3000000000032 -88.63636363634689
0 -510.300000000004 -112.1818181818014
0 -510.3000000000047 -135.727272727256
0 -510.3000000000055 -159.2727272727105
0 -510.3000000000062 -182.8181818181651
0 -510.3000000000069 -206.3636363636197
0 -510.3000000000077 -229.9090909090741
0 -510.3000000000085 -253.4545454545285
1 84 0 3
574
575
576
23.44999999999965 -91.70000000000057 -17.99999999999702
46.89999999999935 -91.70000000000056 -17.99999999999703
70.349999999999 -91.70000000000053 -17.99999999999704
1 85 0 17
577
578
579
580
581
582
583
584
585
586
587
588
589
590
591
592
593
0 -114.9555555555562 -17.99999999999622
0 -138.2111111111118 -17.99999999999546
0 -161.4666666666674 -17.9999999999947
0 -184.722222222223 -17.99999999999394
0 -207.9777777777786 -17.99999999999319
0 -231.2333333333341 -17.99999999999243
0 -254.4888888888897 -17.99999999999167
0 -277.7444444444453 -17.99999999999091
0 -301.0000000000009 -17.99999999999016
0 -324.2555555555564 -17.9999999999894
0 -347.5111111111119 -17.99999999998864
0 -370.7666666666674 -17.99999999998788
0 -394.022222222223 -17.99999999998712
0 -417.2777777777786 -17.99999999998636
0 -440.5333333333342 -17.99999999998561
0 -463.7888888888899 -17.99999999998485
0 -487.0444444444454 -17.99999999998409
1 86 0 7
594
595
596
597
598
599
600
128.6999999999991 91.69999999999381 -194.3249043076032
151.5999999999992 91.69999999999382 -194.3249043076032
174.4999999999994 91.69999999999384 -194.3249043076032
197.3999999999995 91.69999999999385 -194.3249043076032
220.2999999999996 91.69999999999386 -194.3249043076032
243.1999999999997 91.69999999999389 -194.3249043076032
266.0999999999999 91.69999999999391 -194.3249043076032
1 87 0 20
601
602
603
604
605
606
607
608
609
610
611
612
613
614
615
616
617
618
619
620
289 -365.0039492245813 -146.323384981524
288.9999999999999 -342.1687517633525 -148.7234609478279
288.9999999999999 -319.3335543021237 -151.1235369141318
288.9999999999999 -296.4983568408949 -153.5236128804358
288.9999999999999 -273.6631593796662 -155.9236888467397
288.9999999999999 -250.8279619184374 -158.3237648130437
288.9999999999999 -227.9927644572087 -160.7238407793476
288.9999999999999 -205.15756699598 -163.1239167456516
288.9999999999998 -182.3223695347512 -165.5239927119555
288.9999999999998 -159.4871720735223 -167.9240686782595
288.9999999999998 -136.6519746122935 -170.3241446445634
288.9999999999998 -113.8167771510647 -172.7242206108673
288.9999999999998 -90.98157968983583 -175.1242965771713
288.9999999999998 -68.14638222860702 -177.5243725434753
288.9999999999997 -45.31118476737811 -179.9244485097792
288.9999999999997 -22.47598730614936 -182.3245244760832
288.9999999999997 0.3592101550793814 -184.7246004423871
288.9999999999997 23.19440761630796 -187.124676408691
288.9999999999997 46.0296050775367 -189.524752374995
288.9999999999997 68.86480253876533 -191.9248283412989
1 88 0 7
621
622
623
624
625
626
627
128.6999999999991 -387.8391466858097 -143.9233090152202
151.5999999999992 -387.8391466858097 -143.9233090152202
174.4999999999994 -387.8391466858097 -143.9233090152202
197.3999999999995 -387.8391466858097 -143.9233090152202
220.2999999999996 -387.8391466858096 -143.9233090152202
243.1999999999997 -387.8391466858096 -143.9233090152202
266.0999999999999 -387.8391466858096 -143.9233090152202
1 89 0 3
628
629
630
23.44999999999965 -387.8391466858098 -143.9233090152201
46.89999999999935 -387.8391466858098 -143.9233090152202
70.349999999999 -387.8391466858097 -143.9233090152202
1 90 0 20
631
632
633
634
635
636
637
638
639
640
641
642
643
644
645
646
647
648
649
650
0 -365.0039492245812 -146.3233849815239
0 -342.1687517633525 -148.7234609478278
0 -319.3335543021237 -151.1235369141318
0 -296.498356840895 -153.5236128804357
0 -273.6631593796662 -155.9236888467397
0 -250.8279619184375 -158.3237648130436
0 -227.9927644572087 -160.7238407793475
0 -205.15756699598 -163.1239167456515
0 -182.3223695347512 -165.5239927119555
0 -159.4871720735224 -167.9240686782594
0 -136.6519746122936 -170.3241446445633
0 -113.8167771510647 -172.7242206108673
0 -90.98157968983594 -175.1242965771712
0 -68.14638222860711 -177.5243725434752
0 -45.31118476737828 -179.9244485097792
0 -22.47598730614948 -182.3245244760831
0 0.3592101550793245 -184.724600442387
0 23.19440761630801 -187.124676408691
0 46.02960507753653 -189.5247523749949
0 68.86480253876516 -191.9248283412988
1 91 0 3
651
652
653
23.44999999999965 91.69999999999372 -194.3249043076031
46.89999999999935 91.69999999999374 -194.3249043076031
70.349999999999 91.69999999999376 -194.3249043076031
1 93 0 7
654
655
656
657
658
659
660
128.6999999999991 -387.8989312447037 -144.4921210972762
151.5999999999992 -387.8989312447036 -144.4921210972762
174.4999999999994 -387.8989312447036 -144.4921210972762
197.3999999999995 -387.8989312447036 -144.4921210972762
220.2999999999996 -387.8989312447036 -144.4921210972762
243.1999999999997 -387.8989312447036 -144.4921210972762
266.0999999999999 -387.8989312447036 -144.4921210972762
1 94 0 3
661
662
663
23.44999999999965 -387.8989312447038 -144.4921210972761
46.89999999999935 -387.8989312447038 -144.4921210972761
70.349999999999 -387.8989312447037 -144.4921210972761
1 100 0 32
664
665
666
667
668
669
670
671
672
673
674
675
676
677
678
679
680
681
682
683
684
685
686
687
688
689
690
691
692
693
694
695
23.74287369788857 63.34662262253264 -295.0000000000024
47.27072825489412 59.96382783296454 -295.0000000000022
70.37049177677 54.35988583849772 -295.0000000000018
92.83296922797521 46.585546805626 -295.0000000000013
114.454736934311 36.7112163525172 -295.0000000000006
135.0399848192151 24.82631794483262 -294.9999999999998
154.4022896901376 11.03848306297428 -294.9999999999989
172.36630351584 -4.527423525268659 -294.9999999999979
188.7693414053207 -21.7304345593929 -294.9999999999968
203.4628549073791 -40.41475690752108 -294.9999999999956
216.3137772883938 -60.41118245312977 -294.9999999999943
227.2057286052677 -81.53862046995476 -294.9999999999928
236.0400696602149 -103.6057376076511 -294.9999999999914
242.7367952926101 -126.412690636242 -294.9999999999899
247.2352589181129 -149.7529362573567 -294.9999999999883
249.4947217535263 -173.4151015923239 -294.9999999999868
249.4947217535264 -197.1848984076931 -294.9999999999852
247.2352589181131 -220.8470637426604 -294.9999999999837
242.7367952926104 -244.1873093637751 -294.9999999999822
236.0400696602151 -266.9942623923662 -294.9999999999806
227.205728605268 -289.0613795300627 -294.9999999999792
216.3137772883941 -310.1888175468878 -294.9999999999778
203.4628549073794 -330.1852430924966 -294.9999999999765
188.769341405321 -348.8695654406248 -294.9999999999752
172.3663035158403 -366.072576474749 -294.9999999999741
154.4022896901378 -381.638483062992 -294.9999999999731
135.0399848192153 -395.4263179448505 -294.9999999999722
114.4547369343111 -407.3112163525351 -294.9999999999714
92.83296922797531 -417.1855468056439 -294.9999999999707
70.37049177677005 -424.9598858385157 -294.9999999999702
47.27072825489402 -430.5638278329825 -294.9999999999699
23.74287369788843 -433.9466226225506 -294.9999999999696
1 101 0 1
696
0 49.47763509374863 -295.000000000002
1 102 0 1
697
2.875196793289546e-14 -420.077635093768 -294.9999999999709
1 103 0 28
698
699
700
701
702
703
704
705
706
707
708
709
710
711
712
713
714
715
716
717
718
719
720
721
722
723
724
725
23.76214217787234 33.18928918031489 -294.9999999999934
47.24569496464291 29.3393561179046 -294.9999999999932
70.1753351751039 22.97297285164657 -294.9999999999927
92.28223374255762 14.16477940449795 -294.9999999999922
113.3072074938308 3.018043791218446 -294.9999999999914
133.0037578350066 -10.33654870468379 -294.9999999999906
151.1409607220624 -25.74242769641469 -294.9999999999895
167.5061740341503 -43.01897333852565 -294.9999999999884
181.9075306080431 -61.96363392945925 -294.9999999999872
194.176187705198 -82.35430064505508 -294.9999999999858
204.1683065384909 -103.9519115614372 -294.9999999999844
211.7667386504829 -126.503254437495 -294.9999999999829
216.8823993719736 -149.7439353968963 -294.9999999999814
219.4553122582967 -173.401478704549 -294.9999999999798
219.4553122582968 -197.1985212954694 -294.9999999999782
216.8823993719739 -220.8560646031222 -294.9999999999766
211.7667386504833 -244.0967455625236 -294.9999999999752
204.1683065384914 -266.6480884385816 -294.9999999999736
194.1761877051985 -288.2456993549639 -294.9999999999722
181.9075306080437 -308.6363660705599 -294.9999999999709
167.5061740341509 -327.5810266614936 -294.9999999999696
151.1409607220631 -344.8575723036047 -294.9999999999685
133.0037578350072 -360.2634512953357 -294.9999999999675
113.3072074938314 -373.6180437912381 -294.9999999999666
92.28223374255809 -384.7647794045176 -294.9999999999659
70.17533517510428 -393.5729728516665 -294.9999999999653
47.24569496464318 -399.9393561179245 -294.9999999999649
23.76214217787257 -403.7892891803349 -294.9999999999646
1 104 0 7
726
727
728
729
730
731
732
0 17.28205809289111 -309.5840770722482
0 0.08648109203360121 -324.1681541445035
0 -17.10909590882387 -338.7522312167587
0 -34.30467290968133 -353.3363082890139
0 -51.50024991053887 -367.9203853612692
0 -68.69582691139637 -382.5044624335244
0 -85.89140391225382 -397.0885395057795
1 105 0 7
733
734
735
736
737
738
739
1.217404190066101e-14 -284.7085960877787 -397.0885395057667
1.427989273402008e-14 -301.9041730886343 -382.5044624335092
1.638574356737917e-14 -319.0997500894898 -367.9203853612518
1.849159440073824e-14 -336.2953270903454 -353.3363082889942
2.059744523409733e-14 -353.490904091201 -338.7522312167367
2.270329606745642e-14 -370.6864810920566 -324.1681541444792
2.480914690081551e-14 -387.8820580929123 -309.5840770722216
1 106 0 10
740
741
742
743
744
745
746
747
748
749
23.16208407300726 -106.417185846496 -411.6726165780342
44.44771384463745 -116.1380072484398 -411.6726165780336
62.13245418130766 -131.4619219809078 -411.6726165780325
74.78359259614137 -151.1474776071053 -411.6726165780312
81.37620909398601 -173.5998674847052 -411.6726165780298
81.37620909398608 -197.0001325153283 -411.6726165780282
74.78359259614157 -219.4525223929283 -411.6726165780268
62.1324541813079 -239.1380780191259 -411.6726165780255
44.44771384463767 -254.461992751594 -411.6726165780245
23.16208407300739 -264.1828141535379 -411.6726165780238
1 108 0 3
750
751
752
0 -121.1672648227215 -396.8731147336013
0 -140.7076063695982 -384.0825711384055
0 -162.2105966800143 -375.0599110381619
1 109 0 3
753
754
755
2.827636387006055e-15 -208.389403320015 -375.0599110381591
5.460993212580884e-15 -229.8923936304324 -384.0825711383994
7.853994885543838e-15 -249.4327351773106 -396.8731147335928
1 111 0 7
756
757
758
759
760
761
762
0 68.77500000000001 -2.329373591289002e-12
0 45.85000000000004 -1.552927487584521e-12
0 22.92500000000005 -7.764813838800381e-13
0 7.815970093361102e-14 -3.528017555637178e-17
0 -22.92499999999994 7.764108235289267e-13
0 -45.84999999999997 1.55285692723341e-12
0 -68.77499999999998 2.329303030937893e-12
1 112 0 8
763
764
765
766
767
768
769
770
0 91.69999999999446 -172.7332482734252
0 91.69999999999516 -151.1415922392474
0 91.69999999999585 -129.5499362050696
0 91.69999999999654 -107.9582801708918
0 91.69999999999723 -86.36662413671397
0 91.69999999999793 -64.77496810253626
0 91.69999999999862 -43.18331206835853
0 91.69999999999932 -21.59165603418086
1 113 0 12
771
772
773
774
775
776
777
778
779
780
781
782
22.23076923076928 91.70000000000003 -3.114044568094192e-12
44.46153846153851 91.70000000000005 -3.122520485783872e-12
66.69230769230779 91.70000000000006 -3.130996403473553e-12
88.92307692307696 91.70000000000009 -3.139472321163232e-12
111.1538461538463 91.7000000000001 -3.147948238852913e-12
133.3846153846156 91.70000000000012 -3.156424156542593e-12
155.6153846153849 91.70000000000013 -3.164900074232273e-12
177.8461538461543 91.70000000000014 -3.173375991921953e-12
200.0769230769235 91.70000000000016 -3.181851909611634e-12
222.3076923076927 91.70000000000019 -3.190327827301314e-12
244.5384615384618 91.7000000000002 -3.198803744990993e-12
266.7692307692308 91.70000000000022 -3.207279662680674e-12
1 114 0 8
783
784
785
786
787
788
789
790
289 91.6999999999947 -172.7332482734252
289 91.6999999999954 -151.1415922392474
289 91.69999999999609 -129.5499362050696
289.0000000000001 91.69999999999679 -107.9582801708918
289.0000000000001 91.69999999999747 -86.36662413671404
289.0000000000001 91.69999999999817 -64.77496810253629
289.0000000000001 91.69999999999887 -43.18331206835859
289.0000000000001 91.69999999999956 -21.59165603418089
1 115 0 12
791
792
793
794
795
796
797
798
799
800
801
802
22.23076923076928 -91.69999999999997 3.098763477708178e-12
44.46153846153851 -91.69999999999996 3.090287560018498e-12
66.69230769230779 -91.69999999999995 3.081811642328817e-12
88.92307692307696 -91.69999999999992 3.073335724639137e-12
111.1538461538463 -91.6999999999999 3.064859806949457e-12
133.3846153846156 -91.69999999999989 3.056383889259777e-12
155.6153846153849 -91.69999999999987 3.047907971570097e-12
177.8461538461543 -91.69999999999986 3.039432053880417e-12
200.0769230769235 -91.69999999999985 3.030956136190736e-12
222.3076923076927 -91.69999999999982 3.022480218501056e-12
244.5384615384618 -91.6999999999998 3.014004300811376e-12
266.7692307692308 -91.69999999999979 3.005528383121696e-12
1 116 0 7
803
804
805
806
807
808
809
289 68.7750000000002 -2.438759775609968e-12
289.0000000000001 45.85000000000021 -1.662313671905485e-12
289.0000000000001 22.92500000000021 -8.858675682010026e-13
289.0000000000001 2.131628207280301e-13 -1.094214644965202e-13
289.0000000000001 -22.92499999999977 6.670246392079619e-13
289.0000000000001 -45.84999999999975 1.443470742912444e-12
289.0000000000001 -68.77499999999974 2.219916846616926e-12
1 117 0 7
810
811
812
813
814
815
816
128.6999999999991 -91.70000000000049 -17.99999999999706
151.5999999999992 -91.70000000000047 -17.99999999999707
174.4999999999994 -91.70000000000046 -17.99999999999708
197.3999999999995 -91.70000000000044 -17.99999999999708
220.2999999999996 -91.70000000000043 -17.99999999999709
243.1999999999997 -91.7000000000004 -17.9999999999971
266.0999999999999 -91.70000000000039 -17.99999999999711
1 119 0 17
817
818
819
820
821
822
823
824
825
826
827
828
829
830
831
832
833
289 -114.955555555556 -17.99999999999634
289.0000000000001 -138.2111111111116 -17.99999999999558
289.0000000000001 -161.4666666666672 -17.99999999999483
289.0000000000001 -184.7222222222228 -17.99999999999407
289.0000000000001 -207.9777777777784 -17.99999999999331
289.0000000000001 -231.2333333333339 -17.99999999999255
289.0000000000001 -254.4888888888896 -17.9999999999918
289.0000000000001 -277.7444444444452 -17.99999999999104
289.0000000000002 -301.0000000000007 -17.99999999999028
289.0000000000002 -324.2555555555563 -17.99999999998952
289.0000000000002 -347.5111111111119 -17.99999999998876
289.0000000000002 -370.7666666666674 -17.99999999998801
289.0000000000002 -394.022222222223 -17.99999999998725
289.0000000000002 -417.2777777777787 -17.99999999998649
289.0000000000002 -440.5333333333343 -17.99999999998573
289.0000000000003 -463.7888888888899 -17.99999999998498
289.0000000000003 -487.0444444444455 -17.99999999998422
1 120 0 20
834
835
836
837
838
839
840
841
842
843
844
845
846
847
848
849
850
851
852
853
289 68.6865946505259 -210.5803426620305
289.0000000000001 45.67318930105841 -208.1615362919149
289.0000000000001 22.65978395159092 -205.7427299217994
289.0000000000001 -0.3536213978765801 -203.3239235516838
289.0000000000001 -23.36702674734404 -200.9051171815683
289.0000000000001 -46.38043209681152 -198.4863108114527
289.0000000000001 -69.39383744627906 -196.0675044413372
289.0000000000001 -92.40724279574655 -193.6486980712216
289.0000000000002 -115.420648145214 -191.2298917011061
289.0000000000002 -138.4340534946814 -188.8110853309906
289.0000000000002 -161.4474588441489 -186.392278960875
289.0000000000002 -184.4608641936164 -183.9734725907595
289.0000000000002 -207.4742695430838 -181.5546662206439
289.0000000000002 -230.4876748925513 -179.1358598505284
289.0000000000003 -253.5010802420187 -176.7170534804128
289.0000000000003 -276.5144855914862 -174.2982471102973
289.0000000000003 -299.5278909409537 -171.8794407401817
289.0000000000003 -322.5412962904212 -169.4606343700662
289.0000000000003 -345.5547016398889 -167.0418279999506
289.0000000000003 -368.5681069893564 -164.6230216298351
1 121 0 7
854
855
856
857
858
859
860
128.6999999999991 91.69999999999331 -212.9991490321462
151.5999999999992 91.69999999999332 -212.9991490321462
174.4999999999994 91.69999999999334 -212.9991490321462
197.3999999999995 91.69999999999335 -212.9991490321462
220.2999999999996 91.69999999999337 -212.9991490321462
243.1999999999997 91.69999999999339 -212.9991490321462
266.0999999999999 91.69999999999341 -212.9991490321462
1 122 0 2
861
862
289 91.69999999999207 -255.6663830107173
289 91.69999999999273 -234.3327660214316
2 1 0 2
863
864
99.79999999999886 -424.304551781314 -265.9799644672533
99.79999999999886 -424.3138138295905 -243.9398934017877
2 2 0 55
865
866
867
868
869
870
871
872
873
874
875
876
877
878
879
880
881
882
883
884
885
886
887
888
889
890
891
892
893
894
895
896
897
898
899
900
901
902
903
904
905
906
907
908
909
910
911
912
913
914
915
916
917
918
919
93.79999999999872 -487.2172279003938 -218.2177803848753
93.79999999999872 -389.3749400083074 -213.6794424272971
93.79999999999872 -450.6746594982837 -177.9827481511227
93.79999999999872 -442.2102518093278 -243.8199810498815
93.7999999999987 -343.7037418914153 -212.9465755447752
93.79999999999872 -478.049970283946 -258.3804366620421
93.79999999999872 -443.7165023388528 -221.2694749374427
93.79999999999872 -424.9978215586514 -208.0531805182721
93.7999999999987 -286.8933826375506 -192.597438925477
93.79999999999872 -379.9489344512231 -176.761851686918
93.79999999999872 -399.9231050601377 -178.0015400405922
93.7999999999987 -244.7435178489173 -197.8020037341768
93.7999999999987 -201.9938401829727 -200.6353817711719
93.79999999999869 73.22454573266361 -244.9995745160737
93.79999999999872 -466.089139582565 -235.707924640428
93.7999999999987 -151.8862452540133 -208.9813457829407
93.79999999999872 -464.7092761171159 -209.6332705870309
93.79999999999872 -486.3942811591702 -193.4005611158864
93.7999999999987 -268.8717109947879 -211.4409511285101
93.79999999999872 -426.1843947251285 -181.7745876429751
93.7999999999987 -223.1547121548468 -213.6735908308031
93.7999999999987 -336.6963904148876 -188.8339457179483
93.7999999999987 -178.9927423442028 -209.3734146444778
93.7999999999987 -105.1931032853481 -212.3355829012956
93.7999999999987 -318.1270431133286 -212.4370310033846
93.79999999999872 -356.4386469607128 -198.5701572796327
93.7999999999987 -128.2618319972327 -211.1582802969999
93.7999999999987 -312.2107596351806 -190.5701155966864
93.7999999999987 -81.82447602555111 -213.7131081188741
93.79999999999872 -490.9557070178311 -241.7400081238607
93.79999999999872 -445.055464912416 -198.3902325721379
93.7999999999987 -294.872520937706 -213.8424579836274
93.79999999999872 -456.5499504732376 -259.6066866532072
93.79999999999869 -58.53231497299299 -214.920246566296
93.79999999999872 -366.3718333583735 -214.6565862400134
93.7999999999987 -266.1048354629523 -190.5711388757746
93.79999999999872 -474.5228076217005 -174.462892765993
93.79999999999869 -35.25257502046796 -216.0959115306447
93.79999999999872 -404.2083860842937 -199.0505860005139
93.7999999999987 -246.2813723928036 -217.7214995256269
93.79999999999869 -11.97449963750762 -217.2624717572062
93.79999999999869 65.42388670510047 -228.5192749541011
93.79999999999872 -378.3786943555953 -196.2290673609831
93.7999999999987 -221.5708029244746 -194.5603004814646
93.79999999999872 -464.6834400662801 -190.347375054137
93.79999999999869 64.1120371835101 -262.1711005601075
93.79999999999872 -493.3164349799117 -173.688010144327
93.79999999999872 -408.7236078885154 -217.3226014194591
93.79999999999869 11.79523653018416 -218.8544338699963
93.79999999999872 -439.8500823874956 -261.303964402639
93.79999999999872 -495.0406142298268 -260.983926031477
93.7999999999987 -200.5074209611984 -218.9115875915041
93.79999999999872 -359.6866920796231 -180.2805954093479
93.79999999999869 34.44542483655059 -220.8867738317022
93.79999999999869 78.83381483375905 -264.2147772996605
2 3 0 2
920
921
99.79999999999886 47.68616533173805 -243.7911295983263
99.79999999999886 47.69546905736134 -265.9303765327765
2 4 0 20
922
923
924
925
926
927
928
929
930
931
932
933
934
935
936
937
938
939
940
941
99.79999999999886 -412.5184458956625 -232.9148990756061
99.79999999999885 35.88151451086003 -232.7264649245499
99.79999999999886 12.28151659472712 -232.7363825114476
99.79999999999886 -176.5184667343349 -232.8157232066292
99.79999999999886 -200.1184646504676 -232.8256407935269
99.79999999999887 -388.9184479795296 -232.9049814887084
99.79999999999883 -129.3184709020694 -232.7958880328338
99.79999999999886 -152.9184688182022 -232.8058056197315
99.79999999999886 -223.7184625666003 -232.8355583804246
99.79999999999887 -247.318460482733 -232.8454759673223
99.79999999999887 -365.3184500633968 -232.8950639018107
99.79999999999886 -11.31848132140573 -232.7463000983453
99.79999999999883 -105.7184729859367 -232.7859704459361
99.79999999999887 -270.9184583988657 -232.85539355422
99.79999999999886 -82.11847506980405 -232.7760528590384
99.799999999999 -34.91847923753886 -232.756217685243
99.79999999999887 -294.5184563149985 -232.8653111411177
99.79999999999886 -58.51847715367131 -232.7661352721407
99.79999999999887 -318.1184542311312 -232.8752287280154
99.79999999999887 -341.718452147264 -232.8851463149131
2 5 0 5
942
943
944
945
946
99.79999999999886 -426.8366734118862 -157.3209094458506
99.79999999999886 -498.3766676302745 -157.350973181951
99.79999999999886 -474.5300028908117 -157.3409519365842
99.79999999999885 -450.6833381513489 -157.3309306912174
99.79999999999886 -402.9900086724234 -157.3108882004837
2 6 0 55
947
948
949
950
951
952
953
954
955
956
957
958
959
960
961
962
963
964
965
966
967
968
969
970
971
972
973
974
975
976
977
978
979
980
981
982
983
984
985
986
987
988
989
990
991
992
993
994
995
996
997
998
999
1000
1001
105.799999999999 -487.2172279003937 -218.2177803848752
105.799999999999 -389.3749400083076 -213.6794424272972
105.799999999999 -450.6746594982837 -177.9827481511227
105.799999999999 -442.2102518093278 -243.8199810498815
105.799999999999 -343.7037418914156 -212.946575544775
105.799999999999 -478.049970283946 -258.3804366620421
105.799999999999 -443.7165023388528 -221.2694749374427
105.799999999999 -424.9978215586514 -208.0531805182721
105.799999999999 -286.8933826375506 -192.597438925477
105.799999999999 -379.9489344512231 -176.761851686918
105.799999999999 -399.9231050601377 -178.0015400405922
105.799999999999 -244.7435178489172 -197.8020037341767
105.799999999999 -201.9938401829727 -200.6353817711718
105.799999999999 73.22454573266361 -244.9995745160737
105.799999999999 -466.089139582565 -235.707924640428
105.799999999999 -151.8862452540131 -208.9813457829407
105.799999999999 -464.7092761171158 -209.6332705870309
105.799999999999 -486.3942811591703 -193.4005611158864
105.799999999999 -268.8717109947881 -211.4409511285101
105.799999999999 -426.1843947251285 -181.7745876429751
105.799999999999 -223.1547121548468 -213.6735908308031
105.799999999999 -336.6963904148875 -188.8339457179483
105.799999999999 -178.9927423442027 -209.3734146444778
105.799999999999 -105.1931032853481 -212.3355829012957
105.799999999999 -318.1270431133292 -212.4370310033845
105.799999999999 -356.438646960713 -198.5701572796326
105.799999999999 -128.2618319972327 -211.1582802969999
105.799999999999 -312.2107596351805 -190.5701155966865
105.799999999999 -81.82447602555116 -213.7131081188741
105.799999999999 -490.9557070178311 -241.7400081238607
105.799999999999 -445.055464912416 -198.3902325721379
105.799999999999 -294.8725209377064 -213.8424579836274
105.799999999999 -456.5499504732376 -259.6066866532072
105.799999999999 -58.53231497299313 -214.920246566296
105.799999999999 -366.3718333583737 -214.6565862400134
105.799999999999 -266.1048354629523 -190.5711388757746
105.799999999999 -474.5228076217005 -174.462892765993
105.799999999999 -35.25257502046804 -216.0959115306447
105.799999999999 -404.2083860842938 -199.050586000514
105.799999999999 -246.2813723928037 -217.7214995256269
105.799999999999 -11.97449963750768 -217.2624717572062
105.799999999999 65.42388670510053 -228.5192749541011
105.799999999999 -378.3786943555954 -196.2290673609832
105.799999999999 -221.5708029244745 -194.5603004814646
105.799999999999 -464.68344006628 -190.347375054137
105.799999999999 64.1120371835101 -262.1711005601075
105.799999999999 -493.3164349799117 -173.688010144327
105.799999999999 -408.7236078885155 -217.3226014194591
105.799999999999 11.79523653018413 -218.8544338699963
105.799999999999 -439.8500823874957 -261.303964402639
105.799999999999 -495.0406142298268 -260.9839260314769
105.799999999999 -200.5074209611985 -218.9115875915041
105.799999999999 -359.686692079623 -180.2805954093477
105.799999999999 34.44542483655056 -220.8867738317022
105.799999999999 78.83381483375899 -264.2147772996605
2 7 0 13
1002
1003
1004
1005
1006
1007
1008
1009
1010
1011
1012
1013
1014
99.79999999999887 -390.6435266515778 -153.279877578421
87.92170621849357 -390.6430458654187 -153.2753032036784
111.8843378857621 -390.642853550955 -153.2734734537814
35.1749999999995 -390.6407561694145 -153.2535182014046
11.7249999999998 -390.6407561694145 -153.2535182014045
58.6249999999992 -390.6407561694145 -153.2535182014046
254.6499999999999 -390.6407561694143 -153.2535182014047
163.0499999999993 -390.6407561694144 -153.2535182014047
185.9499999999994 -390.6407561694144 -153.2535182014047
140.1499999999992 -390.6407561694144 -153.2535182014046
208.8499999999996 -390.6407561694144 -153.2535182014047
231.7499999999997 -390.6407561694143 -153.2535182014047
277.55 -390.6407561694143 -153.2535182014046
2 8 0 127
1015
1016
1017
1018
1019
1020
1021
1022
1023
1024
1025
1026
1027
1028
1029
1030
1031
1032
1033
1034
1035
1036
1037
1038
1039
1040
1041
1042
1043
1044
1045
1046
1047
1048
1049
1050
1051
1052
1053
1054
1055
1056
1057
1058
1059
1060
1061
1062
1063
1064
1065
1066
1067
1068
1069
1070
1071
1072
1073
1074
1075
1076
1077
1078
1079
1080
1081
1082
1083
1084
1085
1086
1087
1088
1089
1090
1091
1092
1093
1094
1095
1096
1097
1098
1099
1100
1101
1102
1103
1104
1105
1106
1107
1108
1109
1110
1111
1112
1113
1114
1115
1116
1117
1118
1119
1120
1121
1122
1123
1124
1125
1126
1127
1128
1129
1130
1131
1132
1133
1134
1135
1136
1137
1138
1139
1140
1141
208.8499999999997 -490.4680182533459 -276.9999999999839
268.1464316642847 -407.6907663581514 -276.9999999999866
177.0321285932619 -389.2471353762104 -276.9999999999872
195.1325510922746 1.227877053244981 -277.0000000000001
164.0326577085337 -490.8089070486961 -276.9999999999838
233.3420042576452 71.19996375735019 -277.0000000000024
124.7589061098888 -436.2226776041237 -276.9999999999856
265.8190670499931 -450.8933950554342 -276.9999999999852
212.9077780506259 -351.4622542823257 -276.9999999999885
266.9608855948941 -15.36004783756886 -276.9999999999995
184.0919794722097 74.12691499231897 -277.0000000000025
269.3318061978015 34.72725983956383 -277.0000000000013
270.0967251022141 -337.0620262396643 -276.9999999999889
121.7940277020227 58.13147528683254 -277.0000000000019
36.02820114974475 -451.5133038907289 -276.9999999999851
237.762253960487 -62.06516874130244 -276.999999999998
75.18043666205665 -478.0499702839464 -276.9999999999842
156.6617525255529 34.70064839794367 -277.0000000000012
16.2377238046904 -482.1556117151719 -276.999999999984
122.7176146556077 -477.8570754693007 -276.9999999999843
269.4299447816178 -287.048015585213 -276.9999999999906
252.6389050433262 -488.667683886392 -276.9999999999839
237.8101824339725 -307.2819026404528 -276.9999999999899
269.370797620119 -84.72605387109923 -276.9999999999973
256.2314447663564 -264.4172884976998 -276.9999999999914
256.2356559082315 -106.6735200571255 -276.9999999999965
61.67256928994931 -444.5111274986531 -276.9999999999853
210.1716352315315 -16.25035461636656 -276.9999999999995
217.0895505620312 7.214096906557472 -277.0000000000003
201.4531598103268 24.29326419482851 -277.0000000000009
228.3059008684079 30.86241030063201 -277.0000000000011
241.8445972511058 12.19447947495547 -277.0000000000005
208.7658735370807 47.187257480803 -277.0000000000016
227.2745355580885 -34.7681986948474 -276.9999999999989
253.1247702279112 -41.91117175797604 -276.9999999999987
184.0829049745942 39.74362726647252 -277.0000000000014
195.8243130384963 -370.8445218843422 -276.9999999999878
200.508439999018 -395.5871997845203 -276.999999999987
183.2015554187404 -412.3530879664656 -276.9999999999864
206.6211391521261 -418.7816601198075 -276.9999999999862
189.6278761289284 -435.7457500187488 -276.9999999999857
212.8436435462311 -441.990229224481 -276.9999999999854
166.2056480253827 -429.3245688932332 -276.9999999999858
223.6725428239615 -401.8923365621696 -276.9999999999868
172.207956263512 -452.0050606970455 -276.9999999999851
146.4863927207026 -447.6295866746345 -276.9999999999852
226.2856933328071 -330.1019450576005 -276.9999999999891
235.7643584080067 -351.1558645578064 -276.9999999999885
222.1054526586046 -376.91760318763 -276.9999999999876
249.3266010299538 -372.1390239760074 -276.9999999999878
245.0484279268159 -19.3300093424906 -276.9999999999994
141.845264446271 -422.3941174677947 -276.9999999999861
266.752959224348 -129.1816547085515 -276.9999999999958
266.6983565329457 -242.2124044888162 -276.9999999999921
177.3498269347882 17.7460794083666 -277.0000000000006
169.1929497424596 56.43098983044894 -277.0000000000019
139.6344278670422 73.28790950386662 -277.0000000000024
159.6211451655019 -405.063951785258 -276.9999999999866
194.511787970149 -457.4165666822389 -276.9999999999849
216.5209758465644 -468.3858008248105 -276.9999999999846
237.5139402879886 -451.1572041302654 -276.9999999999852
229.8165871453447 -425.0624512284793 -276.999999999986
253.333950590181 -428.7438396221984 -276.9999999999859
252.1540264953998 -467.9351505367599 -276.9999999999846
267.4451107899989 10.97888810307808 -277.0000000000005
270.5780291209204 -313.4290844925256 -276.9999999999897
271.3763960607363 -58.3231293507443 -276.9999999999982
270.210828832504 -359.9963288821049 -276.9999999999882
270.4227321017588 57.05958761714072 -277.000000000002
248.1174093246367 48.32586956580104 -277.0000000000016
186.236530350159 -491.4973386081238 -276.9999999999838
229.2938810244465 -490.251623634506 -276.9999999999839
209.5298886658884 69.15534016795397 -277.0000000000023
270.2660828894487 -383.3217648828914 -276.9999999999874
245.9009202062019 -408.3976824993127 -276.9999999999866
124.4195633379405 -456.5499504732384 -276.9999999999849
156.2079696895711 -470.4890950658159 -276.9999999999845
56.48617113298599 -466.3812670057212 -276.9999999999846
267.3242479609833 -159.0064452178389 -276.9999999999948
266.9330518243978 -210.7890159713992 -276.9999999999931
255.5955267920276 72.50101220523112 -277.0000000000024
56.83548875045079 -490.4878074980652 -276.9999999999838
270.5448148389005 -475.5692307692397 -276.9999999999844
132.9569476181363 43.16054252079203 -277.0000000000015
16.28611973538619 -463.2860219336108 -276.9999999999847
267.468676608894 -185.3000000000079 -276.999999999994
140.3892210866753 -489.8485512718396 -276.9999999999839
31.56473927464947 -494.3999046163337 -276.9999999999836
247.1093972302232 -286.1197055435313 -276.9999999999906
247.0091791241646 -84.77741622939038 -276.9999999999973
250.1186199130838 -327.1785496827785 -276.9999999999893
273.8924103767081 -37.37733132772257 -276.9999999999989
59.72534865015484 74.52214412807785 -277.0000000000024
227.9030771307412 52.09691255475349 -277.0000000000018
273.0598898608916 -429.1702155917757 -276.9999999999859
177.7160684929354 -473.0645522284475 -276.9999999999844
80.53094461510648 -438.0315266372184 -276.9999999999855
34.24022309275699 -472.2588040980156 -276.9999999999844
161.6842225762633 74.30722228332075 -277.0000000000025
79.31603440464374 -456.5499504732384 -276.9999999999849
147.5090146894943 55.27369179721205 -277.0000000000019
124.3797784619374 -417.1308500252963 -276.9999999999862
36.18960677561762 76.44632368557274 -277.0000000000025
13.89708007891761 77.62656649145248 -277.0000000000026
250.985046067852 -3.290076938063635 -276.9999999999999
85.93403557494463 59.12517934036413 -277.000000000002
272.2798722156325 -493.5107279483147 -276.9999999999838
255.1034266571526 -349.5063586676723 -276.9999999999885
272.3910150681256 75.0206522911123 -277.0000000000026
15.21143891660392 -447.5413619721986 -276.9999999999852
238.8882603374838 -391.4611839414682 -276.9999999999872
251.9309037712774 27.70971288357902 -277.000000000001
274.071949216184 -265.6093878681953 -276.9999999999913
121.0995067913726 76.40027785785657 -277.0000000000026
120.96940807285 -495.249772324577 -276.9999999999836
196.9479089514009 -476.3353598931416 -276.9999999999843
77.84446429155565 -494.9357588875949 -276.9999999999836
274.0718825505396 -106.1593226504353 -276.9999999999966
14.25049261586787 -497.7299850209951 -276.9999999999835
138.1591414163208 -468.1391685302876 -276.9999999999845
228.8390524997073 -8.488127939241451 -276.9999999999998
255.5875640967964 -68.17029018068683 -276.9999999999978
255.4646363798537 -303.0868473569783 -276.9999999999901
192.5861297419119 56.93068922804224 -277.0000000000019
255.9126358099511 -394.1967777733747 -276.999999999987
78.90053848866199 76.30089794635109 -277.0000000000026
235.9732728500326 -473.3327560669981 -276.9999999999844
2 9 0 85
1142
1143
1144
1145
1146
1147
1148
1149
1150
1151
1152
1153
1154
1155
1156
1157
1158
1159
1160
1161
1162
1163
1164
1165
1166
1167
1168
1169
1170
1171
1172
1173
1174
1175
1176
1177
1178
1179
1180
1181
1182
1183
1184
1185
1186
1187
1188
1189
1190
1191
1192
1193
1194
1195
1196
1197
1198
1199
1200
1201
1202
1203
1204
1205
1206
1207
1208
1209
1210
1211
1212
1213
1214
1215
1216
1217
1218
1219
1220
1221
1222
1223
1224
1225
1226
20.30337791542394 -266.2023955911189 -175.3820914437772
74.15183926197261 -193.2751346633684 -183.0470554336112
75.2244253376395 -312.1922414283381 -170.5483638670684
19.64816073802592 -83.59297232599533 -194.5751152283701
18.93002950556905 31.36584697086421 -206.6577740176153
73.64749253155492 -12.25034599547644 -202.0735274106865
74.00804109540098 -152.3042197477856 -187.3532721139499
19.10811187784736 -218.9809722178178 -180.3452630355862
74.57000542093635 -241.9943775672855 -177.9264566654707
73.46588287583887 -56.21467702743251 -197.4526900186043
20.2410196911365 -172.8206762592082 -185.1969056419547
20.24101969113678 -35.00721468175277 -199.6816841303732
73.55898030886215 -104.0474307301554 -192.4252650200266
19.58178101569371 -331.5568731722461 -168.5130590564229
20.3292711266858 -124.5748135779664 -190.267750143801
73.76002526133556 34.1664866263245 -206.9521331068573
57.76264641742239 -371.8004645085928 -164.2832871646705
35.22818532340625 72.98866046216087 -211.0325079992252
58.58067889716006 73.23627799750635 -211.0585336509161
50.42013748125805 50.2482856381129 -208.6423982936881
35.08445972631012 -372.9395056209373 -164.1635691196213
46.51225205879587 -353.0559444511001 -166.253415610736
72.2096906541168 -353.864711384895 -166.1684107806513
59.03885776793481 -330.1891555760586 -168.6568119684297
17.82517561404694 -307.8051339612089 -171.0094674424295
73.61083942383448 -80.71732911096086 -194.8773575093833
53.77392887298339 -93.7558275570492 -193.5069561011941
52.523835778749 -118.2112791954009 -190.9365845586676
33.03303634985087 -104.6664112415888 -192.360207546728
20.03997473866281 -195.9675668683504 -182.7640694057018
40.00120682076488 -183.0817442639724 -184.1184239363045
39.67691101898407 -162.0349483749057 -186.3305313230183
61.4662426083309 -172.3094252171746 -185.2506402917564
73.80304698824636 -288.0806443086536 -173.0825948433678
52.97541557050948 -299.5278909409532 -171.8794407401819
52.93235302357755 -274.4417184025064 -174.516103720579
32.33375739166888 -287.3764519645096 -173.1566084411789
74.7049953108662 -264.6722310589951 -175.5429182167568
20.27452718321564 -11.74908635621475 -202.1262119217406
39.68731039752197 -23.38328640422236 -200.9034082227665
39.29295584248842 -0.8175492002119 -203.275162774801
40.89294095403989 -48.47454632242236 -198.266210537211
61.07181747025987 -35.15467528402492 -199.6661853965396
74.35052480158856 -127.8086141346532 -189.9278640092886
19.90653285893251 -149.6243340075989 -187.6349394552717
19.27789117945179 -58.70714005325675 -197.190721598347
74.70200575998422 -218.5322335169877 -180.3924273735711
53.42451226926323 -230.4709876974532 -179.137613745408
19.1185846317199 -242.1934796796796 -177.9055301902077
40.46754704413422 -253.2528829599053 -176.7431400659445
74.19621460244213 12.12656300487944 -204.6356437893106
54.47844652072058 24.80133844835052 -205.9678163694612
19.13467950390253 9.717917135069001 -204.3824849071383
53.10105917800018 -69.67490858626894 -196.0379626741134
40.09328822220056 -207.4742695430838 -181.5546662206441
21.65392718798489 54.93981538303946 -209.1354979397549
21.23443714034568 -355.2742475565794 -166.020262559247
75.16701951378627 57.17989197579174 -209.3709394769728
40.23911509267208 -138.5142214060964 -188.8026593439686
37.8425977789986 -316.0160349016543 -170.1464669782415
78.81459475193776 -332.8684212639205 -168.3752097972333
58.41229162652229 -138.4340534946812 -188.8110853309907
59.68947507866505 -207.7104492738542 -181.5298427306562
34.34122489327569 -69.50368506219695 -196.0559589916705
54.43024847685138 -12.61576604694201 -202.0351202156264
14.09246218422794 -287.4852716098555 -173.145171035573
79.69670123339978 -172.954161518883 -185.1828757758173
14.10329876659893 -103.9139454704805 -192.439294886164
79.69670123339989 -34.87372942207803 -199.6957139965106
76.58182490860759 -374.5385799738478 -163.9954996326257
36.35862103753504 35.71148305652585 -207.1145187751418
59.21988261375554 -252.9664395372291 -176.7732464828318
34.442408809033 -230.4745184195879 -179.1372426515581
76.93886854577045 75.01690972122178 -211.2456855865271
16.8611314542278 75.01690972122205 -211.2456855865271
16.86113145422757 -374.8984220600527 -163.9576787053387
37.14013635424305 -336.6823622482207 -167.9743484467299
55.08041039838685 -192.7702045922907 -183.1001257225945
38.7794820064272 -84.23876095461986 -194.5072401084152
36.53292758246658 -270.3805165742309 -174.9429532329996
57.1805771555014 -52.36655408344888 -197.8571440378401
36.60865460569022 -121.3658413950197 -190.6050267110786
56.27511929876135 5.297582023576567 -203.9178889656267
36.87233870609845 17.44565310932015 -205.1947026870473
57.12102693822061 -155.6230348449811 -187.0044505911709
2 10 0 10
1227
1228
1229
1230
1231
1232
1233
1234
1235
1236
17.82406294227297 91.69999999999219 -245.7762592467704
75.32454573267006 91.69999999999226 -244.9995745160745
33.54417162394066 91.69999999999179 -259.1570845957564
36.19630720160029 91.69999999999254 -235.0863050892281
57.17625249636177 91.69999999999186 -257.5035965255996
60.07052881928558 91.69999999999268 -231.1078222239088
77.94533665136993 91.69999999999173 -261.7938484781568
15.85466334862849 91.69999999999169 -261.7938484781568
77.94533665136998 91.69999999999278 -228.2053005539923
15.49407402877461 91.69999999999273 -228.2387256843445
2 11 0 64
1237
1238
1239
1240
1241
1242
1243
1244
1245
1246
1247
1248
1249
1250
1251
1252
1253
1254
1255
1256
1257
1258
1259
1260
1261
1262
1263
1264
1265
1266
1267
1268
1269
1270
1271
1272
1273
1274
1275
1276
1277
1278
1279
1280
1281
1282
1283
1284
1285
1286
1287
1288
1289
1290
1291
1292
1293
1294
1295
1296
1297
1298
1299
1300
93.79999999999869 -96.35470901527528 -54.82646849817446
93.79999999999869 -70.49923036784077 -128.8342302825377
93.7999999999987 -242.2917146135676 -37.8217755465795
93.7999999999987 -234.7201604663476 -116.4307365398575
93.79999999999869 -57.36973579267476 -48.79837420568818
93.79999999999872 -371.9203057677245 -125.2225087590395
93.79999999999872 -392.1353736716586 -128.342795357853
93.79999999999872 -383.153602908449 -36.32801784816262
93.79999999999869 -98.26042350166463 -158.4103530717833
93.79999999999869 -84.39716521339267 -75.39046931229447
93.79999999999872 -390.2383699162127 -70.69055340298669
93.7999999999987 -263.8292781083263 -138.8367138896878
93.79999999999869 -73.76195799014886 -99.03490668228656
93.7999999999987 -239.0536483101809 -78.14448482203989
93.79999999999872 -383.1870879968084 -92.47947268019738
93.79999999999869 -104.9928798028219 -35.96529020076795
93.79999999999869 -80.29157172662889 -37.8869533516561
93.79999999999868 68.05434911286955 -168.0134964952059
93.79999999999869 -65.12962315172834 -152.50618409528
93.79999999999873 -412.6742239372294 -127.0161870332716
93.7999999999987 -252.6924103544441 -58.40595311207074
93.79999999999868 73.04349850731586 -49.23626362354632
93.7999999999987 -237.2826255137645 -138.1346524818474
93.79999999999873 -405.6500000000016 -37.62249978834994
93.7999999999987 -219.6055555555572 -37.64079776782734
93.7999999999987 -265.8741993321613 -37.6352704489063
93.79999999999868 57.19395102961454 -32.6888444331116
93.79999999999869 -90.8834272932326 -117.3786534480081
93.79999999999872 -360.8273948974916 -37.41291513647207
93.79999999999869 -38.77626432348006 -32.4111730373757
93.7999999999987 -215.550956659546 -144.4530953973536
93.7999999999987 -229.1072308634347 -57.0260687944585
93.79999999999872 -398.9927244219487 -139.2130346545245
93.79999999999869 -75.99188685637796 -57.01774880979212
93.7999999999987 -255.7729287001241 -118.4169397479105
93.79999999999873 -479.4733921116836 -125.1937967599111
93.79999999999872 -374.6397289203061 -55.74329968973398
93.79999999999872 -381.0116095139542 -111.3573686192262
93.79999999999873 -491.5683961568203 -36.8258692377688
93.79999999999869 -61.61935710466537 -27.97646934075381
93.79999999999868 47.64881163701381 -170.8201663765446
93.79999999999872 -283.8923120714504 -140.4330492149103
93.79999999999869 -82.95098233350643 -145.3229455141342
93.79999999999869 -123.6950581021088 -156.8785522620207
93.7999999999987 -249.6332075032059 -99.07113306444452
93.79999999999873 -498.7000465509296 -103.1530677117951
93.79999999999869 -122.9452508644477 -34.00894265957702
93.79999999999869 -106.2780108166227 -139.7122618793113
93.79999999999868 73.56436887980971 -150.655436709156
93.79999999999872 -398.4227062270998 -108.2558361894419
93.79999999999869 -66.29272619851935 -74.4203958064361
93.79999999999869 -31.1672910546923 -168.0659334239738
93.79999999999873 -497.5710733816123 -123.1365747970937
93.79999999999869 -49.06080649993629 -162.491857697498
93.7999999999987 -149.8388888888899 -27.55761316871794
93.79999999999868 75.09485752217012 -29.53430178008965
93.7999999999987 -202.0895375329138 -34.74831284660092
93.79999999999872 -393.7683852796792 -51.88479137044227
93.79999999999869 -80.27320686582141 -162.2850663182668
93.7999999999987 -173.1956019115244 -26.93620676655429
93.7999999999987 -189.1340700498148 -153.4591044948338
93.79999999999869 -90.34054652715359 -91.40237484368674
93.79999999999868 80.6172357426554 -69.6640325961212
93.79999999999869 -78.81718576625914 -21.97268453847879
2 12 0 6
1301
1302
1303
1304
1305
1306
99.79999999999886 -500.2933647500432 -137.6797577708223
99.79999999999885 -460.2668237501958 -141.888528610175
99.79999999999885 -440.2535532502721 -143.9929140298514
99.79999999999885 -480.2800942501195 -139.7841431904987
99.79999999999885 -420.2402827503485 -146.0972994495278
99.79999999999885 -400.2270122504248 -148.2016848692041
2 13 0 15
1307
1308
1309
1310
1311
1312
1313
1314
1315
1316
1317
1318
1319
1320
1321
99.79999999999885 -175.3011509969102 -37.50523424766324
99.69623597925785 -108.1848842228058 -110.483066979928
99.69623597925784 -204.5849405696638 -130.9735315018125
99.69623597925785 -139.156685008987 -144.8807365398575
99.90376402073987 -162.3 -149.7999999999935
99.90376402073986 -195.7449808554418 -46.866933020059
99.90376402073984 -128.8550191445583 -46.866933020059
99.69623597925785 -105.7117041535453 -86.952330440064
99.69623597925784 -218.8882958464548 -86.952330440064
99.79999999999885 -150.3451018478892 -37.27005833030758
99.69623597925785 -113.0231545246655 -64.44999999999351
99.90376402073989 -185.443314991013 -144.8807365398575
99.90376402073989 -216.4151157771942 -110.483066979928
99.90376402073989 -120.0150594303363 -130.9735315018125
99.79999999999885 -211.5129518310502 -64.33961883876368
2 14 0 13
1322
1323
1324
1325
1326
1327
1328
1329
1330
1331
1332
1333
1334
99.66454779132607 -347.2266979879751 -48.29782441442688
99.79999999999885 -327.5794855071484 -37.69942002291509
99.66454779132607 -363.3434639433948 -90.79424366447923
99.66454779132604 -355.0439110421996 -112.6783661151475
99.79999999999885 -360.4793392041882 -67.44697820235896
99.93545220867165 -269.0777057326832 -67.55982102361358
99.66454779132607 -266.2565360566052 -90.79424366447887
99.93545220867165 -303.0974640163384 -37.42094512785965
99.79999999999885 -282.28302421659 -48.37800271204223
99.93545220867163 -314.7999999999997 -133.7999999999936
99.93545220867163 -274.5560889578002 -112.678366115147
99.93545220867165 -292.0750368870596 -128.1987996544355
99.66454779132607 -337.5249631129399 -128.1987996544358
2 15 0 18
1335
1336
1337
1338
1339
1340
1341
1342
1343
1344
1345
1346
1347
1348
1349
1350
1351
1352
99.79999999999885 -4.459333707014141 -37.15211730411542
99.73418869690856 19.22605009048368 -36.99964985179074
99.79999999999885 -25.01567611565142 -44.76692712931052
99.86581130308915 69.63177444771235 -124.304925430823
99.73418869690856 -54.03177444771318 -124.304925430823
99.73418869690856 -3.626050090484389 -166.6003501481973
99.79999999999885 -42.6682299847687 -144.0208214297641
99.86581130308913 40.6999999999996 -44.81552843097794
99.86581130308915 40.6999999999996 -158.7844715690101
99.73418869690855 58.20572435722837 -59.50457528261975
99.79999999999885 73.59992801972606 -101.8973272768197
99.79999999999885 19.13018893444278 -166.6171799657239
99.73418869690855 -25.10000000000039 -158.7844715690101
99.73418869690859 -42.6057243572292 -59.50457528261976
99.79999999999885 69.66499469754994 -79.38655691170283
99.73418869690856 -54.03177444771318 -79.29507456916502
99.79999999999887 -57.99992801972689 -101.7026727231683
99.86581130308915 58.20572435722833 -144.0954247173683
2 16 0 11
1353
1354
1355
1356
1357
1358
1359
1360
1361
1362
1363
99.60578807620536 -438.7235791240282 -37.69319370290763
99.60578807620537 -418.9096677919919 -50.42682132108076
99.99421192379234 -450.5000000000001 -119.5999999999936
99.60578807620536 -473.098786169644 -112.9643976723369
99.60578807620536 -409.125463729377 -71.8512397601704
99.60578807620536 -482.090332208008 -50.42682132108068
99.79999999999885 -463.4284410075749 -38.04958600071988
99.60578807620536 -491.874536270623 -71.85123976017023
99.99421192379234 -412.4773825941812 -95.16434754347256
99.79999999999885 -488.5758716462752 -95.0472606049818
99.79999999999885 -428.0095301240204 -113.0337730701269
2 17 0 8
1364
1365
1366
1367
1368
1369
1370
1371
99.79999999999887 11.46249999999959 -12.99999999999351
99.79999999999887 -34.38750000000043 -12.99999999999352
99.79999999999886 -11.46250000000042 -12.99999999999351
99.79999999999886 -80.23750000000042 -12.99999999999352
99.79999999999886 34.3874999999996 -12.99999999999351
99.79999999999886 -57.31250000000044 -12.99999999999352
99.79999999999885 80.23749999999963 -12.9999999999935
99.79999999999886 57.31249999999962 -12.99999999999351
2 18 0 64
1372
1373
1374
1375
1376
1377
1378
1379
1380
1381
1382
1383
1384
1385
1386
1387
1388
1389
1390
1391
1392
1393
1394
1395
1396
1397
1398
1399
1400
1401
1402
1403
1404
1405
1406
1407
1408
1409
1410
1411
1412
1413
1414
1415
1416
1417
1418
1419
1420
1421
1422
1423
1424
1425
1426
1427
1428
1429
1430
1431
1432
1433
1434
1435
105.799999999999 -96.35470901527528 -54.82646849817446
105.799999999999 -70.49923036784077 -128.8342302825377
105.799999999999 -242.2917146135674 -37.82177554657954
105.799999999999 -234.7201604663476 -116.4307365398575
105.799999999999 -57.36973579267476 -48.79837420568818
105.799999999999 -371.9203057677244 -125.2225087590396
105.799999999999 -392.1353736716588 -128.3427953578531
105.799999999999 -383.1536029084488 -36.32801784816265
105.799999999999 -98.26042350166441 -158.4103530717833
105.799999999999 -84.39716521339267 -75.39046931229447
105.799999999999 -390.2383699162127 -70.69055340298669
105.799999999999 -263.8292781083259 -138.8367138896879
105.799999999999 -73.76195799014886 -99.03490668228656
105.799999999999 -239.0536483101809 -78.14448482203993
105.799999999999 -383.1870879968085 -92.47947268019745
105.799999999999 -104.9928798028219 -35.96529020076794
105.799999999999 -80.29157172662886 -37.8869533516561
105.799999999999 68.05434911286943 -168.0134964952061
105.799999999999 -65.12962315172825 -152.5061840952801
105.799999999999 -412.6742239372296 -127.0161870332717
105.799999999999 -252.692410354444 -58.40595311207078
105.799999999999 73.04349850731592 -49.23626362354633
105.799999999999 -237.2826255137643 -138.1346524818474
105.799999999999 -405.6500000000013 -37.62249978835015
105.799999999999 -219.605555555557 -37.64079776782727
105.799999999999 -265.8741993321611 -37.63527044890635
105.799999999999 57.19395102961465 -32.6888444331116
105.799999999999 -90.88342729323257 -117.378653448008
105.799999999999 -360.8273948974914 -37.41291513647205
105.799999999999 -38.77626432348004 -32.4111730373757
105.799999999999 -215.5509566595459 -144.4530953973537
105.799999999999 -229.1072308634346 -57.02606879445851
105.799999999999 -398.9927244219488 -139.2130346545245
105.799999999999 -75.99188685637796 -57.01774880979212
105.799999999999 -255.7729287001241 -118.4169397479105
105.799999999999 -479.4733921116836 -125.1937967599111
105.799999999999 -374.639728920306 -55.74329968973399
105.799999999999 -381.0116095139545 -111.3573686192264
105.799999999999 -491.5683961568203 -36.82586923776888
105.799999999999 -61.61935710466537 -27.97646934075381
105.799999999999 47.64881163701375 -170.8201663765446
105.799999999999 -283.8923120714501 -140.4330492149103
105.799999999999 -82.95098233350629 -145.3229455141341
105.799999999999 -123.6950581021086 -156.8785522620206
105.799999999999 -249.6332075032059 -99.07113306444454
105.799999999999 -498.7000465509296 -103.153067711795
105.799999999999 -122.9452508644477 -34.00894265957702
105.799999999999 -106.2780108166226 -139.7122618793113
105.799999999999 73.56436887980982 -150.6554367091559
105.799999999999 -398.4227062271004 -108.2558361894421
105.799999999999 -66.29272619851935 -74.4203958064361
105.799999999999 -31.16729105469238 -168.065933423974
105.799999999999 -497.5710733816122 -123.1365747970937
105.799999999999 -49.06080649993632 -162.4918576974981
105.799999999999 -149.8388888888898 -27.55761316871798
105.799999999999 75.09485752217023 -29.53430178008959
105.799999999999 -202.0895375329137 -34.74831284660085
105.799999999999 -393.768385279679 -51.88479137044228
105.799999999999 -80.27320686582112 -162.2850663182668
105.799999999999 -173.1956019115244 -26.93620676655429
105.799999999999 -189.1340700498147 -153.4591044948338
105.799999999999 -90.34054652715359 -91.40237484368674
105.799999999999 80.6172357426554 -69.66403259612125
105.799999999999 -78.81718576625914 -21.9726845384788
2 19 0 128
1436
1437
1438
1439
1440
1441
1442
1443
1444
1445
1446
1447
1448
1449
1450
1451
1452
1453
1454
1455
1456
1457
1458
1459
1460
1461
1462
1463
1464
1465
1466
1467
1468
1469
1470
1471
1472
1473
1474
1475
1476
1477
1478
1479
1480
1481
1482
1483
1484
1485
1486
1487
1488
1489
1490
1491
1492
1493
1494
1495
1496
1497
1498
1499
1500
1501
1502
1503
1504
1505
1506
1507
1508
1509
1510
1511
1512
1513
1514
1515
1516
1517
1518
1519
1520
1521
1522
1523
1524
1525
1526
1527
1528
1529
1530
1531
1532
1533
1534
1535
1536
1537
1538
1539
1540
1541
1542
1543
1544
1545
1546
1547
1548
1549
1550
1551
1552
1553
1554
1555
1556
1557
1558
1559
1560
1561
1562
1563
268.6090382199845 -510.3000000000047 -147.4999999999833
123.060107628321 -510.300000000004 -122.9704255921469
124.7222007128644 -510.3000000000062 -192.7737710844322
209.5075064603041 -510.3000000000012 -36.85097975593565
210.1176616193732 -510.3000000000083 -258.0113347117663
268.4441840980951 -510.3000000000032 -100.914523704056
268.6090382199845 -510.3000000000062 -194.5909090908926
164.3473145867607 -510.3000000000013 -37.25227543502795
18.32984170676752 -510.300000000005 -150.2099807083985
161.4233944692204 -510.3000000000083 -256.2139151209576
77.53215095484035 -510.300000000004 -123.5411457409092
21.69087060714764 -510.3000000000027 -78.5061869601378
75.35523140903894 -510.3000000000055 -168.4395396053983
20.91808039644786 -510.3000000000071 -217.0872895056715
126.2361423850907 -510.3000000000025 -74.59906381574963
270.2813762135636 -510.3000000000077 -242.8749742224972
268.0555224935089 -510.3000000000017 -52.26407048837495
74.89718562394307 -510.3000000000078 -241.2597828421112
70.6859758135098 -510.3000000000018 -53.00475432174818
120.2514557537773 -510.3000000000047 -145.8320620407936
142.65549404708 -510.3000000000043 -132.5788910293703
142.9851189581146 -510.3000000000051 -155.7738364941452
163.6688311922853 -510.3000000000046 -143.6469825782858
163.3270418839775 -510.3000000000039 -119.6988319541835
184.3385657128253 -510.3000000000042 -131.2396440995957
184.6256390343947 -510.300000000005 -155.274388268388
183.9468340887797 -510.3000000000035 -107.2552474796831
204.932524368542 -510.3000000000038 -118.9031212336403
204.5499303365603 -510.3000000000031 -94.90308103305303
183.5703040765089 -510.3000000000027 -83.23496631507876
79.07784684029275 -510.3000000000048 -145.7877583736497
225.4646324072311 -510.3000000000034 -106.5669827940018
225.0709131295149 -510.3000000000026 -82.56853588766367
225.7344690964368 -510.3000000000042 -130.6568627236545
35.59696701095885 -510.3000000000013 -35.64361742256621
33.9040568400564 -510.3000000000084 -258.5503654762206
124.4378184108496 -510.3000000000078 -241.1738766139821
58.79212918650006 -510.3000000000043 -132.2907976294784
60.27618237755911 -510.3000000000036 -108.5821217976016
40.10246111077709 -510.3000000000039 -116.9707761644898
143.4608042617349 -510.3000000000035 -109.276930933163
121.3576281663026 -510.3000000000055 -169.320385424169
246.501986777256 -510.3000000000038 -118.2296195646107
42.52366316159515 -510.3000000000031 -93.15490583120489
66.23383519473657 -510.3000000000029 -87.69668146990631
47.23839042945019 -510.3000000000023 -69.4119023011154
57.55990026635186 -510.3000000000051 -156.3061020797186
56.29107252911484 -510.3000000000059 -180.0586326193265
37.28376321014906 -510.3000000000054 -165.4842011377926
34.52721872020163 -510.3000000000063 -192.4320750053263
55.84494872418236 -510.3000000000067 -204.0613771893577
164.0532275504137 -510.3000000000054 -167.3109287515069
184.9063922458145 -510.3000000000058 -179.2468754177708
205.5676253655452 -510.3000000000054 -167.0526138964837
205.7917833434908 -510.3000000000061 -191.0740624530486
185.1181240070448 -510.3000000000065 -203.2615002303775
226.257323665317 -510.3000000000057 -178.9027511929219
226.4253959143472 -510.3000000000065 -202.9047730654193
225.9917345601375 -510.300000000005 -154.7801904757463
247.0571421359952 -510.3000000000052 -164.2341113310325
163.8102934706521 -510.3000000000031 -95.80532816338433
165.4447616858887 -510.3000000000025 -75.32245757796099
181.1487356217807 -510.3000000000019 -59.02804255857698
205.1984263563135 -510.3000000000046 -142.9844701162514
203.2056471828283 -510.3000000000023 -71.96092385337369
222.5005980683974 -510.3000000000018 -56.75341857925089
245.7746658555615 -510.3000000000022 -69.69435449745542
244.8625804093505 -510.3000000000014 -44.79472555422559
205.687812761748 -510.3000000000069 -214.6189904592119
225.2925154987614 -510.3000000000072 -224.8381865571523
185.357824066389 -510.3000000000073 -227.1983920508973
164.9050547913686 -510.3000000000069 -215.4429849960714
247.2768886498289 -510.3000000000068 -212.3345644839311
125.2997489949483 -510.300000000007 -217.1099358846079
164.6392372030558 -510.3000000000062 -191.4846935415609
99.78825587402991 -510.3000000000048 -146.8892247811372
125.1660197434638 -510.3000000000017 -51.28217469644673
20.39854634593479 -510.3000000000034 -101.3402176755762
268.3646741395376 -510.3000000000025 -77.28260195261724
245.7473625640798 -510.300000000003 -94.23858600475006
185.679170476124 -510.3000000000081 -252.589598094392
232.6262934862913 -510.3000000000083 -258.4851235630463
268.6005902890975 -510.300000000004 -124.7598821704399
246.7476536948348 -510.3000000000045 -140.7142990050012
268.4729584529331 -510.3000000000055 -172.5795464230612
187.8394459200993 -510.3000000000013 -37.09885760689895
146.7935021024163 -510.3000000000075 -232.8339334759058
246.7168157540362 -510.300000000006 -189.1349755179322
73.94717170503083 -510.3000000000071 -217.8161329858591
56.74103188710586 -510.3000000000075 -229.1339759928535
143.8342038399838 -510.3000000000058 -179.3917642369705
268.8683609657691 -510.300000000007 -219.8384191210131
139.2067381319898 -510.3000000000083 -257.4063528337107
57.66500769164111 -510.3000000000083 -256.2611505936875
58.01175540800733 -510.3000000000013 -35.17588317555639
140.1499999999991 -510.3000000000013 -36.62900469814443
18.25967447362439 -510.3000000000079 -242.9560347950046
24.20279981117335 -510.3000000000019 -53.81415254818997
254.9502575861997 -510.3000000000083 -258.6119534828721
245.7163739016817 -510.3000000000076 -237.200283952109
75.00061327479762 -510.3000000000063 -193.0263083696149
144.9702296775246 -510.3000000000066 -205.2135902827734
19.84432203166006 -510.3000000000042 -126.6701682716019
204.5870448048839 -510.3000000000076 -236.3132055297408
167.0095430523294 -510.3000000000076 -236.511493323902
125.0527296061431 -510.3000000000033 -98.78852083256309
150.0395173751314 -510.3000000000019 -58.22570633887452
145.959323361715 -510.3000000000027 -83.80611356895164
38.65206958536754 -510.3000000000047 -141.3220043319133
17.65487973552723 -510.3000000000057 -174.1346791722142
228.0741369876102 -510.3000000000011 -34.87982477787578
14.62003577043532 -510.3000000000064 -194.5671723729994
41.12338238072016 -510.3000000000071 -216.3251290904216
78.42364082688965 -510.3000000000034 -103.4253044541646
260.5364956640868 -510.3000000000011 -34.29724929511552
17.15027742957909 -510.3000000000084 -259.8239896656346
16.64995336442638 -510.3000000000013 -33.40064490323213
76.79449642249961 -510.3000000000013 -35.08194012620903
76.82599900255457 -510.3000000000084 -259.8916272357027
273.8663267599526 -510.3000000000083 -261.7882946319729
121.7088580123689 -510.3000000000012 -33.92470808621007
122.2857138094541 -510.3000000000084 -260.216391791452
47.14717769461998 -510.3000000000017 -49.41006195383524
76.16330109083515 -510.3000000000024 -71.63206385197923
37.84901998311352 -510.3000000000077 -237.7925926313873
200.317226462885 -510.3000000000017 -53.16941676395031
220.7189249113578 -510.3000000000078 -243.4187662342512
275.3988597367995 -510.300000000001 -31.95031841061665
2 20 0 72
1564
1565
1566
1567
1568
1569
1570
1571
1572
1573
1574
1575
1576
1577
1578
1579
1580
1581
1582
1583
1584
1585
1586
1587
1588
1589
1590
1591
1592
1593
1594
1595
1596
1597
1598
1599
1600
1601
1602
1603
1604
1605
1606
1607
1608
1609
1610
1611
1612
1613
1614
1615
1616
1617
1618
1619
1620
1621
1622
1623
1624
1625
1626
1627
1628
1629
1630
1631
1632
1633
1634
1635
74.25067720633996 -291.9237751874961 -17.99999999999051
20.31404040078763 -335.9995576300889 -17.99999999998905
73.06581032185937 -453.064145394702 -17.99999999998526
73.48595959921096 -405.7662242967556 -17.9999999999868
20.10889644987401 -242.4181791798262 -17.99999999999211
20.34498491047003 -197.5833510802054 -17.99999999999357
20.73418967813933 -148.9358546052996 -17.99999999999515
73.43774809165438 -357.4121973766037 -17.99999999998838
73.6600981097672 -173.0944444444452 -17.99999999999438
19.61475657015029 -385.1155509710748 -17.99999999998745
73.4859595992109 -219.4893312588019 -17.99999999999287
19.37219246354158 -428.5907728022881 -17.99999999998604
20.25845314833396 -289.0690345172017 -17.99999999999059
57.77011386504682 -111.5942617237973 -17.99999999999638
36.02988613495182 -490.405738276204 -17.99999999998403
35.10593292091988 -110.4911728156247 -17.99999999999641
42.95844823519849 -135.003695123577 -17.99999999999561
71.71892751825084 -130.3400730354772 -17.99999999999578
59.03877160071568 -153.437966484706 -17.99999999999502
58.69406707907876 -491.5088271843766 -17.999999999984
50.8415517648001 -466.9963048764245 -17.9999999999848
22.08107248174764 -471.6599269645243 -17.99999999998463
34.7612283992824 -448.5620335152955 -17.99999999998539
73.57071075690271 -382.2574999533286 -17.99999999998757
53.67293960918369 -395.3716544713559 -17.99999999998713
54.5056694757393 -417.8365324862243 -17.9999999999864
32.21425447395717 -406.2108947452557 -17.99999999998677
20.45657774927366 -312.5020131098963 -17.99999999998982
41.01577015265968 -324.339137611379 -17.99999999998944
41.07834323300932 -349.5635734632535 -17.99999999998862
60.30333675293002 -337.6572606441617 -17.99999999998902
62.03888978793111 -314.0926511967389 -17.99999999998979
40.31031360773801 -302.0467796117681 -17.99999999999017
40.71181707386768 -277.5749651740571 -17.99999999999097
73.45693651411824 -242.9579646917414 -17.99999999999211
54.02427244350997 -231.2189848927438 -17.99999999999248
53.66602435584178 -208.1104698505485 -17.99999999999324
32.21425447395694 -219.0446608103024 -17.99999999999287
53.62229325540659 -257.0106674707785 -17.99999999999164
74.6558696857773 -266.9783641879663 -17.99999999999132
74.37259566925519 -197.0724850007104 -17.9999999999936
20.11394588197987 -173.1494972438809 -17.99999999999436
38.04226587509021 -182.5515453643925 -17.99999999999406
73.96290837909879 -429.1685577703548 -17.99999999998604
19.30105965253068 -359.9538544181439 -17.99999999998827
19.4714076699446 -266.9003121168776 -17.99999999999131
53.17660515373069 -370.9519901341141 -17.99999999998793
19.28813457305637 -126.0289876063689 -17.9999999999959
74.51186542694217 -475.9710123936326 -17.99999999998451
54.72016880793865 -440.7594478365727 -17.99999999998565
39.10831828000579 -161.0074949737035 -17.99999999999476
78.40355944574623 -151.3100523484815 -17.9999999999951
15.24289866891428 -450.6269911008664 -17.99999999998532
54.79027838761579 -171.8643989572523 -17.99999999999442
39.00011568430671 -429.2929630059243 -17.99999999998602
34.45746251024315 -370.8399285661621 -17.99999999998792
59.00531113880209 -277.7444444444464 -17.99999999999097
39.14379919406804 -241.9597705700992 -17.99999999999213
77.95103382832605 -333.2948278168994 -17.99999999998916
14.01347932649873 -405.6500000000008 -17.99999999998678
14.01347932649873 -219.6055555555564 -17.99999999999284
76.60078978732213 -108.8477589788554 -17.99999999999648
17.19921021267652 -493.1522410211461 -17.99999999998393
80.36812016451887 -312.9133619513384 -17.99999999998983
16.93023660408102 -108.5765364270441 -17.99999999999647
76.86976339591763 -493.4234635729574 -17.99999999998395
56.85721496400578 -189.0803905621294 -17.99999999999386
38.62720366345297 -385.6980037775925 -17.99999999998744
57.22097997365375 -353.4435194199183 -17.9999999999885
37.47030418495137 -201.441831893265 -17.99999999999345
55.97454481798269 -293.5646303512292 -17.99999999999045
34.61164272863221 -257.1727789023277 -17.99999999999163
2 21 0 162
1636
1637
1638
1639
1640
1641
1642
1643
1644
1645
1646
1647
1648
1649
1650
1651
1652
1653
1654
1655
1656
1657
1658
1659
1660
1661
1662
1663
1664
1665
1666
1667
1668
1669
1670
1671
1672
1673
1674
1675
1676
1677
1678
1679
1680
1681
1682
1683
1684
1685
1686
1687
1688
1689
1690
1691
1692
1693
1694
1695
1696
1697
1698
1699
1700
1701
1702
1703
1704
1705
1706
1707
1708
1709
1710
1711
1712
1713
1714
1715
1716
1717
1718
1719
1720
1721
1722
1723
1724
1725
1726
1727
1728
1729
1730
1731
1732
1733
1734
1735
1736
1737
1738
1739
1740
1741
1742
1743
1744
1745
1746
1747
1748
1749
1750
1751
1752
1753
1754
1755
1756
1757
1758
1759
1760
1761
1762
1763
1764
1765
1766
1767
1768
1769
1770
1771
1772
1773
1774
1775
1776
1777
1778
1779
1780
1781
1782
1783
1784
1785
1786
1787
1788
1789
1790
1791
1792
1793
1794
1795
1796
1797
125.9275765965565 -10.89711924584276 -183.5415125488044
125.9744901981879 -285.0678597018787 -154.7250065409391
268.962068549757 -216.4318900496368 -161.9389376429586
125.1465450130371 -149.9465571589337 -168.926827712822
125.7121322053743 -80.40718326932034 -176.2357104263462
269.5871167143973 -31.49653098975114 -181.3764271305374
269.2470855019055 -100.1265348766188 -174.1631230557255
269.1152079265835 -307.9159555715093 -152.323574897284
124.6166273953992 -219.4851448787843 -161.6180276290696
211.4979334036292 71.97901444638893 -192.2521452023052
187.8679478043804 -368.0937035642233 -145.9986387144971
269.0312881226109 -147.4923780718046 -169.1847723289799
268.2829476100352 -262.3821883409885 -157.1093666808148
269.7735595221321 8.361084865133819 -185.5656313644796
125.8291345930743 34.82751425708261 -188.3473651859342
232.3182066433976 -368.6595108819006 -145.9391699690649
126.7948692205068 -328.7389959884198 -150.1349851583576
161.4838392389605 71.95525604798127 -192.2496480940094
267.9925992204249 56.45182372474903 -190.6201716956824
141.4913522128786 -366.0760413044461 -146.2107035633355
269.5309022367834 -353.8798313050132 -147.4925768884659
125.9680406837469 -34.02797714484063 -181.1103614182904
146.4387494737973 -22.56028857687664 -182.3156640554916
146.444628995213 -46.11564874040005 -179.8398959390961
167.176643320024 -34.56209294025814 -181.0542235860697
166.9575427749375 -58.49150637402533 -178.5391408867566
167.2105641387837 -10.59939589224996 -183.5728045342045
187.7917490140465 -46.78932490833614 -179.7690897206484
187.3734311077982 -70.75495103568602 -177.2502009138694
208.2790776715945 -59.18805718012544 -178.4659304469577
208.856938652284 -35.32876116979509 -180.9736435081017
207.9173309336259 -83.03152323740102 -175.9598811809238
186.9589939906622 -94.6446633686574 -174.7392909683946
207.5501766457136 -106.8967987060678 -173.4515396533841
186.5847954114998 -118.514424234082 -172.2304780066588
207.1826550094688 -130.7631441902108 -170.943085662686
186.21721560393 -142.3809432547717 -169.7220057765346
206.8161780445196 -154.6291221280014 -168.4346703026662
185.8509253880794 -166.2468587414217 -167.2135969803942
206.4500900796651 -178.4949382362362 -165.9262719516181
185.4849018771357 -190.1126471598884 -164.705201539658
206.0841113909677 -202.3607061897208 -163.4178786618382
185.1189414198502 -213.9784070708523 -162.1968090951811
205.7181614426474 -226.2264613494203 -160.9094867167393
184.7529962615878 -237.8441600982505 -159.6884173741961
205.352218837089 -250.0922132296 -158.4010951163318
184.3870548769579 -261.7099114318014 -157.1800258312416
204.9862780813974 -273.9579642808413 -155.8927036030493
184.0211144295774 -285.5756623448865 -154.6716343324799
204.6203377902251 -297.8237151238486 -153.384312111653
183.6551742158252 -309.4414131531881 -152.1632428447313
163.7878313958117 -249.4618587068564 -158.4673480463911
228.8504738969204 -71.46594786798283 -177.1754721355345
204.2543976154107 -321.6894659146863 -150.87592062574
164.8856747457754 -177.8645969181187 -165.9925234938152
227.0492618309287 -190.7430140355699 -164.6389473112527
165.983472301307 -106.267353714034 -173.5176969879136
225.5855012869916 -286.2060171293191 -154.605381374916
226.3173815589724 -238.4745155824602 -159.6221643430827
227.8420166250983 -119.1409166996203 -172.1646309951686
163.7098114701864 -297.2032766811892 -153.4495228196982
163.4607877090841 -319.9598852537616 -151.0577068784368
142.022306063968 -307.1374737011193 -152.4053966389395
146.5513826547945 0.974800374365941 -184.7893015816224
167.2355698362595 13.18913059846545 -186.0730794191092
188.1657966552136 1.270508294568856 -184.8203817364374
187.8299085547352 25.29153072034796 -187.3450929287993
208.8484552442796 13.36689766143581 -186.0917634903182
167.709531895713 35.91662381438908 -188.4618352130755
207.8615409389853 36.32598776403648 -188.5048610979486
228.8293225166331 25.51303754189553 -187.3683742338843
229.2325573919107 1.035525540568869 -184.7956840537776
226.8012131910331 50.39867132026308 -189.9839597412621
249.5303657934513 38.32815617575739 -188.7152974777357
188.1486637104592 -22.90995898648868 -182.2789122144943
208.8641957947291 -11.14019282746597 -183.5159644858946
229.0345116971002 -23.48712245024325 -182.2182498900131
251.6158174437658 -11.2234617989061 -183.50721256433
166.572898656928 -82.39094171190646 -176.0272090122863
145.8151042022958 -93.25293663172067 -174.8855673427792
145.5891160867059 -116.5119087617879 -172.440950863982
166.0826360640946 -129.9096642844727 -171.0327900154932
228.1528268085652 -95.2829470148306 -174.672204653881
249.0108260107033 -85.62269248695492 -175.6875383185055
249.3731092917947 -62.98848142847402 -178.0664897626498
227.5416999499994 -143.0077749869368 -169.6561231066852
248.1625780277307 -132.9363481038897 -170.7146727272624
227.1865829427385 -166.8737591637924 -167.1477070909132
247.9214974241116 -180.0824947739621 -165.7594130357794
247.8356504176572 -203.7438249193074 -163.2725070254833
165.0510161659902 -201.7384106761667 -163.4832845558996
144.6725923517146 -187.2101167849451 -165.0102697750519
145.0873760348181 -163.6182329013826 -167.4898766891112
164.7736187898398 -225.6055071530757 -160.9747516326811
144.2566689400139 -234.7398051777164 -160.0146982241122
142.8226675008168 -261.0795568800031 -157.2462787643546
225.9514414229815 -262.3402663558898 -157.1137728589994
247.0060713196075 -274.1976446932719 -155.8675121765926
246.9767223623854 -297.6319940109272 -153.4044628126109
164.1847285109141 -273.3391785647827 -155.957740602529
247.3259324891625 -250.6102992904958 -158.3466420770996
182.8503528119995 -332.1113235118195 -149.7805392529452
162.3240705053927 -344.9248619559781 -148.4337820937241
202.0958800964865 -346.4277896569285 -148.2758180270561
224.0496438811384 -333.181205180514 -149.6680901583323
225.2185424940018 -309.9375511171392 -152.111096643444
246.6546948363749 -320.9339050574487 -150.9553332718367
245.41255258717 -346.8063876882189 -148.2360257705042
226.7145186229948 -214.7342232765033 -162.1173696108847
247.7117932608545 -227.2341860510377 -160.8035705826175
165.8322418139116 -153.6341319826684 -168.5392479809883
187.3267428508852 46.55964485455405 -189.5804618004189
228.6708405612538 -48.19507621486116 -179.6213393046023
126.084104399389 -57.36272049422666 -178.6577810634315
268.2301582031018 -285.3815498062096 -154.692036382413
268.3804569849681 -239.2465483513008 -159.5410204293137
269.1152079265834 -330.7511530327381 -149.92349893098
124.7900741602708 57.62005370599627 -190.7429576144758
269.1152079265833 -193.7399682653656 -164.3239547288037
125.684792073415 11.77680888569427 -185.9246384255393
166.21709998041 -367.6449997159414 -146.0457993893316
186.6882844584788 69.10585460758148 -191.9501639346512
210.2397383295154 -368.5420188321824 -145.9515188811003
233.8619099359734 72.60275079929738 -192.3177025346851
268.5526392997957 -169.7277953778777 -166.8477357972112
146.7652928331255 24.50462007670791 -187.2623852873771
146.4116654836837 -69.81238209251802 -177.3492689018262
247.8322746842987 -156.2740815944201 -168.2617780959052
148.1221657835126 50.47820323225443 -189.9923188820512
125.0789721332144 -102.7520508003523 -173.8871702123835
268.6199555228023 -123.087377708518 -171.7498412288225
125.7140427132879 -126.9106273800458 -171.3480014958667
248.5058814161341 -109.3661361484054 -173.1920018298943
139.921277872292 73.31892594882817 -192.3929755760928
254.6499999999999 -369.5845783592886 -145.8419414592849
254.6500000000008 73.44543167347348 -192.4062718635384
124.1632896656608 -353.5863504939666 -147.5234229646761
270.2340049018056 -78.78716903339273 -176.405980783733
145.5753262876425 -140.0885204115485 -169.9629491263773
269.1375271776377 -53.90697260669162 -179.0209948024221
268.8066213791654 31.06069559893143 -187.9514565914847
124.6135888878999 -172.2018888867652 -166.5876980909836
248.6085967333007 14.77124418841976 -186.2393662580849
248.1356406967616 -37.19040882648596 -180.777976454811
125.3741880823342 -196.6289145568302 -164.0203142381156
273.795298736059 -11.29513701491857 -183.4996791955635
144.7907852875486 -210.9013165379198 -162.5202243424883
124.3076414606487 -242.7284656602004 -159.1750561733033
120.9409598319303 -262.6734007080371 -157.0787590276761
147.7428007488147 -284.7654691057946 -154.7567890732921
121.2783330965321 -307.3552481068873 -152.3825076265608
140.0938460769549 -343.8795574219856 -148.5436480273891
246.6115305976058 57.71622977212604 -190.7530661263573
221.4563954328291 -352.3928155184228 -147.6488685455435
170.2661128455101 54.80311651135213 -190.4468855848413
122.4841763237852 -371.2298698492071 -145.6690143554478
272.3617602933115 -371.2754334898822 -145.6642254238387
122.0644451158461 75.52791259401073 -192.6251494281469
272.3617602933117 75.13628680406731 -192.5839878989846
179.5192293598097 -351.0970980993817 -147.7850539339923
204.4821879524321 54.76914385400738 -190.4433149146711
146.3301014001548 -327.5289952738192 -150.2621613581367
2 22 0 84
1798
1799
1800
1801
1802
1803
1804
1805
1806
1807
1808
1809
1810
1811
1812
1813
1814
1815
1816
1817
1818
1819
1820
1821
1822
1823
1824
1825
1826
1827
1828
1829
1830
1831
1832
1833
1834
1835
1836
1837
1838
1839
1840
1841
1842
1843
1844
1845
1846
1847
1848
1849
1850
1851
1852
1853
1854
1855
1856
1857
1858
1859
1860
1861
1862
1863
1864
1865
1866
1867
1868
1869
1870
1871
1872
1873
1874
1875
1876
1877
1878
1879
1880
1881
20.63015539627054 35.41243980497933 -188.4088433383333
74.30776662309711 -307.5013792799638 -152.3671486213661
73.54781899512381 -32.72490685550122 -181.2473196245489
19.88479207341635 -216.5751657265943 -161.9238787624997
73.67242340344097 -170.7435014744448 -166.7409807846767
74.63925811370154 -79.56398095922185 -176.3243345603233
20.12757659655762 -262.4068299787438 -157.1067767403227
74.34892185826425 -125.2343758816794 -171.5241826277154
74.35701272401525 10.96274928130589 -185.8390773133593
19.16074188629722 -102.3991784204503 -173.9242585940194
20.32278700920699 -331.4966404997384 -149.8451450408607
20.12757659655762 -11.21965790522717 -183.5076123696661
19.88479207341641 -148.0695733429079 -169.1241066614115
19.16074188629727 -56.72878349799259 -178.7244105266273
74.10041338697425 -242.0813455080838 -159.2430712420165
57.75145664913254 -368.0644399525059 -146.0017144440277
57.75145664913248 71.92529326668989 -192.2464988787953
35.05150547500944 -369.2689577420513 -145.8751145228936
42.62643053513915 -345.0298946092391 -148.4227427170251
71.62953508942081 -349.6149946919801 -147.9408292792119
59.03838648165527 -326.5068939255136 -150.3695885387143
35.05150547500926 73.12981105623544 -192.3730987999294
42.87120405705554 48.94569391447993 -189.8312456621689
71.66450273540897 53.48369743345773 -190.3082090516641
59.03838648165498 30.36774723969756 -187.8786247841087
19.88479207341646 11.77680888569392 -185.9246384255392
39.20793477230831 0.1008546273195066 -184.6974461822153
40.60748157532737 -24.65430030831226 -182.0955745538216
60.92277057064473 -11.49871358067446 -183.4782824363017
73.6319593162508 -193.8743593734426 -164.3098296541627
53.19095745870817 -182.3191697464638 -165.5243290232566
52.91517976045697 -157.3448875546923 -168.1492318543328
52.91105077196823 -207.2964558211173 -162.8991104713672
34.3163346910066 -171.8859847697169 -166.6209009516232
35.33380425830939 -192.3461833766069 -164.4704474236615
18.91939182392429 -79.56398095922145 -176.3243345603234
40.66940176424282 -68.14638222860737 -177.5243725434753
73.91520792658253 -148.0695733429082 -169.1241066614115
20.07847204267262 -239.4372414094383 -159.5209777812676
39.86146550949934 -252.2338020918823 -158.176005056708
40.3361148838726 -274.6882595721675 -155.8159464749363
61.66426122199897 -264.1609643699464 -156.9224097865821
58.50285689428182 -289.7351995822851 -154.2344493520838
38.44297388359286 -297.4847609556219 -153.4199376302946
74.69870165631153 -56.53400363444928 -178.7448827152302
53.13059823575594 -45.31118476737885 -179.9244485097792
19.77104694733447 -285.3394216384854 -154.6964642312648
19.88479207341618 -33.89358603676374 -181.1244864929313
74.50444220465505 -217.3992094355069 -161.8372682786489
19.91733292429586 -125.2343758816791 -171.5241826277155
40.65442351727233 -113.8167771510648 -172.7242206108675
74.83221880016822 -102.3991784204507 -173.9242585940194
53.130598235756 -90.98157968983679 -175.1242965771713
19.26226475718266 -308.1927687654414 -152.2944806582242
39.2055468136511 -137.5490754236043 -170.2298555498344
40.55791834075666 -228.4597420769669 -160.6747594537368
19.21785463239434 57.92608597145045 -190.775122901703
19.12583098089783 -354.046917326914 -147.4750154399104
38.81703955697208 23.1684485731497 -187.1219480033118
38.57521274803838 -319.3815215894215 -151.1184953490827
78.53198038821535 32.80764132966112 -188.1350679865637
78.51513763883412 -329.0251147925869 -150.1049128602505
76.93868864019993 -282.3007700169684 -155.0158393861832
56.718969078253 -132.6385777508356 -170.7459696525048
59.36735940788515 -228.1134400431808 -160.7111572641689
18.57261089271714 -182.3223695347514 -165.5239927119556
79.55724710182449 -11.05838857553562 -183.5245624592352
80.06067264983415 -262.6068402386206 -157.0857548149131
54.67345632319558 11.05315845986189 -185.8485797009324
76.55295580168462 74.67364391488735 -192.5353621719161
76.55295580168445 -370.812790600704 -145.7128511509069
59.27453459329053 -68.14638222860737 -177.5243725434754
34.50691144549853 -90.98157968983611 -175.1242965771714
59.93702629794279 -113.0140977787734 -172.8085856124557
34.52546540670841 -45.31118476737805 -179.9244485097793
53.77343932613309 -308.1219510665612 -152.3019238983083
16.75426286603152 -371.3133101225217 -145.6602444293306
16.75426286603067 75.17416343670595 -192.5879688934924
55.81214388952219 -243.8383820662643 -159.0583992582351
16.62555380328541 -165.6812675041523 -167.2730430148603
16.66969641605544 -198.9455722992816 -163.7768236977228
56.92660058643349 -28.51005472464436 -181.6903184345206
35.37514032870229 -154.4905229637907 -168.449237661829
35.55078571636193 -210.2220158541175 -162.5916217213748
2 23 0 0
2 24 0 0
2 25 0 0
2 26 0 0
2 27 0 33
1882
1883
1884
1885
1886
1887
1888
1889
1890
1891
1892
1893
1894
1895
1896
1897
1898
1899
1900
1901
1902
1903
1904
1905
1906
1907
1908
1909
1910
1911
1912
1913
1914
11.88489840411578 -434.7947217537074 -285.9999999999966
11.88508396486691 64.19471291427223 -286.0000000000071
58.8873093605063 -428.0367952934123 -285.9999999999828
35.54706373922212 -432.5352589186172 -285.9999999999826
81.69426238929158 -421.3400696612873 -285.9999999999843
103.7613795272031 -412.505728606581 -285.9999999999821
124.8888175442603 -401.6137772899172 -285.9999999999841
144.8852430901145 -388.7628549090807 -285.9999999999849
163.5695654384975 -374.0693414071682 -285.9999999999848
180.7725764728819 -357.666303517801 -285.9999999999849
196.3384830613869 -339.7022896921798 -285.9999999999866
210.1263179435053 -320.3399848213073 -285.9999999999876
222.0113014761066 -299.7545718174634 -285.9999999999889
231.8855468047988 -278.1329692300783 -285.9999999999898
239.6598858379044 -255.6704917788375 -285.9999999999916
245.2638278325904 -232.5707282569015 -285.9999999999924
248.6466226223607 -209.0428736998137 -285.9999999999932
249.77763509376 -185.3000000018237 -285.9999999999947
248.6466049641421 -161.5569413756992 -285.9999999999963
245.2638278332773 -138.0292717466803 -285.9999999999977
239.6598335016621 -114.9293299805533 -285.9999999999988
231.8855468061478 -92.46703077330926 -286.0000000000003
222.0111312288265 -70.84509794890288 -286.0000000000013
210.1263179454675 -50.26001518176409 -286.0000000000025
196.3384830636306 -30.89771031069134 -286.0000000000035
180.7724482803717 -12.93356203788173 -286.0000000000043
163.5695654412407 3.469341404773218 -286.0000000000053
144.8852430930713 18.16285490695716 -286.0000000000059
124.8886566673871 31.01387017212545 -286.0000000000064
103.761379530505 41.90572860505509 -286.000000000007
81.69426239272205 50.74006966008199 -286.0000000000073
58.88730936376719 57.43679529260319 -286.0028274161519
35.54706374281547 61.9352589180825 -286.0000000000076
2 28 0 29
1915
1916
1917
1918
1919
1920
1921
1922
1923
1924
1925
1926
1927
1928
1929
1930
1931
1932
1933
1934
1935
1936
1937
1938
1939
1940
1941
1942
1943
233.6686015472606 -185.3000000000089 -294.9999999999865
17.04098935226605 45.03011743376496 -295.0000000000017
17.04098935226608 -415.6301174337841 -294.9999999999714
169.4514120912189 -24.40019582841643 -294.9999999999972
169.4514120912191 -346.1998041716021 -294.9999999999759
151.5582539973767 -7.492095920065509 -294.9999999999982
151.5582539973768 -363.107904079953 -294.9999999999748
232.0557706299589 -160.0624140497256 -294.9999999999882
232.0557706299587 -210.5375859502926 -294.9999999999849
185.6617247954798 -44.16362608242845 -294.9999999999959
185.66172479548 -326.4363739175907 -294.9999999999772
37.27992718352098 44.79796129703679 -295.0000000000017
37.27992718352102 -415.3979612970555 -294.9999999999714
130.6798870459954 7.438413738215889 -294.9999999999993
130.6798870459955 -378.0384137382346 -294.9999999999738
227.2775425382067 -135.2724298409991 -294.9999999999898
227.2775425382065 -235.3275701590195 -294.9999999999832
199.3000603424182 -65.38513238495401 -294.9999999999944
199.3000603424183 -305.2148676150647 -294.9999999999786
62.19791332976339 38.71663783762574 -295.0000000000013
62.19791332976343 -409.3166378376445 -294.9999999999717
108.862027492521 20.03556638894047 -295.0000000000001
108.862027492521 -390.6355663889591 -294.999999999973
220.1838309110067 -111.1114294775935 -294.9999999999914
220.1838309110067 -259.4885705224245 -294.9999999999816
210.8344667220155 -87.75758876773966 -294.999999999993
210.8344667220156 -282.8424112322791 -294.9999999999801
85.97737599283792 30.48694218900195 -295.0000000000007
85.97737599283774 -401.0869421890208 -294.9999999999723
2 29 0 158
1944
1945
1946
1947
1948
1949
1950
1951
1952
1953
1954
1955
1956
1957
1958
1959
1960
1961
1962
1963
1964
1965
1966
1967
1968
1969
1970
1971
1972
1973
1974
1975
1976
1977
1978
1979
1980
1981
1982
1983
1984
1985
1986
1987
1988
1989
1990
1991
1992
1993
1994
1995
1996
1997
1998
1999
2000
2001
2002
2003
2004
2005
2006
2007
2008
2009
2010
2011
2012
2013
2014
2015
2016
2017
2018
2019
2020
2021
2022
2023
2024
2025
2026
2027
2028
2029
2030
2031
2032
2033
2034
2035
2036
2037
2038
2039
2040
2041
2042
2043
2044
2045
2046
2047
2048
2049
2050
2051
2052
2053
2054
2055
2056
2057
2058
2059
2060
2061
2062
2063
2064
2065
2066
2067
2068
2069
2070
2071
2072
2073
2074
2075
2076
2077
2078
2079
2080
2081
2082
2083
2084
2085
2086
2087
2088
2089
2090
2091
2092
2093
2094
2095
2096
2097
2098
2099
2100
2101
19.5074741219876 -327.138934538938 -359.9697162567292
19.50747412198881 -43.46106546108828 -359.9697162567473
148.0114472132719 -325.5038900862261 -308.4885271953705
148.0114472132716 -45.09610991379466 -308.4885271953896
97.17592364188675 -185.3000000000159 -398.9821349940856
185.0308339585585 -270.9043794795392 -308.4885271953742
185.0308339585583 -99.6956205204813 -308.4885271953858
81.74958906987017 -132.7627292052636 -398.9821349940892
81.74958906987041 -237.8372707947683 -398.9821349940821
202.6786659215811 -207.3426332756179 -308.4885271953784
97.90792237179262 -364.2676866492826 -308.3827380941861
94.74208286737115 -4.408272941330779 -308.2113560058701
20.23968056175833 -362.1390590747032 -330.4383326504336
22.61082020757422 -9.26288815609513 -330.8710943456206
40.36833758316467 -96.90567067722834 -398.9821349940916
40.36833758316476 -273.6943293228039 -398.9821349940797
204.8182044865272 -164.5605429501895 -306.7992561220279
57.22659180860155 -380.915188753556 -308.5391510728369
55.87688193575964 10.73270048108648 -308.5165552641629
96.09076113931509 -208.8533673048283 -397.4899477551777
99.55186451429702 -239.1401202106144 -385.4100291105168
112.8213810200087 -196.996622400612 -385.1998994787812
112.5991643201549 -173.0212668494629 -385.3350953449245
128.8231939673948 -184.7855775135459 -372.1402785746382
127.6526171903816 -160.8355002104582 -371.163610547881
144.3366162370803 -172.5597125865568 -358.507797524524
144.5891579057797 -196.5580438208063 -358.3984059178623
142.4419792767657 -148.705582578307 -356.6675589083532
124.7037876837878 -137.2221825409006 -368.0467941219738
139.0185731982136 -125.24184216886 -352.9617655137861
120.5009518708478 -114.6040219581033 -362.9091949776607
134.2648405482429 -102.349201246908 -347.5461399261707
114.5453989191194 -91.99677749487677 -356.1000255192415
157.0509558134156 -136.6243845227221 -341.9494615428886
160.5189777406162 -184.3297611928624 -345.25653179495
160.0340896563757 -208.3047769826859 -344.2750893417725
143.5156538536365 -219.0561955198328 -356.3583878576795
158.1015032010095 -232.072778192902 -341.5645154070081
140.2937393547572 -243.9306737357149 -352.4398938297807
128.4802719924238 -80.10184783279391 -340.5648565922838
107.3753766768098 -70.0733296925893 -347.8184069356315
93.65723982264028 -82.27534958779951 -363.3125021594483
86.10612108171217 -61.66162714218831 -353.6143037350446
65.82694801249087 -111.7576120869187 -397.6896071304502
100.2500053744115 -49.68485682693552 -338.3661067949495
78.03527445656897 -41.78637302727114 -342.8516038591183
71.9244268953689 -73.68956875077197 -368.7869162543633
155.0885063232258 -254.9171321154411 -337.2204032795391
136.3066988557161 -266.6061470294839 -346.7896815551462
150.4374423552154 -278.3111106356923 -331.3924469845671
130.7502498134659 -289.1900028674546 -339.7628802838159
64.87202419362939 -259.451802803535 -397.8392615838802
60.1074389541143 -282.0954796526173 -384.7642292141587
116.0590269451799 -278.3463575737516 -355.2384702280568
110.217716394718 -299.3923812040169 -346.8570009259121
41.44301283481964 -292.8850936939801 -383.6179789078927
61.29486270758255 -299.4375161119729 -371.5206969339418
88.58771386584769 -256.1356685778374 -385.1998994787763
148.3275429191157 -90.4479961886762 -332.0761975335154
77.97762107815758 -288.4181882047334 -371.7519092297514
90.28568819108423 -116.9088541462887 -385.3369103170081
172.8831905061866 -243.6793110097915 -326.6383599704399
124.294288202895 -310.7314110756991 -331.6333184401853
102.7341962751404 -321.3088695460041 -336.8374065255562
117.7753928724651 -331.8153023571497 -321.9655891490534
176.3314856463684 -196.1016945636319 -331.5676271488126
176.0620060034176 -172.1033766878711 -331.6576429672018
25.34880823061948 -384.0957112443006 -311.4302232413888
25.34880823061939 13.49571124427945 -311.4302232414155
77.32924253927703 -307.8785031256792 -358.4787467540416
60.35387179460654 -318.6940548569107 -357.2233028746637
110.0185502460449 -251.7957142984793 -372.3706799305517
95.50276104784975 -343.4991684297198 -324.6731061369973
23.35468828745334 -78.24112229420098 -388.4647026523598
92.30874108693702 -29.6065605093859 -327.8876365582812
69.62324659011162 -22.53250334600148 -331.2530569901987
57.10155133324248 -35.69734358769355 -345.5891206507094
114.4122253079026 -36.22096667518522 -322.0176212400731
81.26833546242234 -328.7107831784392 -341.596883135781
58.29149960125161 -338.6670334782432 -342.2463070615262
19.50190097499787 -309.8671423185285 -374.4639306198147
94.01956950843355 -155.2029060942563 -397.6730903777679
142.2703594779454 -64.71235744017066 -323.2237805828259
159.0888356370863 -78.82506830321842 -319.0408637442296
61.57878935430564 -91.92328541379477 -386.5338281534506
46.42031486050919 -16.67107629373808 -333.0607162673849
122.5335038651613 -230.9993299128512 -370.4832110629596
191.0879281024606 -184.7212728389137 -319.3318451594183
120.2110597768957 -58.27602174980083 -333.0722810448021
153.032868295799 -113.1941410762348 -337.9222702955062
171.4467723898356 -124.6755566077473 -327.167789871037
174.7412596860165 -147.0960907451961 -329.6959947043892
187.874255386344 -132.279427688937 -315.8344241181703
160.4298017669342 -160.3041454422649 -343.6930371176569
63.70459338320611 -54.06792546683022 -357.6772154542053
51.64720219335825 -67.45596872157589 -372.2754275092788
173.986161250705 -220.0339081040223 -330.9253065032752
189.7519256501735 -230.3007289056924 -316.0019038441164
110.282149352784 -149.2485895716468 -382.9954714439319
143.3600431030297 -304.8470257792038 -323.0843244727818
165.8046231307099 -286.9338269642438 -316.4597333824168
120.5693307882632 -257.6139283983339 -362.159202996921
100.4355569423651 -103.7309193074505 -371.6635582480239
43.41445458321277 -367.3508874669438 -322.6674359450843
63.63053012463356 -363.2821064756103 -321.0911389361848
18.87049559245465 -343.5754557393429 -346.211101651189
19.07680014608943 -59.6242644877081 -373.5896139793394
21.87864154451589 -292.0443893997785 -388.9847614241614
18.50438884940294 -26.15545829867304 -345.51537191328
166.918242224297 -100.5936840293867 -322.6458687779697
128.1361559307399 -208.7446513174496 -370.9197570920114
38.90675819964166 -349.8666133557226 -337.9784514498477
107.7906052992328 -127.1356859882951 -377.519090118952
81.80101084980868 -96.11922441521915 -378.7635592297531
41.31481041719663 -311.4264577413711 -368.8355190751359
98.36716119329795 -272.465554167085 -369.9299586621991
37.0345516302396 -47.50939304364283 -360.3881083412661
168.3716640497349 -265.5155929208987 -323.2207703684337
41.06005176258995 -329.9677635147317 -353.8566478062996
76.272775348922 4.674293945333517 -307.7760242861468
131.8338277721042 -28.45255799965454 -307.6238158941073
132.2193370313471 -340.9606372552245 -308.1816452566722
163.7547512646521 -308.4489327820349 -307.6238158940887
78.92477720300445 -373.9410250701081 -307.9692200633017
194.5043520041118 -249.7153340328327 -307.623815894093
117.2888261507308 -352.4766028767028 -308.1972222971694
74.86054850241582 -346.1300230774843 -330.9425900355108
61.13867812662189 -6.324322358622311 -320.992998635537
40.02750720898928 -0.4075147093136025 -320.9544347843058
116.78216313003 -16.63268403737695 -307.4056860479682
163.9418011827694 -61.30632011630293 -307.0657548415709
43.90788530363179 -81.56443393521896 -385.8620754364408
95.15229950589857 -292.5804638778837 -359.7796141148262
88.01989669964998 -227.1738862352396 -398.7304418610804
131.2922927889559 -47.96089700416331 -320.2559723445487
207.0639136865961 -185.3000000000099 -305.7828828813156
194.5714124048099 -117.3740650218891 -306.6111943843982
188.0961595574857 -161.3613000554651 -320.5832125349008
187.1040490463876 -208.9753827698502 -321.4460714660656
82.78244163356477 -12.67923593218447 -319.0304699604989
177.8172542141193 -78.31090796399292 -305.3938325317667
36.23249686655333 -34.19869242969656 -349.6135678126814
17.53388137060437 -278.0129992221337 -401.3734248674616
17.53388137060205 -92.58700077790745 -401.3734248674816
201.9896351032646 -144.6654557545039 -306.6543872271827
111.2480971611149 -219.0958859229313 -382.7893867172428
178.5108016723728 -292.7063856961412 -304.7073492838979
81.32175795231018 -358.6042249921609 -319.0377314183427
132.5647216157511 -322.1504978557572 -319.8062660971072
203.7365841639921 -230.145813380396 -304.468327359153
76.30613833814742 -271.6739582138946 -383.6510452706889
96.89036468808236 -137.3146576980826 -389.6985658589801
94.89120102447093 -309.1389950345005 -349.0796372021539
34.30850941179788 -67.83822108453163 -377.6145491927977
180.7637539786186 -256.0434259459777 -316.7662576606203
55.46758428680202 -352.217097541694 -332.2207651798099
100.9984128371281 -19.70297561766159 -316.8910755545993
180.7670587828677 -114.3830231147158 -316.709947616952
2 30 0 22
2102
2103
2104
2105
2106
2107
2108
2109
2110
2111
2112
2113
2114
2115
2116
2117
2118
2119
2120
2121
2122
2123
66.09984931566633 -185.300000000016 -398.3567563147607
20.11861124659199 -218.503880363379 -381.0893958360301
17.0866048421899 -184.8480699728194 -373.6153851398552
20.52753383427707 -150.2177594067788 -381.9922060036116
54.63140752676811 -148.3902353171114 -398.2282889140686
56.4648581362886 -218.9977765353197 -398.094919954178
25.97997700219585 -243.7524073127578 -396.7488124643007
27.39590678492672 -124.0308180658636 -399.1350528459017
36.37838521892557 -227.2613381715303 -390.7843717732398
40.01596473813646 -208.5093159906585 -385.0201595480651
67.53348571104297 -166.7878271209713 -401.4115729435925
48.34893396829421 -176.8961869666256 -386.6732409245747
38.99996593946296 -156.1296244757401 -386.4499921777111
33.69678624979869 -169.717382625235 -380.285384561727
45.80825120219997 -237.7696812153938 -401.1164601828634
43.70526908436783 -131.045785458499 -401.1289929955026
66.8145106262012 -202.1764106505015 -400.5336186494195
23.02634298477989 -200.063891079427 -376.3743397073795
31.24459900279777 -139.9534595263756 -390.4734508887411
52.66681690556712 -194.3495563732695 -389.404132542526
37.94300127545509 -186.8595965217245 -380.6832251734325
13.75703810015501 -132.8908888566718 -389.8903083644986
2 31 0 356
2124
2125
2126
2127
2128
2129
2130
2131
2132
2133
2134
2135
2136
2137
2138
2139
2140
2141
2142
2143
2144
2145
2146
2147
2148
2149
2150
2151
2152
2153
2154
2155
2156
2157
2158
2159
2160
2161
2162
2163
2164
2165
2166
2167
2168
2169
2170
2171
2172
2173
2174
2175
2176
2177
2178
2179
2180
2181
2182
2183
2184
2185
2186
2187
2188
2189
2190
2191
2192
2193
2194
2195
2196
2197
2198
2199
2200
2201
2202
2203
2204
2205
2206
2207
2208
2209
2210
2211
2212
2213
2214
2215
2216
2217
2218
2219
2220
2221
2222
2223
2224
2225
2226
2227
2228
2229
2230
2231
2232
2233
2234
2235
2236
2237
2238
2239
2240
2241
2242
2243
2244
2245
2246
2247
2248
2249
2250
2251
2252
2253
2254
2255
2256
2257
2258
2259
2260
2261
2262
2263
2264
2265
2266
2267
2268
2269
2270
2271
2272
2273
2274
2275
2276
2277
2278
2279
2280
2281
2282
2283
2284
2285
2286
2287
2288
2289
2290
2291
2292
2293
2294
2295
2296
2297
2298
2299
2300
2301
2302
2303
2304
2305
2306
2307
2308
2309
2310
2311
2312
2313
2314
2315
2316
2317
2318
2319
2320
2321
2322
2323
2324
2325
2326
2327
2328
2329
2330
2331
2332
2333
2334
2335
2336
2337
2338
2339
2340
2341
2342
2343
2344
2345
2346
2347
2348
2349
2350
2351
2352
2353
2354
2355
2356
2357
2358
2359
2360
2361
2362
2363
2364
2365
2366
2367
2368
2369
2370
2371
2372
2373
2374
2375
2376
2377
2378
2379
2380
2381
2382
2383
2384
2385
2386
2387
2388
2389
2390
2391
2392
2393
2394
2395
2396
2397
2398
2399
2400
2401
2402
2403
2404
2405
2406
2407
2408
2409
2410
2411
2412
2413
2414
2415
2416
2417
2418
2419
2420
2421
2422
2423
2424
2425
2426
2427
2428
2429
2430
2431
2432
2433
2434
2435
2436
2437
2438
2439
2440
2441
2442
2443
2444
2445
2446
2447
2448
2449
2450
2451
2452
2453
2454
2455
2456
2457
2458
2459
2460
2461
2462
2463
2464
2465
2466
2467
2468
2469
2470
2471
2472
2473
2474
2475
2476
2477
2478
2479
0 -318.6496626160089 -343.6601545952839
0 -390.2526799100437 -135.4306406769751
0 -224.2024795461581 -198.557914768479
0 -106.5528918503322 -211.085061828916
0 -56.65002858838938 -159.5303637724584
0 71.69968974751501 -98.55891228345621
0 -174.1451035551882 -354.0939390308171
0 -388.2193031030921 -290.217478367773
0 -291.3078939075672 -191.1691434188523
0 -55.01357318353664 -345.8177711428411
0 -11.20635277762531 -20.19646251650607
0 -104.140680769632 -36.52998179468466
0 -403.6347148335557 -148.2454490632808
0 -445.1978207408622 -259.4342289755514
0 -165.9814838919407 -147.3706828513405
0 -224.9508975430205 -360.9408707709656
0 -219.6055555555571 -38.13990189022422
0 -36.96847718543358 -219.625907656738
0 -281.0038216935945 -132.8410359773005
0 -385.8416602241169 -181.7399386101187
0 -337.9142722734122 -37.8382469482076
0 -149.1230761610209 -35.77932251396987
0 -428.7150480757391 -41.09073603279347
0 -490.2332500939357 -97.92975379274486
0 -487.1853709925272 -192.8643861135237
0 13.59018829841435 -164.9003693416645
0 -151.67536691596 -207.6076890539042
0 -336.1427467285109 -188.1814248452359
0 -213.2244168953773 -142.0149832112853
0 -104.4302121843212 -154.707030717744
0 -21.49907441017459 -317.8850445763674
0 -347.0858300207389 -318.8323165604049
0 13.1593907223606 -289.9224574962278
0 -263.1871314785791 -37.0636425648309
0 -381.9689968141435 -36.63771308516067
0 -81.60590228698824 -37.50067473285986
0 -93.5223074633069 -57.00696746956953
0 -69.89386061966039 -57.27875873968196
0 73.00107736462482 -53.97914008544677
0 -327.8868682506027 -126.5848949970463
0 -410.1707906351322 -169.2622157118782
0 -491.8495836121369 -148.4170280910801
0 -413.3837408753208 -131.7392508147082
0 -81.66374019882331 -77.79650535440715
0 -57.98176829863274 -78.03837206340927
0 -104.732687503316 -76.19431285135227
0 -403.3160106603954 -195.0494950858242
0 -380.046052637979 -205.159256957155
0 -117.9638045657467 -372.5245624482037
0 -423.4043663714549 -259.6539902517488
0 -398.6703846712769 -113.0609213243073
0 30.45441341537779 -274.5455429875055
0 -422.3110350572692 -109.5298331962256
0 72.86959390320945 -139.4746867170483
0 7.631238527838548 -268.6052839502239
0 -426.3590071923649 -186.2458286111768
0 56.69480242313492 -227.2532928131485
0 -69.74393718284713 -98.61934784027574
0 -45.98981633996553 -98.82654666314426
0 -33.98647948270892 -77.8756464040714
0 -22.03140589679705 -98.87760201795538
0 -9.988319058259748 -77.97154779647985
0 1.961541252002718 -98.94543127322532
0 14.01678110271402 -78.19392830682477
0 -280.6762033528813 -374.9046944541657
0 32.92177882649938 -18.96559803992727
0 -407.4241859544333 -90.74490332225838
0 -383.701549093539 -94.29594753757112
0 -431.1553703282815 -87.21644252919469
0 -437.0657226080806 -127.8767009014629
0 -489.4678192736777 -242.6869743473793
0 -10.0940484169289 -119.7236169192175
0 13.90508269396454 -119.793497610004
0 -489.9090382199868 -53.31818181816567
0 -436.4643778029821 -240.2686732713205
0 -411.8672468384638 -239.4835927608086
0 9.058333513501424 -224.463520396969
0 -59.44547662606934 -37.43881038570328
0 2.166220102296165 -57.83941739835677
0 27.76072797498691 -58.87931477714824
0 37.86381846645881 -78.87723374790744
0 -58.03826353350928 -119.232481579249
0 -82.69209045816713 -117.3418115876442
0 -199.9140317835646 -351.7749097037702
0 -218.6953189813585 -337.1757881142523
0 -242.4583629369615 -342.2503348359836
0 -235.6673344577279 -320.0279035714653
0 -212.7901513567544 -313.9938692297982
0 -227.9537879764475 -296.5800564670305
0 -251.9481548573862 -302.4793414374489
0 -204.4353105974289 -291.3746112410934
0 -243.9562625237301 -278.9152405521658
0 -267.3621174139953 -284.1313536868264
0 -259.8918831203578 -261.003604747914
0 -283.3705851025553 -266.1483725703579
0 -290.6624465787584 -289.1155908382503
0 -306.8016464633648 -271.2366181993408
0 -236.4754975041857 -255.9284362617875
0 -252.5887499086972 -238.1478065682986
0 -299.49197275521 -248.3568142963685
0 -322.9402473980329 -253.4516447794235
0 -188.8148563264777 -310.5610171733538
0 -180.8886058408724 -286.5242047004537
0 -165.0076311521137 -302.9873357585006
0 -157.3645428149765 -281.0406263398272
0 -141.1971331135894 -298.7282438120477
0 -133.8432008954181 -276.0061650085903
0 -117.6762438831005 -293.768633452272
0 -110.3705802288187 -270.9298015464821
0 -94.21174270744946 -288.6852867254166
0 -86.91547689252616 -265.8258319439333
0 -173.4588025662854 -263.4496409991679
0 -101.1796955279652 -311.2555231084676
0 -70.75955892297114 -283.576716092169
0 -126.5881258798335 -253.3134214027477
0 -63.46534600825987 -260.7130573261772
0 -48.20162934364228 -279.088589721884
0 -315.670094778418 -230.6235206506866
0 -339.0882043511442 -235.6920487050479
0 -346.3916671482658 -258.5467323792739
0 -362.4346816588859 -240.5876136934647
0 -151.6101378146539 -318.3873149609477
0 -313.9110246207653 -293.9162127820602
0 -79.46688630731987 -243.666326689526
0 -55.16519311393094 -300.1892144836969
0 -297.9618942744845 -311.8236403079157
0 -39.38310670118102 -256.2527653050954
0 -436.8035727357896 -163.5453712750222
0 -450.0288915228242 -179.6733984196823
0 72.46306586658321 -263.5258165538262
0 -443.6941860475972 -203.2444349677365
0 -459.6993498816429 -159.9243173080673
0 -147.6906976816698 -356.5038181324674
0 -122.9128741325528 -347.3184330726197
0 -104.5117192393338 -355.1999641238391
0 -9.50370974913173 -283.2917694556919
0 -393.3277127680595 -72.1581846336997
0 -369.0048992019235 -76.32224339697592
0 -360.0213828713314 -98.07857091874394
0 -345.0810063540744 -79.35088065480841
0 25.63970254053046 -252.664464899387
0 -228.8590450024797 -234.3306428515922
0 -212.9553381938772 -251.0198189047077
0 -205.3090454470416 -229.083640900849
0 57.90462869436854 -171.784557177347
0 -291.9665267183717 -226.7161320758389
0 -404.3463354719394 -258.541881291264
0 -251.6000275751131 -371.4978810692663
0 53.77623728711478 -262.9631252423353
0 -245.2738299960556 -215.2836677416735
0 -367.9117166871654 -262.1784143109974
0 -353.699241273762 -281.4041068320481
0 -463.6122035162887 -244.9623544893348
0 -336.3368364663227 -102.0589768107366
0 -321.3231886531336 -82.89189106505142
0 -312.947991786409 -106.4690985067439
0 -297.6273176895407 -86.48975405759097
0 -305.9510284377933 -63.36361705019959
0 -282.7276761504429 -68.60408281306371
0 -273.8456834332555 -90.00299292057031
0 -259.0704389239861 -72.43587304798609
0 -250.1161320312754 -93.6000038961941
0 -235.252760891973 -75.40129618045597
0 -226.3568806219477 -96.98895969545424
0 -211.5001998504569 -78.833198800422
0 -202.615172412185 -100.4986088966735
0 -187.6759161121682 -81.79281831708943
0 -178.8310699802699 -103.7271728530806
0 -163.9215025722029 -85.21950617894049
0 -155.0849111836686 -107.2092209541375
0 -241.8437332870643 -116.1141173588503
0 -140.4155800648726 -89.90897373150415
0 -131.5169892358556 -111.8141924631408
0 -172.7063982898953 -62.8851020626613
0 -356.0808422541296 -216.7809526688497
0 -411.6152766621869 -279.9643899255954
0 -148.5342773381471 -129.2667705613893
0 -122.6690875152897 -134.0089856834143
0 -268.4166354253676 -352.5039711809189
0 -262.7379027606513 -328.3186127473263
0 -285.2211011471936 -337.1415342739768
0 -195.615853521862 -122.440455162644
0 -321.6006886709725 -318.5408372879446
0 1.866201488010432 -141.2009976715055
0 -21.78788541146616 -140.374503745824
0 25.68550994181103 -141.4549297041759
0 37.73865717905167 -120.0456104076086
0 -116.3551430433112 -55.12417052140211
0 -244.2006121785658 -53.04484195667072
0 -289.3619969574792 -43.8303726880855
0 14.13067295899984 -36.66427464605317
0 -107.667388450647 -114.6724286892611
0 -353.2530030005498 -58.03535182517982
0 -472.9663549208848 -175.3048544164637
0 -15.11416698946985 -262.3349990404502
0 -386.8118094238459 -245.1465497695162
0 -360.8342533836664 -192.7644177163486
0 -183.9842836320574 -333.1738804291584
0 -9.900995972894549 -161.679800171118
0 -351.056443090082 -123.0669209292137
0 -46.26677471153877 -57.15724110289972
0 -34.32757955020787 -35.87066771616247
0 -69.87932358613229 -137.8634758169287
0 -445.6918174335261 -105.8254900189181
0 -453.5928116600829 -84.21102663286075
0 -460.391411466224 -123.6636915412578
0 -440.334546935135 -64.3549514948167
0 -467.7862141815815 -62.54876359825499
0 -427.7115227170594 -221.0821087341882
0 -21.94557504363831 -57.83311472399151
0 -416.6209857596417 -68.02876232221229
0 -401.451114440724 -44.53063758688711
0 -274.3798712694065 -307.3225032789905
0 -374.9208699643015 -116.6322369194037
0 -34.01501724604421 -119.2360520746643
0 25.83624479762716 -99.20297360088
0 -289.381166777339 -110.0737689584656
0 -265.0247572475564 -112.0920184931617
0 -258.0337508847575 -136.0211873640565
0 -196.7811821520842 -58.32233684223218
0 -149.2599137878139 -67.52553544631996
0 -55.54701531365563 -236.9539402268968
0 -72.32596667193883 -220.1004049867283
0 -331.365102483247 -211.7745530953686
0 -78.12248182792014 -306.066885631427
0 -84.19195559499207 -326.6189289453297
0 -102.9679689889347 -249.0441283543034
0 -330.0204752455921 -276.1081660817583
0 -125.9304901909592 -320.1563742418645
0 -149.9865362448324 -258.308501956998
0 -166.9335721468639 -241.3137191928867
0 -143.9247430086274 -231.9559052253711
0 -276.00588639624 -243.4594331176181
0 -268.7256007722481 -220.3838684469304
0 -220.4390930129027 -273.7294796076469
0 37.97356730373858 -162.326435569533
0 -196.9080361017448 -268.5962887046054
0 -189.6394022469964 -246.0577306017555
0 -182.8421100658621 -223.7039044193729
0 -490.2847981589346 -75.29320816793268
0 -489.9873672799563 -217.8599764183117
0 -469.0160126317788 -209.1470880790058
0 -485.9572747915366 -123.1035522880124
0 -452.7624496802246 -40.11880350712499
0 -174.3110630297622 -40.37155082239104
0 -304.4090301149969 -209.6237406727644
0 -13.95507183596607 -222.0447140268535
0 -199.8941200219299 -205.3855193052998
0 -129.0220985833036 -209.9506821762758
0 -266.05855079041 -197.4860168551011
0 33.97602603706829 -227.3361927796075
0 -304.8882843814035 -130.8012453979935
0 57.18940383820072 -17.91238330923602
0 47.32904800465647 -40.06138670406943
0 -218.7453333846827 -119.5091839176147
0 49.47281356823285 -139.4850339970936
0 48.42962298557234 -99.76419452485425
0 59.78936873953589 -119.3470910196736
0 -70.19757208219508 -359.7567160919322
0 -365.4740476059221 -300.9005824914315
0 -296.7563088382003 -355.5747564926747
0 -38.32483667756557 -331.9767847767791
0 -329.3583794161237 -59.8103909227865
0 -400.4932585746574 -218.9181711806115
0 0.1299575183498121 -246.0934694706411
0 -60.78678058583338 -323.2269736043024
0 -29.99323574782676 -296.3033679169729
0 -117.3185445287273 -230.7962086572956
0 72.86473311494169 -75.06808753361338
0 -188.6863305382971 -144.16707134933
0 -314.0652261079804 -39.35241509441801
0 -480.2410792384412 -261.26902846783
0 -33.71246098731268 -160.3692003663097
0 -196.679560147481 -34.56675791096688
0 48.04610192957276 -279.3392464706462
0 -338.6318845729588 -298.2837036726079
0 -93.91084773967367 -96.73050828447742
0 -475.5133754700452 -37.00548858729474
0 -172.1223210756976 -125.696895621987
0 72.79041522509235 -32.03514231548667
0 -90.93350075534076 -371.9343881378149
0 -45.9780616768733 -138.765229417388
0 -73.63841311800007 -18.78499497732781
0 -467.9916160592575 -102.4490163220331
0 69.39982255655585 -245.2339086118923
0 52.43546236172884 -63.92816176350658
0 -142.790489117034 -150.5243515815413
0 -463.1246294725627 -263.933122386537
0 -360.9014810555599 -37.22628034668423
0 -174.4002427538562 -203.9232148511579
0 -106.1263922864867 -333.1800979665896
0 -126.5833333333344 -35.79193691991208
0 -235.111326804588 -138.7845129073663
0 -21.14987627426993 -242.4076961366863
0 -124.0717081160007 -156.457746647626
0 -335.4244824978533 -334.6243695898729
0 -312.8256235267041 -187.7105488769434
0 -81.34141709809911 -156.3395272493184
0 -117.2747753082292 -94.38691681681587
0 -221.4680621257274 -60.74831513400102
0 -243.9047230934389 -193.4361025392389
0 -96.33798833722746 -134.5807801340777
0 -492.3653975256738 -170.2638388441537
0 -453.1666352338258 -223.8442909690665
0 11.75421980157483 -15.1652670404975
0 -127.0414755712213 -72.88077954938018
0 -10.23652286203509 -41.680787400214
0 -1.729918247107548 -304.5971096754329
0 -161.8511707831423 -336.6810645385305
0 -94.55784863893683 -228.1513295349183
0 -33.74527060100201 -15.08432884231922
0 74.01475769747148 -163.4931307236646
0 -376.4287508616227 -225.1015458990127
0 -377.4220696807537 -55.93818341773459
0 -266.8816427494693 -389.9558790116413
0 -103.480000978439 -388.9024721899045
0 47.89731816888087 -243.0901968692741
0 -425.3522923091959 -146.8648498261736
0 -473.0500075871055 -227.7001368606196
0 -242.5431042869852 -32.84967728234193
0 56.97763509374863 -285.9999999999997
0 -303.3266361478267 -330.388093149617
0 -141.4545384401223 -336.7170461676508
0 -52.63028998254654 -17.86313365358484
0 -136.9174937558581 -52.56689712408559
0 -28.40950525842459 -277.3590099243626
0 75.48835685686808 -226.6110620122429
0 -163.656195525821 -222.0959872078131
0 -54.71433956765745 -214.8618400565106
0 -39.94938527828691 -312.6836655369846
0 -448.3563149506419 -143.9955584141585
0 -470.8255407029191 -142.0984196329667
0 -493.8663829911033 -34.44367428518353
0 56.65866533524334 -83.23931797066757
0 -473.1802864580981 -84.23527707119109
0 -87.51436211997996 -210.4674703240385
0 -86.54333254125828 -347.5699075406355
0 78.17084067477711 -118.8356217051986
0 -388.327787055716 -269.5030903542977
0 -283.6246923954788 -209.5734195067247
0 -268.7386742242683 -55.94223598765882
0 75.82296214307442 -15.48297569162855
0 -38.31066415967791 -237.4405990281743
0 -202.1547307936638 -329.5810337957842
0 -496.3606614571175 -262.2821096539408
0 -346.139254970475 -202.4619082274073
0 -220.2942595338803 -217.5262417298963
0 -425.4620454858734 -286.7410974813802
0 -172.7167798810268 -319.3100924654864
0 -371.6687453297494 -280.922782546161
0 -477.0393425914227 -158.8108625589706
0 -158.3603856395031 -52.38876052294495
0 58.44707223340419 -155.3127688369373
0 -71.13801261524287 -338.79116468872
0 -464.4975836509821 -190.7577362735584
0 -419.173368856633 -203.4759139793238
2 32 0 99
2480
2481
2482
2483
2484
2485
2486
2487
2488
2489
2490
2491
2492
2493
2494
2495
2496
2497
2498
2499
2500
2501
2502
2503
2504
2505
2506
2507
2508
2509
2510
2511
2512
2513
2514
2515
2516
2517
2518
2519
2520
2521
2522
2523
2524
2525
2526
2527
2528
2529
2530
2531
2532
2533
2534
2535
2536
2537
2538
2539
2540
2541
2542
2543
2544
2545
2546
2547
2548
2549
2550
2551
2552
2553
2554
2555
2556
2557
2558
2559
2560
2561
2562
2563
2564
2565
2566
2567
2568
2569
2570
2571
2572
2573
2574
2575
2576
2577
2578
269.7156726853784 91.69999999999702 -97.59649453146406
186.35044372706 91.69999999999949 -18.81486871592932
185.0523592910422 91.69999999999449 -174.4637328792917
124.6344541334227 91.69999999999699 -95.00582414159167
268.7691517424718 91.6999999999984 -54.76154671432366
270.3010773646265 91.69999999999564 -140.3457642221585
20.18436874138479 91.69999999999544 -140.6941653319559
19.48994345854936 91.69999999999693 -94.70121625772904
20.17164175748582 91.6999999999982 -55.03120058774786
125.1650893005258 91.69999999999557 -139.241338823112
127.0237518935216 91.6999999999985 -48.26584454993747
231.5783379736714 91.69999999999453 -174.2359461114943
233.0776651087112 91.69999999999936 -23.85666968739335
76.18219696287878 91.69999999999629 -115.8295126719242
72.07594736746205 91.69999999999787 -66.40478103482346
57.94414977560365 91.69999999999941 -18.74929884699296
57.73410591661889 91.69999999999439 -174.451162337279
139.8951155115689 91.69999999999442 -175.619531171694
144.5000000000002 91.69999999999945 -19.25241089951882
123.3669059300353 91.69999999999918 -27.03947976933605
152.5555584414198 91.6999999999986 -45.84453861578845
78.28370751393169 91.69999999999915 -26.85420041483798
62.35040056360964 91.69999999999864 -42.61391948559776
39.79568573515377 91.69999999999878 -37.63707486670535
46.07636643167604 91.69999999999806 -60.25905942741048
52.81330887127399 91.69999999999737 -81.46998927003291
34.82425260263597 91.69999999999432 -176.200608208295
42.55086043683536 91.69999999999507 -152.778964693466
71.58264256157617 91.69999999999499 -156.3207599904302
29.39789390559531 91.69999999999754 -75.75896050612933
254.7386424371866 91.69999999999447 -176.2281943191191
247.101636471629 91.69999999999521 -152.9784359142402
219.865657943861 91.69999999999517 -153.7458716271118
230.9194181491422 91.69999999999585 -133.10779793348
207.023803535075 91.69999999999582 -133.2576815368288
218.6047264108401 91.69999999999651 -112.4802834598814
194.6109524212087 91.69999999999648 -112.8607784580219
206.2576805876949 91.69999999999716 -91.92384686701315
182.2613660308108 91.69999999999712 -92.30984101104228
193.9211137506316 91.69999999999781 -71.34100145138994
217.9181824975395 91.69999999999784 -70.95389779163544
170.5989539547455 91.69999999999644 -113.2853691935882
205.5829466175402 91.6999999999985 -50.36712555036075
159.1645018851873 91.69999999999715 -91.31005032005793
229.5798143475222 91.69999999999852 -49.9793935878505
245.5307156211537 91.69999999999796 -67.74749024160094
146.2584660127753 91.69999999999648 -111.5514424334244
160.2952871433924 91.6999999999958 -133.0637355581998
246.0646415608007 91.69999999999658 -110.5346292792537
180.7065877447907 91.69999999999841 -52.27795117274806
183.1738588001127 91.6999999999958 -133.4516705038632
171.9720610924207 91.69999999999511 -154.4140154477002
230.892827859289 91.69999999999722 -90.49617591764263
168.7177310898868 91.69999999999781 -70.48357684217771
145.4039727706615 91.69999999999786 -68.7670291238704
208.2406162018936 91.69999999999452 -174.0799091638569
57.62789195840736 91.69999999999585 -128.8645899045827
166.6409489567858 91.69999999999959 -15.11079841784976
256.6676870060084 91.69999999999953 -18.98782850368539
208.755957804337 91.69999999999949 -19.33273228663285
74.51861214811646 91.69999999999706 -91.98159979188614
269.2930769278158 91.69999999999631 -119.4845538173605
268.8327600877849 91.69999999999769 -76.76400526551835
19.44338945168357 91.69999999999617 -118.4019690569346
38.6278182972901 91.69999999999645 -110.1039568140741
195.8880594774008 91.69999999999516 -153.9021468597754
18.43892073122527 91.69999999999894 -32.38748405126972
124.883302697781 91.69999999999627 -117.7382429731845
162.7808100766251 91.69999999999445 -175.1771628840341
18.91934897518104 91.69999999999476 -162.0803063148844
124.6737369562256 91.69999999999486 -161.2602310004063
270.5446652240392 91.69999999999494 -162.0441521716259
146.6319866886746 91.69999999999516 -152.7737642828682
271.2616768523891 91.69999999999911 -32.70119343399855
250.8144517797094 91.69999999999881 -41.33902036147541
36.57615218047403 91.69999999999581 -129.865646896464
33.34615384615375 91.69999999999943 -17.25639909183786
124.5119899566619 91.69999999999773 -72.09459203065153
251.6770699560897 91.69999999999594 -130.9222184953252
251.3002372324892 91.69999999999727 -89.15231061028217
77.12864838098375 91.69999999999963 -11.72069985236612
57.84748790389341 91.69999999999668 -103.4315816655382
123.6410734936993 91.69999999999968 -11.85837813377094
78.59854629657195 91.69999999999567 -135.2673211979774
76.50693077135986 91.69999999999432 -177.2313348568799
79.95030348517946 91.69999999999851 -46.9984195576703
169.8077888894583 91.69999999999898 -34.36409096034248
122.3064728781009 91.69999999999433 -177.8833355099389
216.1612990153126 91.69999999999895 -36.30310387290879
194.2188111915 91.69999999999895 -35.71598807303465
15.84789499813769 91.69999999999946 -15.66842074618447
273.8937987968437 91.69999999999968 -15.1172228880597
273.1266350707937 91.6999999999944 -178.8376780615649
15.95661207023016 91.69999999999422 -178.9332591429168
141.6418067399641 91.69999999999587 -130.6403350949312
12.71293200112416 91.69999999999754 -75.50722828292837
38.44703035050844 91.69999999999703 -91.93550236996971
141.9078336536658 91.69999999999726 -87.0341318191398
136.8615540662442 91.69999999999894 -35.10056845864523
2 33 0 99
2579
2580
2581
2582
2583
2584
2585
2586
2587
2588
2589
2590
2591
2592
2593
2594
2595
2596
2597
2598
2599
2600
2601
2602
2603
2604
2605
2606
2607
2608
2609
2610
2611
2612
2613
2614
2615
2616
2617
2618
2619
2620
2621
2622
2623
2624
2625
2626
2627
2628
2629
2630
2631
2632
2633
2634
2635
2636
2637
2638
2639
2640
2641
2642
2643
2644
2645
2646
2647
2648
2649
2650
2651
2652
2653
2654
2655
2656
2657
2658
2659
2660
2661
2662
2663
2664
2665
2666
2667
2668
2669
2670
2671
2672
2673
2674
2675
2676
2677
190.282018103583 73.33952846310051 -2.556267176780107e-12
98.144903142217 -70.39366030920031 2.346956757361566e-12
121.9271962755043 70.07221051340471 -2.419544868684251e-12
166.6435961531198 -71.85112850521558 2.370203228861489e-12
19.88203081749276 12.33962837594383 -4.252951358141746e-13
269.015178765225 -11.04386306382462 2.716926909548466e-13
209.4066265285354 -70.69886986405287 2.314873171408493e-12
76.12103131643408 72.3828433697627 -2.480339119537524e-12
54.44530504496549 -71.52332001681502 2.401878497096382e-12
233.7490314222695 73.56202691658578 -2.580375623023058e-12
269.1463676182417 34.38750000000019 -1.267070733563069e-12
20.1047913390799 -34.21973430004049 1.151537521921873e-12
267.4173895080531 -58.75808806618629 1.888333464871205e-12
18.62768300989489 58.60404453303969 -1.991744946254507e-12
18.35710112773154 -57.29990659135912 1.933905492320736e-12
41.64365047903732 -49.4256594239791 1.658334408147534e-12
40.77796225359492 -22.69388856335161 7.532869625879931e-13
61.24306490743629 -33.57591825898953 1.11404736136023e-12
61.12636592102064 -9.710156704980491 3.057831279646094e-13
81.87922363565224 -21.27385581403296 6.895212543798086e-13
81.50834841717403 2.719234078617006 -1.229585488270576e-13
102.4369543756389 -8.93039999787392 2.636230988244271e-13
102.0600838694853 15.0658500572206 -5.48961450003588e-13
123.0238530628993 3.39915396285582 -1.618153360799788e-13
123.4019794189776 -20.59812584992702 6.508036107613169e-13
143.9937626484394 -8.270697239623743 2.2543529695592e-13
143.6148422920882 15.72650394344457 -5.871806840498385e-13
164.5859802670737 4.056153875613305 -1.999136233066581e-13
164.9647339800073 -19.94086482706282 6.126962408125177e-13
185.5572750945035 -7.614245373613826 1.873550433565947e-13
185.1784451425057 16.38279542001791 -6.252555398928198e-13
206.1498617202568 4.712310814013208 -2.379840287032558e-13
206.5286394809856 -19.28469275304374 5.746253136194149e-13
205.7710820178034 28.70932586487732 -1.050593759230309e-12
60.71536090764818 14.39150600348893 -5.103586242521813e-13
226.5959491889013 17.03653309935279 -6.631881982170428e-13
184.1384631346308 39.19164112835303 -1.397371103967334e-12
84.42816367726982 -48.19534475885295 1.6003524829264e-12
225.5028506072724 39.79401397779775 -1.433543836746423e-12
102.8065273041722 -32.92540099352142 1.076168125642224e-12
124.1049761759401 -44.37646565643503 1.455883422193364e-12
81.22790273473294 26.56382472864448 -9.304433138957184e-13
60.52836082242089 38.2411012576141 -1.31804851807007e-12
102.3220929658356 37.44024676517044 -1.306859084250879e-12
40.74152369118536 25.82837805456951 -8.90098265907013e-13
144.5143349850977 -32.72113395469592 1.053347890333344e-12
166.0495495385352 -46.02385025370764 1.495686446318975e-12
122.6161475687965 26.878252496296 -9.5687273984718e-13
142.2372527944506 38.15761096005529 -1.346373908768472e-12
163.930541201439 27.59416660316421 -9.968719367674943e-13
159.9582166421858 52.04130080870893 -1.823356629178518e-12
226.9351789199626 -6.961101606925851 1.494575986036524e-13
227.3073585854909 -30.95821564323563 9.620731980594444e-13
207.669830114831 -44.72017800273532 1.435663861899666e-12
247.6038776618938 3.533602538381388 -2.138675535111183e-13
227.8788020416946 -54.95218562473595 1.77450633838532e-12
187.4445260645502 -57.1939030069217 1.865847356276732e-12
144.8658235938559 -56.76937506090779 1.867702999783079e-12
247.8733327570186 -43.81547280661515 1.38969405454087e-12
203.5466499018397 52.82247468290728 -1.866433129406708e-12
186.3690923789022 -32.46295570284751 1.028645710380649e-12
123.0777147149541 -69.32099580640313 2.301120592627745e-12
20.28694155084543 -10.89925395786693 3.616274586032294e-13
270.371723039362 58.4389127756097 -2.082134466961306e-12
97.44772807868895 71.92593488102399 -2.472995322600813e-12
76.05994206155873 -71.21649215760083 2.383245548812817e-12
145.8888377177098 72.52729982507181 -2.511832058074572e-12
54.70180934673442 73.20331646616627 -2.499961197678489e-12
269.2047084354623 11.91277852111439 -5.058973425061554e-13
269.5193847211434 -34.38749999999979 1.062125357448671e-12
246.7076008612506 28.61707099019232 -1.06307703415196e-12
247.779617620648 -20.04500464760655 5.846485470977248e-13
246.2071080815567 52.41419191100773 -1.868870151174887e-12
40.8225716352087 1.899109027802638 -7.966950725411661e-14
83.87053691693126 51.25731500892408 -1.767793915480428e-12
20.44177343334343 36.50901881894612 -1.244100873153503e-12
168.3407094835382 73.09265655624505 -2.539540324791395e-12
246.5092275462623 -63.10941973476777 2.0436802279213e-12
211.4147326162595 73.41818600716937 -2.566988489412744e-12
121.8491286526709 48.17121547378123 -1.677750991948679e-12
255.6538461538466 73.65570313966884 -2.591899981205897e-12
33.34615384615398 73.6557031396692 -2.507140804309112e-12
42.98223702946314 53.05213316139647 -1.812993087070602e-12
32.86529730876873 -72.84964802343306 2.455027660701807e-12
63.68375962976381 -54.04712324352279 1.806455396058329e-12
106.5124570029107 -53.0423735048826 1.75609627615026e-12
234.3824426860822 -75.30513703698516 2.461360168579013e-12
144.6553049231329 -76.5753880941533 2.538592496424807e-12
272.6172949305193 -75.66826410525958 2.45908111894857e-12
188.2835651338567 -76.62878027523799 2.52376670285697e-12
63.64079508639674 57.62734185277272 -1.975827167567422e-12
16.05341950857024 -75.4490021084453 2.549474961252536e-12
14.84092121736359 76.8869495345418 -2.609524303152471e-12
274.1589599924878 76.85392318305584 -2.70727583357682e-12
222.3183368686545 58.44411557719945 -2.063989382572496e-12
138.3721264165042 56.19392751620439 -1.955771691330898e-12
181.2532114531554 58.09752032786296 -2.036593672824813e-12
105.4833365779262 55.77338452846089 -1.92898883659301e-12
255.5805680950315 -78.72537732222456 2.569117977250663e-12
2 34 0 11
2678
2679
2680
2681
2682
2683
2684
2685
2686
2687
2688
99.83103674750816 -91.70000000000017 -7.464445354959708
83.29983709958788 -91.70000000000024 -9.524330570099711
116.5084134896109 -91.70000000000023 -9.807643388891
11.42019230769222 -91.70000000000029 -8.999999999996959
277.7173076923077 -91.70000000000009 -8.999999999997057
255.151923076923 -91.7000000000001 -8.999999999997049
34.26057692307666 -91.70000000000027 -8.999999999996966
232.5865384615383 -91.70000000000012 -8.999999999997039
210.0211538461538 -91.70000000000014 -8.99999999999703
55.97364279306692 -91.70000000000022 -8.008344912167965
187.8859890109891 -91.70000000000014 -8.584570301490169
2 35 0 139
2689
2690
2691
2692
2693
2694
2695
2696
2697
2698
2699
2700
2701
2702
2703
2704
2705
2706
2707
2708
2709
2710
2711
2712
2713
2714
2715
2716
2717
2718
2719
2720
2721
2722
2723
2724
2725
2726
2727
2728
2729
2730
2731
2732
2733
2734
2735
2736
2737
2738
2739
2740
2741
2742
2743
2744
2745
2746
2747
2748
2749
2750
2751
2752
2753
2754
2755
2756
2757
2758
2759
2760
2761
2762
2763
2764
2765
2766
2767
2768
2769
2770
2771
2772
2773
2774
2775
2776
2777
2778
2779
2780
2781
2782
2783
2784
2785
2786
2787
2788
2789
2790
2791
2792
2793
2794
2795
2796
2797
2798
2799
2800
2801
2802
2803
2804
2805
2806
2807
2808
2809
2810
2811
2812
2813
2814
2815
2816
2817
2818
2819
2820
2821
2822
2823
2824
2825
2826
2827
125.9399018902304 -312.6277777777785 -17.99999999998986
126.3999139172711 -242.623248160792 -17.99999999999214
125.1640838808512 -379.3726315259351 -17.99999999998768
268.8600981097687 -196.3500000000006 -17.9999999999937
268.6859595992125 -335.9995576300889 -17.99999999998915
268.8600981097686 -266.1166666666674 -17.99999999999143
268.9807753641664 -406.5066070591707 -17.99999999998685
124.8552269019302 -175.8408629214503 -17.99999999999432
183.612012780285 -490.9603014345189 -17.99999999998407
208.8499999999997 -111.5319817466642 -17.99999999999644
125.4085115741664 -426.3798977767865 -17.99999999998615
268.8225646274059 -453.2152846326678 -17.99999999998533
161.9914466412268 -112.0716819142197 -17.99999999999641
268.8600981097685 -149.8388888888894 -17.99999999999522
233.4453401279603 -490.6361866287368 -17.99999999998409
127.120621082297 -474.7471301295178 -17.99999999998457
254.7782480949562 -111.0032786363199 -17.99999999999648
124.4679561341088 -126.6276597861377 -17.99999999999592
268.6569365141196 -312.5309241971495 -17.99999999998991
248.0969046116153 -324.3223359290042 -17.99999999998952
248.2204290249258 -348.0918629462325 -17.99999999998875
227.4142544739587 -336.4442280785897 -17.99999999998912
227.2950071334991 -312.452701514435 -17.9999999999899
227.6584830050887 -360.4189036970279 -17.99999999998834
206.7608214999586 -348.6600698148762 -17.99999999998871
207.0202021258855 -372.6607885159224 -17.99999999998793
186.1076626269337 -360.8903561711445 -17.99999999998831
186.3685452105277 -384.8897829174542 -17.99999999998752
207.2826941596739 -396.6642011510553 -17.99999999998715
186.6297558717883 -408.8893138795281 -17.99999999998674
207.5436719961546 -420.6627819878777 -17.99999999998637
185.8496032926641 -336.8884120376572 -17.99999999998909
186.8907719524391 -432.8880534384296 -17.99999999998596
165.1944873968696 -349.1177362623353 -17.99999999998868
207.80464800012 -444.6613576521129 -17.99999999998558
228.181954501578 -432.4390554686722 -17.99999999998599
165.4669267222416 -325.1134764874025 -17.99999999998947
185.6871412681571 -312.8872988035018 -17.99999999998987
165.3113757977579 -301.1135255941113 -17.99999999999025
185.457674344219 -288.8919140412936 -17.99999999999065
164.5401571903505 -277.1210423867864 -17.99999999999103
185.1080629130093 -264.8968905115859 -17.99999999999143
206.0967891933973 -276.6468084872121 -17.99999999999106
205.7406627125803 -252.6620053472506 -17.99999999999184
184.8037781612612 -240.8994517322253 -17.99999999999222
205.4605989276918 -228.6724731657562 -17.99999999999262
184.543599201976 -216.9005673245528 -17.999999999993
205.1966782002829 -204.6753485855112 -17.99999999999341
184.2822555313717 -192.9022307035846 -17.99999999999378
204.9352538638987 -180.6770499032578 -17.99999999999419
184.0213482083021 -168.9036888597666 -17.99999999999456
163.6292918648081 -205.1273951995918 -17.99999999999337
226.3711478453059 -240.4390224588518 -17.99999999999225
204.5665807967147 -156.8699016840587 -17.99999999999496
225.52496726698 -168.4843235779315 -17.99999999999459
166.1608331493572 -397.1111570943129 -17.99999999998712
224.3633031264195 -145.8086401054973 -17.99999999999533
184.7232329805627 -143.4171566924117 -17.99999999999539
165.3487421155059 -155.5355053396272 -17.99999999999499
248.2754930470207 -371.7851658814046 -17.99999999998797
227.573575561525 -455.052468477982 -17.99999999998525
187.8118351587788 -455.7141050786387 -17.99999999998522
166.7229884980827 -444.9138774170485 -17.99999999998556
144.280296452022 -337.3455382983889 -17.99999999998906
168.7187455259143 -469.6953953927458 -17.99999999998476
143.7586543922628 -289.3483713804687 -17.99999999999062
144.7588007854471 -261.6076664518083 -17.99999999999153
145.1756590658626 -363.9010512006691 -17.99999999998819
145.584995525945 -457.3386923878249 -17.99999999998515
247.9441798491878 -300.4724753660157 -17.9999999999903
226.9327689101789 -288.4065369877053 -17.99999999999068
227.7035283458836 -384.36581286487 -17.99999999998756
206.5499567603386 -324.6651140014856 -17.99999999998949
227.9349644134109 -408.4285823045827 -17.99999999998677
248.4007793314561 -419.4559572600923 -17.99999999998642
166.0798265208686 -373.5373290120218 -17.99999999998789
166.5069907221983 -421.0765943779688 -17.99999999998634
146.1676555810657 -411.4745294924176 -17.99999999998664
208.0882896665233 -465.7053096484367 -17.9999999999849
164.9901027207872 -252.4938564124477 -17.99999999999183
164.6304661214248 -229.0143239657904 -17.9999999999926
142.9761931695489 -217.3526232016794 -17.99999999999297
143.950857258024 -190.8521854360409 -17.99999999999383
226.0607359236238 -216.4478504386908 -17.99999999999303
247.0235148377393 -228.2225290808467 -17.99999999999265
247.2843352428034 -252.2211118039225 -17.99999999999187
225.780513845996 -192.4561888980681 -17.99999999999381
246.5018740275978 -180.2253636346825 -17.99999999999422
164.5934348542274 -180.4390608018307 -17.99999999999418
206.3088179136572 -300.6581275059978 -17.99999999999028
226.6080530088205 -264.4069005394142 -17.99999999999147
246.1372072822649 -156.7951464220114 -17.99999999999498
269.9641726122984 -475.8237217895127 -17.99999999998459
268.8600981097686 -242.8611111111118 -17.99999999999218
268.7585908036478 -289.2608771056154 -17.99999999999067
125.6626347940744 -151.6117951448088 -17.9999999999951
147.2679706788635 -136.7936675785467 -17.99999999999559
268.8600981097683 -173.094444444445 -17.99999999999446
268.8600981097687 -219.6055555555561 -17.99999999999294
268.8600981097688 -359.1388888888897 -17.9999999999884
246.463573793593 -204.2271972483348 -17.99999999999343
185.4512320070926 -116.6411284170281 -17.99999999999627
232.2465905720228 -110.8958189604949 -17.99999999999647
247.4951182743912 -276.1710694333492 -17.99999999999109
268.6506052936161 -383.074694609237 -17.99999999998762
245.3810487227723 -132.4864822137804 -17.99999999999577
208.4764745504978 -487.9512720871751 -17.99999999998417
248.3243576325922 -395.6028033298928 -17.9999999999872
161.2787664737456 -491.4450388560069 -17.99999999998404
268.6535504672063 -430.2027143830915 -17.99999999998608
204.0333605343627 -133.7319061706149 -17.99999999999572
248.364666279166 -442.7975695564265 -17.99999999998566
139.4034494645944 -111.2142456362251 -17.99999999999643
140.1189604776511 -492.0562795850653 -17.99999999998401
255.611960432119 -491.1812301659767 -17.99999999998409
126.2147803137028 -449.3505966325959 -17.9999999999854
270.0602837361797 -126.0470189283249 -17.99999999999599
246.9855353174873 -468.9448073765748 -17.99999999998481
146.1009870358601 -435.0890313474403 -17.99999999998587
125.968670451957 -402.3068248702259 -17.99999999998693
145.7861214416604 -387.9505871992637 -17.99999999998741
124.9218596068512 -355.7967220226844 -17.99999999998845
121.3484115898204 -335.5073409531041 -17.99999999998911
148.951431050903 -313.10973790763 -17.99999999998985
120.8323995642839 -289.3674520538722 -17.99999999999061
124.5582947765437 -269.1966785633793 -17.99999999999127
167.666559799104 -132.4768119772382 -17.99999999999574
148.7510953428958 -240.6183436385036 -17.99999999999221
120.7048159390677 -219.1073964947169 -17.9999999999929
124.0145155447614 -199.3088446756482 -17.99999999999355
145.2798111004375 -165.1788462037175 -17.99999999999467
148.7151100225868 -476.6321805703046 -17.99999999998452
220.7864130666399 -126.4802691499163 -17.99999999999596
272.2978345188102 -108.4996425922705 -17.99999999999656
122.3933233333692 -108.3924645384455 -17.99999999999651
272.4066766666301 -493.6075354615567 -17.99999999998401
122.1628446210148 -493.941259787423 -17.99999999998395
224.9138430447987 -473.658008843781 -17.99999999998465
191.3732116967793 -473.8499165138111 -17.99999999998463
2 36 0 161
2828
2829
2830
2831
2832
2833
2834
2835
2836
2837
2838
2839
2840
2841
2842
2843
2844
2845
2846
2847
2848
2849
2850
2851
2852
2853
2854
2855
2856
2857
2858
2859
2860
2861
2862
2863
2864
2865
2866
2867
2868
2869
2870
2871
2872
2873
2874
2875
2876
2877
2878
2879
2880
2881
2882
2883
2884
2885
2886
2887
2888
2889
2890
2891
2892
2893
2894
2895
2896
2897
2898
2899
2900
2901
2902
2903
2904
2905
2906
2907
2908
2909
2910
2911
2912
2913
2914
2915
2916
2917
2918
2919
2920
2921
2922
2923
2924
2925
2926
2927
2928
2929
2930
2931
2932
2933
2934
2935
2936
2937
2938
2939
2940
2941
2942
2943
2944
2945
2946
2947
2948
2949
2950
2951
2952
2953
2954
2955
2956
2957
2958
2959
2960
2961
2962
2963
2964
2965
2966
2967
2968
2969
2970
2971
2972
2973
2974
2975
2976
2977
2978
2979
2980
2981
2982
2983
2984
2985
2986
2987
2988
268.9600252613371 -241.9943775672851 -177.9264566654708
268.9600252613371 -149.9407561694153 -187.601682145933
125.474864327576 -14.18312967432489 -201.8703836601871
125.0968136781096 -84.07823157502591 -194.5241124260951
126.3552594902438 -196.2589896106771 -182.7334396412305
124.7671968376131 -285.8060998002813 -173.3216591044981
269.0592808064467 -33.86796085726066 -199.8014245323701
268.9600252613373 -311.0345936156875 -170.6700375551242
211.0544813348064 72.33044098929773 -210.963326344893
185.0003332591286 -369.6715143979815 -164.5070488379652
124.4135549733725 -239.2100284418842 -178.2191035510088
268.7589803088634 -103.7804602108056 -192.4533247523014
126.2762746365511 -149.9583336335453 -187.5998346800076
269.337816152124 12.71869629969214 -204.6978795064374
268.9600252613371 -195.9675668683501 -182.7640694057019
125.7182277992691 33.22038382778199 -206.8526936957337
232.0908216270437 -373.7015736630327 -164.0834725408365
125.5613350668047 -333.0024852028826 -168.361119109452
163.0499999999993 71.97665992439237 -210.9261424566146
269.8558948587913 57.4615878941739 -209.4005469110519
142.0813987618302 -371.0555693631488 -164.3615787992856
269.5806108333884 -357.9159641125269 -165.7426069608455
268.5984149569465 -127.0480829472125 -190.0077990581404
248.0521634168221 -115.3548330359108 -191.2368091478385
248.3185838301885 -91.74192427905768 -193.7186258651265
227.4984976236015 -103.2809397605713 -192.5058264672228
227.2030940552341 -127.1229645262287 -189.9999286870424
227.8075984628809 -79.43441277343416 -195.012197449949
206.6103424097511 -114.9696576320075 -191.2772927141089
206.3399772886639 -138.8363599704076 -188.7688012165171
185.6981032371237 -126.6757957810071 -190.0469280160436
185.4333956695863 -150.5430591538989 -187.5383775513505
206.0842244910928 -162.7050264605841 -186.2601032782548
185.9680510455521 -102.8046396216887 -192.5558876290771
185.1698003034589 -174.4104299421697 -185.0298157968462
205.8207836194613 -186.5724885394541 -183.7515319287219
184.9051126240811 -198.2776139974792 -182.521273668767
205.5559141793153 -210.4396412650113 -181.2429930935324
184.6400051664014 -222.1447153865506 -180.0127402292595
205.2907365891422 -234.3067286556515 -178.7344611253193
184.3747762521606 -246.0117918165583 -177.5042094130553
205.0254874332796 -258.1738009250043 -176.2259307464176
184.1095151689846 -269.8788615665654 -174.9956792989475
204.7602209879807 -282.0408695608167 -173.7174007494163
183.8442458422191 -293.7459295965078 -172.4871493656258
204.4949502872881 -305.9079373040782 -171.2088708462259
183.5789744322957 -317.6129971910146 -169.9786194780702
165.0503105582809 -114.5134286543972 -191.3252443119067
225.6761973839806 -270.3358097866309 -174.9476521057215
204.2296785301413 -329.7750048260079 -168.7003409662985
226.6782175236464 -174.866705229581 -184.9818593316922
226.1395842708878 -222.6009316790515 -179.9647899647205
165.7703205769036 -90.65130709728075 -193.8332543499848
186.3214820399384 -78.93580994207559 -195.0646027192402
166.1261957635699 -66.78477130049006 -196.3417283433481
186.613592794537 -55.07288275557383 -197.5726974323788
165.9570614527603 -42.91348842914411 -198.8507012743524
186.8006949950204 -31.20788236778397 -200.0810100477533
207.4630527764255 -43.36901055425284 -198.8028239697462
207.6935870771086 -19.50303388636445 -201.3112391962939
187.0371554450284 -7.341053047549707 -202.5895148916737
207.9483881162529 4.36381075208817 -203.8197456502239
187.2960009419343 16.52593625290574 -205.0980365501929
228.2979976983588 -7.795055759863786 -202.5417972837874
228.5115082162757 16.07252219586053 -205.0503808124685
166.7223436169209 4.817257015265469 -203.8674047729492
167.0023241803544 29.17259170543985 -206.4272536002004
225.0892244942771 -318.0693246485661 -169.9306575296135
162.928270683957 -305.4509896291613 -171.2568979821545
164.0657608244518 -257.7235263556732 -176.2732565106867
163.2367727670803 -329.8589447000676 -168.6915185300271
164.5687035585516 -209.9890791351515 -181.2903490816309
165.0580575261836 -162.2543917366539 -186.3074668962977
248.3948199546862 -68.20929929816012 -196.1920044175385
187.3068892990701 41.11176342900389 -207.6821111139116
145.4133143115718 -51.95419246502118 -197.9004849903979
224.1040996739282 -340.5815342345566 -167.5645289569366
245.9279183157477 -329.4431123191648 -168.7352242744207
145.1399799990474 -99.64853453406283 -192.8876076407302
144.1345156215378 -126.2192273116277 -190.0949152958641
145.7488186379848 -28.31285309685281 -200.3852898853463
146.3505090976786 19.52166419036671 -205.4129002441238
204.34477000301 -352.3623152823588 -166.3263189740746
227.8355761692632 -55.60924238966237 -197.5163237632105
206.9027174707669 -91.10840680509347 -193.785211234755
226.9424912783517 -150.9975684362835 -187.4906067008044
247.6533657105047 -163.1624229129553 -186.2120289739151
165.412629215279 -138.3879969714408 -188.8159260666449
165.0201007841065 -186.1240139653816 -183.7986685058659
143.6039275815089 -173.9536411089687 -185.0778262378377
226.3922277610129 -198.7336768689842 -182.4733395294244
247.1227193611501 -210.8966153406665 -181.1949631827744
164.5287389579419 -233.8586288460161 -178.7815583131337
142.2673405103726 -220.2502152638212 -180.2118602158698
225.8631382776679 -246.4678793564135 -177.4562726809647
246.592175042438 -258.630750277801 -176.1779034341367
246.326902934157 -282.4978177263576 -173.6693735619211
166.6306782905554 -18.6440896517113 -201.401517873213
228.0573218399885 -31.66486500756602 -200.0329792368693
248.4841293141961 -20.83569559662533 -201.171170806369
163.915529245983 -281.5918588141192 -173.764593680574
144.6364432171341 -271.5090132961617 -174.8243434480412
207.9145721163418 28.02188357445679 -206.3063093020794
227.6363700764426 37.97747682078128 -207.3526843168508
249.0376565619326 26.29590291768989 -206.1249014250665
225.3450910074747 -294.2021536898545 -172.4391982811848
183.5060068648627 -341.8638864328715 -167.4297483097914
163.8614286824476 -357.0312217656157 -165.8355971286248
207.1573366189686 -67.25496087001534 -196.2923094282133
247.8428713478002 -139.0389599608419 -188.7475070994577
245.995110536582 -305.7147836349334 -171.2291721149102
268.9600252613371 -218.9809722178176 -180.3452630355864
268.9600252613375 -288.0211882662199 -173.0888439252397
268.9600252613375 -80.90054012101294 -194.8581012562796
125.6130255596716 -308.5674683011977 -170.9293428746083
268.9600252613374 -172.9541615188828 -185.1828757758174
124.4173151469448 56.95860088495372 -209.3476808460992
147.8246865016986 47.83963018414947 -208.3892384041807
268.9600252613374 -265.0077829167528 -175.5076502953552
268.9600252613378 -334.0479989651552 -168.2512311850086
247.1901500762712 -186.7838994233376 -183.7293117494445
246.4546489462796 -234.7592548143421 -178.6868987094724
186.9563444705567 67.08334940941594 -210.4118347970204
233.5868939112208 72.49837889281595 -210.9809773298144
268.7036837436997 -57.08405639550992 -197.3613145649668
244.9741237648296 -353.1146476887714 -166.247245651833
248.4224686380467 -44.54518659079736 -198.6792028868874
268.7652063950696 -10.29655127138842 -202.278879511028
145.4613092062941 -344.5152594422615 -167.1510777772353
126.1102661366899 8.993093818889264 -204.3063029067885
248.7390523896594 2.693303130894179 -203.6441682241928
139.6671800502592 72.54810924952947 -210.9862042009263
254.6500000000002 -373.2659960644341 -164.1292535912361
255.6367192688588 72.97355138973117 -211.030919971722
124.455143140998 -356.4915575685586 -165.8923181213567
269.5575352294256 35.25908396608332 -207.066969714706
146.1729133512343 -4.634676233061271 -202.8739665571013
124.6912904555061 -35.96576958529488 -199.5809359502763
169.2801535747319 51.04801269375947 -208.7264529942932
207.2986113723784 50.1215544927223 -208.6290783135675
125.698573150258 -61.04792171066615 -196.944695532321
246.9913352204476 51.28196478222394 -208.7510423496401
209.4117968440997 -373.4566118913352 -164.1092190605201
145.5408662465767 -75.69415978042446 -195.4053138804795
124.4469168873175 -106.4398457512832 -192.1738120687928
121.291541429081 -127.2944216672704 -189.9819078153523
148.8970809162121 -150.1547181524473 -187.5791938353304
121.5670923416603 -173.2158574781914 -185.1553704221421
148.3630663849567 -197.3151878168 -182.622428736487
120.9272309947974 -218.7362355504037 -180.3709858958563
144.5249040021134 -247.2603462924184 -177.3729810496825
124.9903498383718 -262.3001756107085 -175.7922312906568
145.4918710394666 -293.945999512648 -172.4661211700902
145.010186888338 -318.644547876456 -169.870199132139
163.3061658147718 -376.4057098802894 -163.7992563716674
122.52252579404 -374.8855905832582 -163.9590273478945
122.4110786529146 75.11376450369461 -211.2558654343707
272.388921347085 75.11376450369477 -211.2558654343708
272.7213871997488 -375.4084748658148 -163.904069995244
223.6282766364625 56.5077715942921 -209.3002967782688
221.8026000714892 -358.6496386433208 -165.6654946603525
2 37 0 21
2989
2990
2991
2992
2993
2994
2995
2996
2997
2998
2999
3000
3001
3002
3003
3004
3005
3006
3007
3008
3009
126.4000187316364 91.6999999999923 -244.9995745160746
268.2914211192622 91.6999999999924 -244.9995745160746
229.9713348195721 91.699999999992 -256.988481076739
189.327154077175 91.69999999999276 -231.4869063985776
162.2089929350298 91.69999999999193 -257.532751580672
229.7172397937968 91.69999999999274 -232.9850197873245
185.9447454953793 91.69999999999199 -256.3639854750223
207.4788283522063 91.69999999999236 -244.8675345909874
163.1143069931801 91.69999999999266 -234.1484902042191
254.1816828132237 91.6999999999919 -260.4441605180691
140.0369582804086 91.69999999999182 -260.5348722687247
140.1770313976905 91.69999999999277 -230.0714122194493
254.139333642261 91.69999999999287 -229.5507138193992
208.85 91.6999999999918 -262.9783175732601
208.85 91.69999999999291 -227.020831458889
273.2126068943271 91.69999999999189 -261.6773329995198
121.587393105672 91.69999999999177 -261.6773329995199
121.5873931056719 91.69999999999281 -228.3218160326292
273.2126068943273 91.69999999999293 -228.3218160326294
244.3147340461808 91.69999999999239 -244.9995745160746
148.8564665150387 91.6999999999923 -245.1187554932077
2 38 0 269
3010
3011
3012
3013
3014
3015
3016
3017
3018
3019
3020
3021
3022
3023
3024
3025
3026
3027
3028
3029
3030
3031
3032
3033
3034
3035
3036
3037
3038
3039
3040
3041
3042
3043
3044
3045
3046
3047
3048
3049
3050
3051
3052
3053
3054
3055
3056
3057
3058
3059
3060
3061
3062
3063
3064
3065
3066
3067
3068
3069
3070
3071
3072
3073
3074
3075
3076
3077
3078
3079
3080
3081
3082
3083
3084
3085
3086
3087
3088
3089
3090
3091
3092
3093
3094
3095
3096
3097
3098
3099
3100
3101
3102
3103
3104
3105
3106
3107
3108
3109
3110
3111
3112
3113
3114
3115
3116
3117
3118
3119
3120
3121
3122
3123
3124
3125
3126
3127
3128
3129
3130
3131
3132
3133
3134
3135
3136
3137
3138
3139
3140
3141
3142
3143
3144
3145
3146
3147
3148
3149
3150
3151
3152
3153
3154
3155
3156
3157
3158
3159
3160
3161
3162
3163
3164
3165
3166
3167
3168
3169
3170
3171
3172
3173
3174
3175
3176
3177
3178
3179
3180
3181
3182
3183
3184
3185
3186
3187
3188
3189
3190
3191
3192
3193
3194
3195
3196
3197
3198
3199
3200
3201
3202
3203
3204
3205
3206
3207
3208
3209
3210
3211
3212
3213
3214
3215
3216
3217
3218
3219
3220
3221
3222
3223
3224
3225
3226
3227
3228
3229
3230
3231
3232
3233
3234
3235
3236
3237
3238
3239
3240
3241
3242
3243
3244
3245
3246
3247
3248
3249
3250
3251
3252
3253
3254
3255
3256
3257
3258
3259
3260
3261
3262
3263
3264
3265
3266
3267
3268
3269
3270
3271
3272
3273
3274
3275
3276
3277
3278
289.0000000000001 -390.2526799100435 -135.4306406769752
288.9999999999999 -56.65002858838898 -159.5303637724585
288.9999999999998 71.69968974751515 -98.55891228345615
288.9999999999999 -11.20635277762517 -20.19646251650603
288.9999999999999 -104.1406807696318 -36.5299817946848
289.0000000000001 -403.4061247084904 -149.3063494081369
288.9999999999999 -165.981483891941 -147.3706828513432
289.0000000000001 -219.6055555555568 -38.13990189022435
289.0000000000001 -409.9976228726708 -169.507643566507
289.0000000000001 -282.3165778173443 -134.1213374120812
289.0000000000001 -337.9142722734117 -37.83824694820825
289 -149.1230761610207 -35.7793225139709
289.0000000000002 -428.7150480757389 -41.0907360327933
289.0000000000002 -490.2332500939354 -97.92975379274472
288.9999999999998 13.59018829841438 -164.9003693416646
288.9999999999999 -104.4302121843203 -154.7070307177466
289 -236.8259303553978 -139.5274456015203
289.0000000000001 -263.187131478578 -37.06364256483231
289.0000000000002 -492.8720099360095 -214.0676930152876
289.0000000000002 -381.9689968141433 -36.63771308516078
288.9999999999999 -81.60590228698814 -37.50067473285992
288.9999999999999 -93.52230746330676 -57.00696746956956
288.9999999999999 -69.89386061966022 -57.27875873968193
288.9999999999998 73.00107736462508 -53.97914008544686
289.0000000000001 -327.8868682506023 -126.5848949970466
289.0000000000001 -359.1561520779784 -185.7626184751203
289.0000000000001 -429.2615384615466 -258.253679634042
289.0000000000001 -313.1293413790432 -190.6002312153515
289.0000000000002 -489.9090382199897 -147.499999999984
289 -268.382268743181 -195.6235275693591
289.0000000000002 -413.3837408753205 -131.739250814708
289 -221.0097361496832 -199.6476624749313
288.9999999999999 -81.6637401988236 -77.79650535440747
288.9999999999999 -57.98176829863255 -78.03837206340938
288.9999999999999 -104.7326875033166 -76.1943128513536
289.0000000000001 -383.2076792182718 -256.4392453939486
289.0000000000002 -398.6703846712763 -113.0609213243073
288.9999999999999 -174.9332416018218 -204.0125649689876
289.0000000000001 -336.7782415788508 -256.7503240806517
289.0000000000002 -422.3110350572686 -109.5298331962252
288.9999999999998 72.86959390320965 -139.4746867170483
288.9999999999999 -128.1762787821685 -211.1414248164018
289 -289.9937360014657 -256.813790989922
288.9999999999999 -82.45902922603315 -214.809906586635
289 -244.0173266037073 -257.7782438589403
288.9999999999999 -69.74393718284739 -98.61934784027621
288.9999999999999 -45.98981633996522 -98.82654666314424
288.9999999999999 -33.9864794827086 -77.87564640407122
288.9999999999999 -22.03140589679668 -98.87760201795527
288.9999999999999 -9.988319058259464 -77.97154779647951
288.9999999999999 1.961541252003002 -98.94543127322521
288.9999999999999 14.01678110271413 -78.19392830682452
288.9999999999999 32.92177882649966 -18.96559803992716
288.9999999999998 -36.60811063635811 -218.9199942289733
288.9999999999999 -197.7230769230844 -257.7869369030024
289.0000000000002 -407.4241859544323 -90.74490332225811
289.0000000000002 -383.7015490935381 -94.29594753757131
289.0000000000002 -431.1553703282806 -87.21644252919417
289.0000000000002 -436.3874632280131 -127.8529467377811
288.9999999999998 9.101285838748254 -224.0548563204145
288.9999999999999 -151.2832968827028 -256.7503240806578
288.9999999999999 -10.09404841692856 -119.7236169192173
288.9999999999998 13.9050826939648 -119.7934976100039
289.0000000000002 -489.9090382199867 -53.31818181816575
288.9999999999999 -105.3060483745501 -256.5542962591049
288.9999999999998 56.09855246712419 -230.9966386083543
288.9999999999998 -59.06130126661225 -256.9694397750078
289.0000000000001 -393.3724604999531 -185.2101592964284
289.0000000000001 -413.7729238881226 -193.0141934395851
289.0000000000002 -431.8621289922181 -177.2995679805434
289.0000000000002 -435.9376551350169 -201.2527673060291
289.0000000000002 -454.5444297206125 -185.7537272366171
289.0000000000001 -394.246167253141 -206.5925824317161
289.0000000000002 -475.1260377256757 -257.4150740428962
288.9999999999999 -59.44547662606931 -37.43881038570311
288.9999999999998 -13.55782684795861 -257.4962788760905
288.9999999999999 2.166220102296336 -57.83941739835629
288.9999999999998 27.76072797498716 -58.87931477714795
288.9999999999998 37.86381846645901 -78.87723374790707
288.9999999999999 -58.03826353350874 -119.2324815792491
288.9999999999999 -82.69209045816643 -117.3418115876466
289.0000000000002 -450.4829641214816 -162.8557403431473
288.9999999999998 32.51367956991632 -258.3889617350859
289.0000000000002 -393.3277127680586 -72.15818463369956
289.0000000000001 -369.0048992019223 -76.32224339697615
289.0000000000001 -360.0213828713305 -98.07857091874429
289.0000000000001 -345.0810063540731 -79.35088065480896
288.9999999999998 57.90462869436868 -171.784557177347
289.0000000000002 -457.3978565542658 -209.6873186571738
289.0000000000001 -438.4775937240655 -223.7660246278249
289.0000000000001 -336.3368364663219 -102.0589768107371
289.0000000000001 -321.3231886531323 -82.89189106505238
289.0000000000001 -312.9479917864082 -106.4690985067447
289.0000000000001 -297.6273176895395 -86.48975405759248
289.0000000000001 -305.9510284377919 -63.36361705020113
289.0000000000001 -282.7276761504414 -68.60408281306556
289.0000000000001 -273.8456834164232 -90.00299290942769
289.0000000000001 -259.0704389211794 -72.43587304613111
289.0000000000001 -250.1161320111885 -93.6000038828919
289.0000000000001 -235.2527608881563 -75.40129617793202
289 -226.3685209701918 -97.0665823651444
289 -211.5021399078605 -78.84613591161923
289 -202.6290761653362 -100.5913248658098
289 -187.6785567472598 -81.8104271638155
289 -178.8338273783102 -103.7455603223944
289 -163.9215025722018 -85.21950617894674
289 -155.0853707500085 -107.2122855323616
289 -195.842307744835 -122.5587674829318
288.9999999999999 -140.4156566592623 -89.90948449454589
288.9999999999999 -131.5170785959773 -111.8147883533565
289 -172.7063982898934 -62.8851020626672
289.0000000000001 -266.0824902584455 -113.2093728029114
289.0000000000002 -477.2371227586331 -193.9597623804401
288.9999999999999 -148.5343688258909 -129.2673806394653
288.9999999999999 -122.6690942404592 -134.0090305296268
288.9999999999998 1.866201488010631 -141.2009976715055
288.9999999999999 -21.78788541146582 -140.3745037458239
288.9999999999998 25.68550994181123 -141.4549297041759
288.9999999999998 37.73865717905193 -120.0456104076086
288.9999999999999 -116.3551430433115 -55.12417052140245
289.0000000000001 -244.2006121776189 -53.04484195604611
289.0000000000001 -289.3619969574776 -43.83037268808707
289.0000000000002 -461.1131101598323 -235.7774037776601
288.9999999999999 14.1306729589995 -36.6642746460529
288.9999999999999 -107.667388450647 -114.6724286892698
289.0000000000001 -416.0287871670417 -215.6201782374013
289.0000000000001 -394.7251881698237 -233.5041324878791
289.0000000000001 -373.5094050708578 -220.9294024304043
289.0000000000002 -427.8722582928756 -151.6570167364267
289.0000000000001 -353.2530030005489 -58.03535182518021
288.9999999999998 73.22454573266367 -244.9995745160739
288.9999999999998 -9.900995972894691 -161.6798001711178
289.0000000000001 -351.0564430900815 -123.066920929214
288.9999999999999 -46.2667747115386 -57.15724110289936
288.9999999999999 -34.32757955020787 -35.8706677161619
288.9999999999999 -69.87932358613079 -137.8634758169297
289.0000000000002 -445.5787742035143 -105.8215309916372
289.0000000000002 -453.573971121747 -84.21036679498019
289.0000000000002 -460.9104873086844 -124.92143898633
289.0000000000002 -440.3334025875677 -64.35491141719956
289.0000000000002 -467.7833591978811 -62.54866361032674
288.9999999999999 -21.94557504363809 -57.8331147239911
289.0000000000002 -472.2574861373092 -168.3279054872678
289.0000000000002 -416.6209361124637 -68.02876058345643
289.0000000000002 -401.4511073482697 -44.53063733849342
289.0000000000001 -374.9208699643009 -116.6322369194042
288.9999999999999 -34.01501724604367 -119.2360520746643
288.9999999999998 25.83624479762739 -99.20297360087986
289.0000000000001 -289.7762482969731 -110.4733782473639
289.0000000000001 -242.0873212916999 -116.1660855707562
289 -219.7082992493705 -119.676370591134
289 -196.7814206304508 -58.32392711493087
289 -149.2599184400472 -67.52556646934789
288.9999999999998 37.9735673037388 -162.326435569533
289.0000000000002 -490.2843223283176 -75.29319150327788
289.0000000000002 -486.45266942096 -121.936121528984
289.0000000000002 -452.7617831250134 -40.11878016286732
289 -174.3110970980995 -40.37177800420716
289.0000000000001 -313.3490904797562 -256.5884270757491
289.0000000000001 -325.1640810699301 -236.0601179069667
289.0000000000001 -351.5436942727981 -233.6948622546209
289.0000000000001 -337.2840766018564 -215.5195864330017
289.0000000000001 -312.8542091808981 -214.5790832217387
289.0000000000001 -301.2470433986248 -235.8726069762326
289 -276.6760219220072 -236.7463146280546
289.0000000000001 -288.4117301548138 -215.5517035413629
289.0000000000001 -452.4153846153928 -256.9481810354375
288.9999999999999 -174.5472161471233 -257.8937533884643
288.9999999999999 -167.4359850045016 -239.5385459883805
288.9999999999999 -144.3118903416938 -231.6291790721422
288.9999999999999 -220.8746826390857 -257.6334924064421
288.9999999999999 -210.2654727838568 -237.0360927269188
288.9999999999998 9.199355843553178 -258.2088542044363
289.0000000000001 -359.8000000000081 -256.9481810354406
288.9999999999998 -36.66077733520288 -257.3648343407474
288.9999999999999 -82.55442314925057 -256.3228247557317
288.9999999999999 -70.37692307692976 -236.1635713446238
289.0000000000001 -406.1076923077005 -256.9481810354391
288.9999999999999 -129.2561918777023 -254.8996659762028
289.0000000000001 -337.2216216639995 -191.4446498653724
289 -244.3046226735293 -197.9086021308168
289 -234.1905364288928 -220.171734873293
288.9999999999998 32.07173886296891 -226.8823267670847
288.9999999999999 -105.54176859384 -212.5906264627242
288.9999999999999 -94.05850519412971 -234.4842369756901
288.9999999999999 -197.9639425744186 -201.7583154607867
288.9999999999999 -152.0301189414179 -206.8360397470038
288.9999999999998 -13.82111615090935 -221.0943471586581
288.9999999999999 -187.544658989766 -222.9920921331483
289.0000000000001 -304.7932662157244 -130.382643159634
289.0000000000001 -259.6083141192127 -136.9339019694605
289 -214.0744844764607 -142.0547840709858
288.9999999999998 57.18940383820114 -17.91238330923593
288.9999999999998 47.32904800465673 -40.06138670406932
288.9999999999998 49.47281356823311 -139.4850339970936
288.9999999999998 48.42962298557251 -99.76419452485408
288.9999999999998 59.78936873953609 -119.3470910196735
289.0000000000001 -329.3583794161228 -59.81039092278755
289.0000000000001 -290.8795342017114 -192.9945491081516
289 -266.7638919736182 -257.2811906836242
289 -259.5066295867154 -216.999417233165
288.9999999999998 72.86473311494177 -75.06808753361329
289 -188.8657508389732 -144.1934235459956
289.0000000000001 -314.0652261079799 -39.35241509441931
288.9999999999999 -59.56806208888531 -216.6059670152464
288.9999999999999 -33.71246098731234 -160.3692003663097
289.0000000000001 -196.6796146568217 -34.56712140186995
288.9999999999999 -93.9108477396735 -96.73050828448032
289.0000000000002 -475.5132226891334 -37.00548323656467
289.0000000000002 -488.7529492804364 -239.0850493230793
289 -172.1905182383265 -125.7246833957487
288.9999999999998 72.79041522509277 -32.03514231548669
288.9999999999999 -45.97806167687236 -138.7652294173882
288.9999999999999 -73.63841311800007 -18.78499497732781
289.0000000000002 -468.3215731011563 -103.1757481943111
289.0000000000002 -467.1712802829032 -147.7568213413479
288.9999999999998 56.26273039906533 -255.9278504359316
288.9999999999998 52.43546236172915 -63.92816176350649
288.9999999999999 -142.7905054858529 -150.5244607355906
289.0000000000002 -360.9014810555597 -37.22628034668453
289 -252.2680421114657 -238.1748506015305
288.9999999999999 -117.8716066845361 -232.6682739322662
289.0000000000001 -420.9065435614412 -238.5224441258627
289 -126.5833333333344 -35.79193691991232
288.9999999999998 -48.59604796715666 -237.6018314162745
288.9999999999999 -124.0717127347981 -156.457777447679
288.9999999999999 -81.34141709809761 -156.3395272493195
288.9999999999999 -117.2747950647185 -94.38704856125426
289.0000000000001 -221.4684978319287 -60.75122061015053
288.9999999999999 -96.33798890909232 -134.5807839475339
288.9999999999999 11.75421980157489 -15.16526704049743
289.0000000000002 -492.6436911687325 -174.4115810082435
288.9999999999998 -25.5598775957443 -238.5986691745867
289.0000000000001 -375.1517531488439 -198.7118787755992
288.9999999999999 -127.0414875954024 -72.88085973158421
288.9999999999999 -10.23652286203506 -41.68078740021365
289.0000000000001 -356.0012167694167 -208.1778526149612
289 -232.3232121134017 -242.158882893425
288.9999999999999 -33.74527060100203 -15.08432884231905
289.0000000000001 -371.6841571120777 -240.2467195451979
288.9999999999998 74.01475769747174 -163.4931307236646
289.0000000000002 -377.4220690776528 -55.93818339661279
288.9999999999998 -3.342705262547526 -239.5414116085956
289.0000000000001 -242.5431042867954 -32.8496772822174
288.9999999999999 -210.1948693853235 -216.3211795338156
289.0000000000002 -449.2137251305272 -143.0271133933918
288.9999999999999 -52.63028998254646 -17.86313365358471
289 -136.9174947687608 -52.5669038785347
289.0000000000002 -496.6705647726777 -194.3241709171513
288.9999999999998 75.53831344799465 -227.1060949305827
288.9999999999998 19.9289783059489 -241.0789846543895
289.0000000000002 -493.41840923034 -260.0108323558042
289.0000000000002 -493.8663718554685 -34.4436738951884
288.9999999999999 -186.4994254318296 -242.7626345418408
288.9999999999998 56.65866533524348 -83.23931797066743
289.0000000000002 -473.1802864580972 -84.23527707119064
288.9999999999998 78.17084067477737 -118.8356217051988
289.0000000000001 -440.8384615384692 -243.0424687325899
289.0000000000001 -268.7386742242664 -55.9422359876601
288.9999999999998 75.82296214307502 -15.48297569162851
288.9999999999997 75.88203149561093 -261.7302911435434
288.9999999999998 41.45123337123329 -241.7115011550066
289.0000000000001 -377.0507586966529 -179.6420644573722
289.0000000000001 -325.1223122064493 -203.0358876838661
288.9999999999999 -165.2511789758402 -221.0016843819325
289.0000000000002 -475.9976984796875 -134.9734781789131
289 -158.3603877080908 -52.38877431716364
288.9999999999998 58.44707223340441 -155.3127688369373
289.0000000000002 -474.2224709803318 -218.8161476313591
3 1 0 1517
3279
3280
3281
3282
3283
3284
3285
3286
3287
3288
3289
3290
3291
3292
3293
3294
3295
3296
3297
3298
3299
3300
3301
3302
3303
3304
3305
3306
3307
3308
3309
3310
3311
3312
3313
3314
3315
3316
3317
3318
3319
3320
3321
3322
3323
3324
3325
3326
3327
3328
3329
3330
3331
3332
3333
3334
3335
3336
3337
3338
3339
3340
3341
3342
3343
3344
3345
3346
3347
3348
3349
3350
3351
3352
3353
3354
3355
3356
3357
3358
3359
3360
3361
3362
3363
3364
3365
3366
3367
3368
3369
3370
3371
3372
3373
3374
3375
3376
3377
3378
3379
3380
3381
3382
3383
3384
3385
3386
3387
3388
3389
3390
3391
3392
3393
3394
3395
3396
3397
3398
3399
3400
3401
3402
3403
3404
3405
3406
3407
3408
3409
3410
3411
3412
3413
3414
3415
3416
3417
3418
3419
3420
3421
3422
3423
3424
3425
3426
3427
3428
3429
3430
3431
3432
3433
3434
3435
3436
3437
3438
3439
3440
3441
3442
3443
3444
3445
3446
3447
3448
3449
3450
3451
3452
3453
3454
3455
3456
3457
3458
3459
3460
3461
3462
3463
3464
3465
3466
3467
3468
3469
3470
3471
3472
3473
3474
3475
3476
3477
3478
3479
3480
3481
3482
3483
3484
3485
3486
3487
3488
3489
3490
3491
3492
3493
3494
3495
3496
3497
3498
3499
3500
3501
3502
3503
3504
3505
3506
3507
3508
3509
3510
3511
3512
3513
3514
3515
3516
3517
3518
3519
3520
3521
3522
3523
3524
3525
3526
3527
3528
3529
3530
3531
3532
3533
3534
3535
3536
3537
3538
3539
3540
3541
3542
3543
3544
3545
3546
3547
3548
3549
3550
3551
3552
3553
3554
3555
3556
3557
3558
3559
3560
3561
3562
3563
3564
3565
3566
3567
3568
3569
3570
3571
3572
3573
3574
3575
3576
3577
3578
3579
3580
3581
3582
3583
3584
3585
3586
3587
3588
3589
3590
3591
3592
3593
3594
3595
3596
3597
3598
3599
3600
3601
3602
3603
3604
3605
3606
3607
3608
3609
3610
3611
3612
3613
3614
3615
3616
3617
3618
3619
3620
3621
3622
3623
3624
3625
3626
3627
3628
3629
3630
3631
3632
3633
3634
3635
3636
3637
3638
3639
3640
3641
3642
3643
3644
3645
3646
3647
3648
3649
3650
3651
3652
3653
3654
3655
3656
3657
3658
3659
3660
3661
3662
3663
3664
3665
3666
3667
3668
3669
3670
3671
3672
3673
3674
3675
3676
3677
3678
3679
3680
3681
3682
3683
3684
3685
3686
3687
3688
3689
3690
3691
3692
3693
3694
3695
3696
3697
3698
3699
3700
3701
3702
3703
3704
3705
3706
3707
3708
3709
3710
3711
3712
3713
3714
3715
3716
3717
3718
3719
3720
3721
3722
3723
3724
3725
3726
3727
3728
3729
3730
3731
3732
3733
3734
3735
3736
3737
3738
3739
3740
3741
3742
3743
3744
3745
3746
3747
3748
3749
3750
3751
3752
3753
3754
3755
3756
3757
3758
3759
3760
3761
3762
3763
3764
3765
3766
3767
3768
3769
3770
3771
3772
3773
3774
3775
3776
3777
3778
3779
3780
3781
3782
3783
3784
3785
3786
3787
3788
3789
3790
3791
3792
3793
3794
3795
3796
3797
3798
3799
3800
3801
3802
3803
3804
3805
3806
3807
3808
3809
3810
3811
3812
3813
3814
3815
3816
3817
3818
3819
3820
3821
3822
3823
3824
3825
3826
3827
3828
3829
3830
3831
3832
3833
3834
3835
3836
3837
3838
3839
3840
3841
3842
3843
3844
3845
3846
3847
3848
3849
3850
3851
3852
3853
3854
3855
3856
3857
3858
3859
3860
3861
3862
3863
3864
3865
3866
3867
3868
3869
3870
3871
3872
3873
3874
3875
3876
3877
3878
3879
3880
3881
3882
3883
3884
3885
3886
3887
3888
3889
3890
3891
3892
3893
3894
3895
3896
3897
3898
3899
3900
3901
3902
3903
3904
3905
3906
3907
3908
3909
3910
3911
3912
3913
3914
3915
3916
3917
3918
3919
3920
3921
3922
3923
3924
3925
3926
3927
3928
3929
3930
3931
3932
3933
3934
3935
3936
3937
3938
3939
3940
3941
3942
3943
3944
3945
3946
3947
3948
3949
3950
3951
3952
3953
3954
3955
3956
3957
3958
3959
3960
3961
3962
3963
3964
3965
3966
3967
3968
3969
3970
3971
3972
3973
3974
3975
3976
3977
3978
3979
3980
3981
3982
3983
3984
3985
3986
3987
3988
3989
3990
3991
3992
3993
3994
3995
3996
3997
3998
3999
4000
4001
4002
4003
4004
4005
4006
4007
4008
4009
4010
4011
4012
4013
4014
4015
4016
4017
4018
4019
4020
4021
4022
4023
4024
4025
4026
4027
4028
4029
4030
4031
4032
4033
4034
4035
4036
4037
4038
4039
4040
4041
4042
4043
4044
4045
4046
4047
4048
4049
4050
4051
4052
4053
4054
4055
4056
4057
4058
4059
4060
4061
4062
4063
4064
4065
4066
4067
4068
4069
4070
4071
4072
4073
4074
4075
4076
4077
4078
4079
4080
4081
4082
4083
4084
4085
4086
4087
4088
4089
4090
4091
4092
4093
4094
4095
4096
4097
4098
4099
4100
4101
4102
4103
4104
4105
4106
4107
4108
4109
4110
4111
4112
4113
4114
4115
4116
4117
4118
4119
4120
4121
4122
4123
4124
4125
4126
4127
4128
4129
4130
4131
4132
4133
4134
4135
4136
4137
4138
4139
4140
4141
4142
4143
4144
4145
4146
4147
4148
4149
4150
4151
4152
4153
4154
4155
4156
4157
4158
4159
4160
4161
4162
4163
4164
4165
4166
4167
4168
4169
4170
4171
4172
4173
4174
4175
4176
4177
4178
4179
4180
4181
4182
4183
4184
4185
4186
4187
4188
4189
4190
4191
4192
4193
4194
4195
4196
4197
4198
4199
4200
4201
4202
4203
4204
4205
4206
4207
4208
4209
4210
4211
4212
4213
4214
4215
4216
4217
4218
4219
4220
4221
4222
4223
4224
4225
4226
4227
4228
4229
4230
4231
4232
4233
4234
4235
4236
4237
4238
4239
4240
4241
4242
4243
4244
4245
4246
4247
4248
4249
4250
4251
4252
4253
4254
4255
4256
4257
4258
4259
4260
4261
4262
4263
4264
4265
4266
4267
4268
4269
4270
4271
4272
4273
4274
4275
4276
4277
4278
4279
4280
4281
4282
4283
4284
4285
4286
4287
4288
4289
4290
4291
4292
4293
4294
4295
4296
4297
4298
4299
4300
4301
4302
4303
4304
4305
4306
4307
4308
4309
4310
4311
4312
4313
4314
4315
4316
4317
4318
4319
4320
4321
4322
4323
4324
4325
4326
4327
4328
4329
4330
4331
4332
4333
4334
4335
4336
4337
4338
4339
4340
4341
4342
4343
4344
4345
4346
4347
4348
4349
4350
4351
4352
4353
4354
4355
4356
4357
4358
4359
4360
4361
4362
4363
4364
4365
4366
4367
4368
4369
4370
4371
4372
4373
4374
4375
4376
4377
4378
4379
4380
4381
4382
4383
4384
4385
4386
4387
4388
4389
4390
4391
4392
4393
4394
4395
4396
4397
4398
4399
4400
4401
4402
4403
4404
4405
4406
4407
4408
4409
4410
4411
4412
4413
4414
4415
4416
4417
4418
4419
4420
4421
4422
4423
4424
4425
4426
4427
4428
4429
4430
4431
4432
4433
4434
4435
4436
4437
4438
4439
4440
4441
4442
4443
4444
4445
4446
4447
4448
4449
4450
4451
4452
4453
4454
4455
4456
4457
4458
4459
4460
4461
4462
4463
4464
4465
4466
4467
4468
4469
4470
4471
4472
4473
4474
4475
4476
4477
4478
4479
4480
4481
4482
4483
4484
4485
4486
4487
4488
4489
4490
4491
4492
4493
4494
4495
4496
4497
4498
4499
4500
4501
4502
4503
4504
4505
4506
4507
4508
4509
4510
4511
4512
4513
4514
4515
4516
4517
4518
4519
4520
4521
4522
4523
4524
4525
4526
4527
4528
4529
4530
4531
4532
4533
4534
4535
4536
4537
4538
4539
4540
4541
4542
4543
4544
4545
4546
4547
4548
4549
4550
4551
4552
4553
4554
4555
4556
4557
4558
4559
4560
4561
4562
4563
4564
4565
4566
4567
4568
4569
4570
4571
4572
4573
4574
4575
4576
4577
4578
4579
4580
4581
4582
4583
4584
4585
4586
4587
4588
4589
4590
4591
4592
4593
4594
4595
4596
4597
4598
4599
4600
4601
4602
4603
4604
4605
4606
4607
4608
4609
4610
4611
4612
4613
4614
4615
4616
4617
4618
4619
4620
4621
4622
4623
4624
4625
4626
4627
4628
4629
4630
4631
4632
4633
4634
4635
4636
4637
4638
4639
4640
4641
4642
4643
4644
4645
4646
4647
4648
4649
4650
4651
4652
4653
4654
4655
4656
4657
4658
4659
4660
4661
4662
4663
4664
4665
4666
4667
4668
4669
4670
4671
4672
4673
4674
4675
4676
4677
4678
4679
4680
4681
4682
4683
4684
4685
4686
4687
4688
4689
4690
4691
4692
4693
4694
4695
4696
4697
4698
4699
4700
4701
4702
4703
4704
4705
4706
4707
4708
4709
4710
4711
4712
4713
4714
4715
4716
4717
4718
4719
4720
4721
4722
4723
4724
4725
4726
4727
4728
4729
4730
4731
4732
4733
4734
4735
4736
4737
4738
4739
4740
4741
4742
4743
4744
4745
4746
4747
4748
4749
4750
4751
4752
4753
4754
4755
4756
4757
4758
4759
4760
4761
4762
4763
4764
4765
4766
4767
4768
4769
4770
4771
4772
4773
4774
4775
4776
4777
4778
4779
4780
4781
4782
4783
4784
4785
4786
4787
4788
4789
4790
4791
4792
4793
4794
4795
181.5829468622075 -395.0906355247599 -130.223566938627
102.7246926779419 7.794149609839291 -101.8010315816269
99.79999999999531 -162.3 -92.89999999999344
190.4621433512944 -22.34469514361511 -90.82822824668921
99.79999999999691 -314.8 -84.89999999999358
85.19666666666475 -200.0868535201449 -308.047831174921
85.58248549632366 -129.0929710884312 -302.5678177549784
209.1190993064979 -98.46602513926976 -95.41296438433258
99.82214495091193 -450.499385539188 -77.79971938514329
214.2730783904798 -172.9645577736888 -91.7775933847505
208.8499999999997 -437.6404425981445 -90.56926246896847
192.544981165505 -240.8107832102572 -88.8780215969616
85.19666666666495 -270.892246649113 -295.2291590600116
179.5304331899686 -450.5915489251402 -143.3161594022399
195.1802535554502 -443.04485260529 -209.3436068815604
170.3465470264051 -222.7961104275291 -246.9034693111997
175.8177351835175 -306.4492545177322 -84.82642810207312
223.9545986523264 25.8061663106457 -121.4041019581359
160.1949843205445 -139.6041788635148 -100.2743193094167
63.33992466607065 -71.2608308207262 -288.5198883133694
172.9904653957935 -159.0604266196942 -249.5787916545062
168.5759842024614 -300.0315770404728 -233.9287555515071
160.454494509954 23.1320653161118 -123.6270189447288
172.3336274503958 -385.9013494303419 -78.12351898619204
224.854546338359 -347.767313705736 -81.16960386857853
234.2918713552348 -443.8368672165012 -139.0656407867909
205.7731801886533 30.65102032042713 -62.14461511123855
57.45308937129784 -321.2121294824269 -281.1441510684157
231.7499999999997 -392.2018714962166 -219.2537326134461
163.0499999999993 -394.1610958181438 -218.6625581198749
231.7499999999996 -55.91347416115394 -62.59115110115069
131.3679271119964 -165.8795815345292 -291.8371800583751
160.1054324458001 -193.283076602794 -75.72026016965724
129.6774682443494 -233.0484251993177 -288.1546642157989
160.8199520855487 -101.8451187571343 -251.0528141408118
230.4021231033806 -284.8022495047716 -77.02449555339501
231.3599230923032 -51.02112422617916 -120.462070843825
54.47037122315473 28.76975313391345 -84.20428787944824
114.4033333333326 -82.09745957518601 -282.7847529908782
156.6969089054109 -453.8836653275698 -73.90985042170338
163.7399504619424 -67.76961812165169 -117.5535545649312
54.83970543872444 -230.1800031288711 -272.3106087210361
50.65436568199277 -13.38918229270955 -132.3700056557383
160.1323357263673 -59.53257881452397 -62.62035648699099
52.39620356012934 -171.4923063126946 -70.97569002030733
58.11100026040234 -240.1553904157374 -339.1391559944311
214.2817913117496 -328.884096634055 -222.9282117179886
206.7346965216534 -260.6907418080238 -231.025225818868
152.1534401584675 13.04028725206013 -68.37097404596967
51.68598382107607 -162.8686652226208 -325.233785235999
213.6963101419506 -192.1947515198326 -236.8787901208578
105.698848260671 -313.6727333687893 -279.7800070616243
54.706964020435 -172.7610775369185 -270.983352931151
50.34583946210882 -22.22087014425359 -76.60949893433022
236.4783757125635 -216.627267304798 -70.41483866848156
235.4718129714943 -397.7904594691553 -68.93800006628767
51.78453357926404 -116.4762106094162 -264.3480302805459
91.52484451827455 -38.11764436409211 -276.9044468663706
50.93262928617521 -140.591136725079 -112.4467482898411
237.5274841780854 -135.1732799974742 -119.1099823034089
51.08193635556984 -303.7537167434217 -100.2843895362503
48.91003313020595 -58.5134842159755 -244.6473842519231
237.9403470866033 -4.351264699866539 -82.03064626254638
52.1672403771312 -10.03209579790762 -260.4157559829904
141.5896382081484 -23.83890601844019 -101.799999999994
142.1990792561618 -279.4033743052827 -271.9618421183149
155.3924824470639 -461.6040819286779 -185.5956901686958
50.49689105475715 -365.3084057993497 -256.7965041432933
205.8839120355392 -121.9244090079672 -241.1150434788738
46.43541515251638 -80.41986647255411 -64.87531294788374
48.6356932492469 37.07179661193507 -133.693370845918
240.3044199581527 -432.358814307609 -190.8568051420177
47.03265580852401 -360.3114153926263 -63.93958663407469
51.480110156373 -100.761248808579 -329.5249686667468
155.0520364514142 -347.7582779523556 -234.2723064560714
49.31465298892645 -277.8637509766846 -256.4099390853576
237.4622599083135 -247.6019123998572 -109.5243959939497
50.64910509383987 -459.9061374853998 -88.7038886943823
155.1071593791364 -267.4971897381012 -107.5309396493927
153.5741160612377 -52.18797089037461 -247.5394313438501
44.49165778251644 -434.9899102659329 -148.5922342754073
241.3423326705102 -138.184345892856 -70.34279311185145
235.5415064869621 -462.557759497476 -229.1783195064103
47.4151270320316 -202.4268103343449 -228.9750289238667
152.7684043408047 -425.5065097464675 -112.3934196857782
46.18626862554205 -344.7364319326025 -214.0465767484225
46.92976801287956 -454.1576784632754 -192.6317740488214
244.0764022441102 46.28374731364128 -85.26999212689549
46.7972308876119 -69.91995154754781 -112.4815267802318
46.63061069896396 -396.134449504484 -96.33886049786194
47.14430718021864 -412.5200399813506 -229.1215953912818
46.93488089044355 -268.9347984388325 -67.13768020828834
193.3070574391945 -133.1619150588331 -65.35133249606039
152.91814919129 -107.010225646881 -65.63421716599228
194.096203953644 -8.608574301215603 -136.761416825896
184.7607981424308 -202.005525680382 -115.8334676237105
110.3165753075927 -198.072742928792 -273.8950447319617
48.81191533443806 -189.831907048375 -116.7885007492565
47.09761552427645 -236.4315098229884 -103.2214295858019
98.37642927076968 -162.4593100140515 -333.8242329159832
242.8476738884855 -291.5652351858886 -229.9824198735155
151.480046779381 -238.7141995939161 -65.28789935847843
186.7110931101635 -402.0662539637025 -108.2263326987683
207.3138834243682 -14.35943476023544 -47.19148421393748
49.36107105660066 -150.9790393310272 -231.5019849738944
149.5810031740354 -344.8319603879066 -73.51037976149009
45.74337670885838 -126.1110704761902 -69.20014651565626
184.5928621251513 -354.9297010046471 -107.9830422332067
114.4033333333324 -129.3019511525506 -272.106464108068
213.5734173878685 -465.5845525867168 -173.8071336544974
40.51156199267179 -276.7789866298911 -215.8108636396096
156.7538531872148 -130.8989382927649 -283.7957230674842
143.82639395392 -179.7933925168817 -117.2414355961182
192.0035795060217 47.6595828341809 -144.672132658977
51.56486581098996 -210.9232778021119 -66.06144532748456
179.3996476064083 -109.1924049413969 -128.2255062192708
242.6069263317149 -201.3080596815276 -116.5250471867198
151.4498685108581 -257.9806505183174 -222.4369897942492
160.8614973383323 -464.7848945815381 -231.3753333874369
198.5703287785686 -467.3960932719509 -60.46920599916979
200.9884745428322 -279.4085460814191 -111.0789700408644
160.9160968779117 -199.9674680417255 -285.226994612168
240.8804514293513 -155.6233232987925 -231.0230361425002
193.3340944230029 -71.57007956994394 -238.9589713124359
80.04390768868932 -202.5515187340208 -353.5452261792694
47.83779623889686 -291.6348378170243 -318.6683645608619
244.4196082520473 -463.3886469010719 -75.15717700110571
243.5683896426296 -232.2439593274283 -232.0157107038244
195.2400393640268 -150.8165200263172 -125.5126275162487
136.8022539632253 -156.7902621301415 -66.97872132212342
245.7239269075166 -414.6786141853827 -108.2125709810499
192.6406252107472 49.16019238798215 -100.3039802850288
47.37513469012328 -424.406913069111 -61.6746788584113
95.68019501071252 -241.971710577804 -271.2566832263198
246.4183352266111 -10.94557495388962 -132.8777669056638
102.0698095139606 -239.5793379297152 -324.2289033586291
141.0577877946123 -319.2841596693934 -107.7849930131485
145.5591139327774 -430.9357023456379 -153.9472268833031
241.7407857286002 -92.76288311873876 -132.2641558314986
142.1757302874789 48.19793636950563 -92.62195536570786
196.7500048914357 -367.0168415374864 -207.7808376022842
191.5307539066998 -273.8636588145864 -60.29492556126371
148.6484552118266 -282.0613481582915 -60.87867936327481
42.8764561058941 -205.0806134745692 -317.9069146213358
246.1764251537809 -96.46788440990315 -60.71655661885742
151.9807236614347 -189.1598534294394 -225.5678793513213
244.1581515896203 -315.9463367610074 -106.3606628049184
49.27314143828225 8.970087463175126 -43.86943572245237
236.6904466778702 -92.1815491156475 -235.3324655689716
127.4744673072711 -200.8612063905319 -316.8801023427018
182.7566646582608 -422.5794746669781 -59.68869101259816
240.7546653426581 13.4876725245295 -42.11340572642077
199.6586520419636 -197.4799048159762 -59.85059823495582
58.72492801659514 -318.9595968895788 -60.69148383125707
61.91576460284473 -133.7890038688508 -356.445993746057
54.00387422638864 -469.6188838004746 -128.5335921447409
164.3616957829001 -20.60336132479596 -43.54716466573017
148.345610182788 -225.7333481197819 -117.6525814482118
99.79999999999907 -349.1284805330027 -269.5216327745943
182.5219633633014 -467.9043882452633 -104.6160307252232
146.3795315212612 -469.1605804937258 -125.7223917618165
189.0312039043437 -348.8565640786001 -58.53799314112773
158.8675938527394 -31.9433348668716 -139.6082098577558
197.7473038693226 -410.6321289963294 -236.431756071491
147.9880256313133 48.82228418211013 -41.60011271394514
51.51909660473923 51.08984536941036 -48.26611127900316
178.6244106532167 -260.995302073996 -262.1854406432098
86.87207304350605 -104.8519616317825 -267.5514465449724
246.1566763032966 -354.9827625700587 -235.2881226365554
246.9650865137317 -373.3163161985681 -105.2437877686575
251.1440756315498 -324.6912326993253 -211.5531385796117
247.9135540075704 -319.3294156965633 -59.99700121539627
48.95116614975576 -455.2404318785154 -235.8567771229134
200.4800362425596 -74.17523233228479 -135.9948823963531
142.9245980921183 -319.8072818135509 -262.465414095926
39.89649028016852 -316.3412413642075 -243.7659524762578
89.48920318751141 -89.55456426191975 -315.47926805089
52.26097026018053 30.12265348675799 -247.6935202354968
93.87758600570142 16.70847241970071 -263.5015453376168
143.9758235097609 -11.31387526786937 -243.7069153151425
125.8478028188207 -130.1237772274786 -311.8059658851899
195.7568081724154 -54.24876005947993 -41.04546198566755
39.59125951081727 -95.41336950925783 -232.7694383692606
41.7784430383669 -354.666963235079 -106.1217403901912
196.1633787386534 -61.96374488362665 -82.00697659012519
166.4578857201304 -422.0850638007977 -188.6286881228308
46.06913752838961 -383.0806239942799 -201.6021677920234
206.6463187788866 -311.8590480503683 -57.4304524795686
52.60381066586204 -45.61286661804137 -41.03039993149369
53.63801778706992 -242.4607761194441 -233.4608478606739
85.78181887873797 -152.6064437267261 -267.2864678283477
209.823578836849 -228.2467294298469 -255.5275825088997
144.7083929641829 -402.6243968363873 -57.25089497336005
40.12382554561525 -130.103762976942 -302.0630523545572
145.7137641571646 -102.0088305830033 -105.2723149202233
50.12500777911994 -105.1921844890165 -133.546763472977
239.4402585391585 50.84213371303264 -150.5419116813204
249.6470849783214 -178.0699350527803 -72.13909509434768
224.2269049084595 -469.9032178405848 -109.6977117246098
39.36699283013004 -261.891535487813 -292.3766571806456
203.9647248951822 -424.9875183578955 -142.7032465545815
249.5418549905941 -77.26354007942943 -95.93795024832355
214.3030178426131 -35.50073625422816 -238.1121732332345
128.3028736498301 -0.4726542988631444 -132.6060491357632
249.4829679020499 -54.39905196611608 -237.3715842233769
91.30048034774227 -22.69423001562664 -90.70100795743909
144.0177068049737 -429.5945238519136 -221.2557810295132
197.5660951109087 -224.2088901637714 -217.8005139508435
198.6766886132588 -471.7391975391924 -238.2506994646386
91.30132863022345 32.6552665555163 -80.94395500044695
55.68280074187494 -32.8136462621526 -292.3559271645296
224.1836391528067 -251.5996673971084 -56.08272179816738
177.5527253893809 -328.5445670917004 -207.721912817158
251.2695887416604 -12.51397207143149 -239.2826055617776
200.1256983727234 -294.0409676955114 -211.0126747994767
175.9910385669255 21.27400627064181 -38.04452845798654
211.5754340018674 -158.5296083373293 -257.0571982445622
230.863893723295 52.66932676766731 -39.18222178493208
143.2821717605754 -385.5599793310166 -105.1102339380265
142.1647137240156 -366.1961834257164 -203.6550189395219
244.6333940888182 -26.14434179541898 -39.32452557960754
114.4033333333326 -11.30542394411178 -263.8177774758966
35.63206572276843 -468.4596496184074 -160.7738976300313
190.182709931773 -93.63837280225665 -57.68393143181321
40.33348594261691 -62.86939827076654 -320.7322848943141
105.7195943006545 -275.3195118401545 -267.1395750234204
251.0617293837626 -363.8043158423615 -56.49116786821143
227.4677681674067 -433.7407249044792 -56.76243431494316
35.93721276492461 -108.3583184344485 -361.9726443628173
250.78713963925 -425.8290121867793 -228.661195088701
253.4694911122573 -424.3859192001735 -160.0449951702263
37.68882477756012 -430.8920433126063 -110.74405723416
201.953591190668 -385.0628529815027 -54.48702723274029
93.91798744697296 -16.30432403144941 -123.756017400049
91.48139825822248 24.03630212950908 -129.9221002153432
182.288417764041 -11.48834473420137 -240.5147650978436
143.6882283051507 53.8957715792282 -141.808206002276
208.8499999999996 -410.2354753936335 -193.9765739958539
143.9028278479737 -128.3531934559252 -133.3141512911768
214.3881166526566 -163.2155608542638 -50.80270369592923
207.98114695131 -381.1647807305937 -97.70874571151373
252.1482785589982 -39.04696063933628 -90.44633844101622
252.6382176855873 -367.5043683945198 -200.843875981506
251.8895910974628 -195.3939224371109 -238.7443005580362
247.7774627604333 -471.0372438714774 -192.6611631429665
142.179312175678 -135.5894516402631 -245.5464145768331
121.7746229984541 -8.608615681825412 -73.61415429795525
206.2828384949518 -317.4424944211247 -112.7290600255097
37.91953783883663 -271.4289303232781 -117.2303968133255
37.04211794935631 -417.6130802434104 -188.2380036023819
193.3385112895268 -189.5925496104827 -268.6813086396887
205.5340784285687 -232.757066408711 -123.5686644011798
127.9675800409132 -47.75915019899986 -274.9194033187614
37.83659635768048 -47.84123810164024 -142.1225164373379
80.61500319356573 -306.4713364993737 -307.1109625758725
36.62131196240487 -103.497110422894 -98.19240059636678
180.7058672905621 14.06938341333015 -93.06673965479648
149.7923871331773 -94.1058166550353 -286.0648210730458
134.3374644131335 -247.3096066751565 -253.9140930124176
172.5270794152069 -163.628337121779 -54.8008291719619
123.3325548840286 -268.2277857667842 -304.6681021983604
252.4344088212666 -475.0176796616871 -132.546598826888
77.63655019065361 -272.2911031573727 -332.6116121778509
173.1825298011964 -130.7061956008402 -225.1135136842904
130.4781998881007 -314.397351386999 -63.84609814577419
138.1852531595385 -171.4315329538138 -255.4785010090912
85.19666666666518 -388.9061103363154 -262.2637718021409
34.08293000861232 56.42472441316089 -93.43420392060672
166.5423335552959 -236.522860054471 -287.226881637498
93.96821024179434 -125.6230267569563 -338.8955082955165
227.3813081232273 -169.6812134095606 -129.7453773768516
172.0441199863118 44.46988665168749 -69.66231849020417
182.2157260575787 -372.0712482601101 -241.6406473697313
198.2794710150746 -158.0161218516228 -222.3235530212302
172.2478907536023 -164.587327501467 -286.3248265648155
45.17458203027694 -273.0479297157717 -350.8058005200464
252.9144912315653 -281.0957562111098 -118.9062506402747
185.858072179026 -231.2834738116726 -53.73463000441107
216.9723190143439 1.379048811965307 -239.5838245591862
70.87132725441538 -238.1914150786359 -304.5688458908688
201.9631495853453 -293.1122514093236 -247.7442589181821
36.80576287935327 1.391031779284577 -101.5251355962814
63.29547777064634 -37.72759245188971 -108.4381653077873
77.92457361503229 -166.7692305560213 -365.1849120690275
192.1965511003778 54.60047317338638 -35.3358586086349
189.597634099189 -41.97177038818289 -121.9302312471551
125.5248250731193 -187.6019368976935 -86.45978083433491
35.76764602038766 -93.98436541263649 -297.026574710478
254.7329623051703 30.69245200597606 -241.3154112910788
75.63600587053882 -201.6255650765959 -262.8538793990865
253.4978762522775 -62.05141189754311 -34.97567890157327
185.3562689811107 -330.4857595372847 -245.2360173459034
254.2431292241701 -248.1029949987697 -76.8723169207188
136.8241539603416 -209.4566310735957 -251.7030637896823
60.60166047870745 -392.2692253459617 -49.64193938313617
140.5317348994923 -379.8498092152504 -243.4062175008961
144.83609213959 -309.999703825837 -206.4904517721099
252.8541441190199 -113.427144566677 -94.34047342965602
78.79418083343572 -164.8933620842207 -300.912268499967
213.8314232334793 -115.3914226721465 -138.5407133101722
124.1280747391018 -136.8246771133165 -101.1774341737699
178.4514543160494 -170.991659412694 -97.87322981027265
36.7946440085532 -351.6614523117519 -289.0942787000971
69.47910297058775 -334.6770116410588 -92.25793038313371
35.18408789146543 -201.2646721189804 -282.5122836372882
188.4540302495426 25.15648078401784 -241.2303312280573
220.3747572044554 42.49398038668489 -242.6869984496245
74.56777593204696 3.210899489846245 -68.79916877372956
155.7905659856169 -223.1378935325694 -213.8076864051227
186.9546756194295 -475.2478931306798 -195.8351963025866
75.33057646080087 -136.8769979398998 -86.40399114049988
253.9875880990439 -164.5711045985478 -105.5680247270805
78.0306594071611 -297.7793669123275 -263.7493928389464
255.3059204985743 15.31311419135377 -106.857367286334
124.7321068281218 32.83080453213452 -119.8849186412358
37.75265383645333 -472.7850558168547 -54.25257448468481
205.8481239847419 -474.6320489800628 -140.0474932388188
141.0688182629877 -57.87390680878291 -92.32363985591999
218.3581848200365 -12.3960377650901 -110.8103103927813
75.42425649995455 -165.9336270127278 -118.9088495216724
209.308861523481 -134.1242994966427 -97.25689139921818
149.9256454392331 -92.4057760753274 -139.4156739637626
164.4044699828227 -319.1887339874843 -53.33105987167424
139.5018560807075 -82.11959548914956 -230.1098907688504
256.2945470687243 -401.5393294269617 -194.159279347432
138.2452770150226 -81.46220240817291 -48.8715947954988
220.2739872502833 -30.43440041330656 -147.4754409929115
214.0134962827202 -210.272495166452 -97.29655117925117
253.484038310506 -449.5522129671375 -106.8529948928165
175.1623614180972 -89.61804981316216 -89.66265693417446
143.7192537805187 6.843287673917265 -34.4093822578167
171.1812383968477 -297.088893518502 -118.7497813924048
132.5730725614317 -289.2628662650568 -91.39899419179663
254.1947404296936 -123.5103768784733 -242.3882659272172
188.7977950788288 -134.4499638568024 -269.3741938834208
34.55050022606268 -53.04117486573099 -83.88946054516347
42.99147050672541 -325.8565697246869 -312.7500255155687
33.52453318170549 -131.8229596607237 -336.2734616637896
150.1334453097687 -353.4562312836057 -107.7947040401977
158.188438840895 1.378822475998871 -151.4061533968362
72.50577623035151 45.08676259534309 -109.3782160794546
255.2798904836937 48.73733492335258 -118.8541841457471
48.78069449126562 -188.8556056951897 -347.8879207678967
66.77812530117929 -453.4493692421619 -58.20571004649024
33.61154139142747 -28.34782514130697 -235.1479480863319
32.86768829638114 -145.257473701266 -271.2219653521345
66.55305753983883 -198.5537547119599 -87.96759524795183
141.2617075223635 24.93446251703514 -241.0913961625486
97.93299897797561 -64.98188904880323 -262.9630453262948
193.4575786116127 -97.3194088931061 -262.4798053650048
57.68045975777337 -309.4819716949609 -211.8858154797504
254.0749605923891 -274.1873908232647 -52.81385305077195
255.1757343941254 -429.72176426757 -77.93697627231688
185.5979379973812 -189.9393276331941 -216.3651490201603
141.037659791688 -46.81755915055735 -34.60451349836846
34.13718085151501 -295.1526609211764 -282.7953898845164
237.0382600264887 -261.147069536567 -211.0851117319116
130.0282647917647 -438.0816758369253 -89.44004193395936
235.5303668247719 15.80303449289456 -153.2866738732367
33.07131812735059 -162.8880316728168 -132.7624705856687
34.24034827437102 -55.67538013053793 -276.4581254343238
195.2607661060369 -436.0931046870586 -175.1703816441697
140.1499999999992 -400.2966953540438 -193.5772857903735
33.07861945929598 -332.6249184898161 -80.29265775931137
158.7376378820099 -370.9753928215463 -52.12203307810019
137.6329465071257 59.0975658516151 -244.1728446940587
161.7883857122423 -477.7463531935782 -155.5783056423113
31.96402997408211 -165.8329393155517 -98.31165604364281
88.97853061802803 -56.28207337467593 -306.1839872583814
138.1901717632415 -477.1916437370988 -92.53798371791143
183.1711170854755 -441.2328508997606 -243.4410689184943
217.6864445592066 -113.343269695414 -51.24001909894822
33.38471672116426 -207.1634217487002 -91.34637967962098
63.07968450024408 11.8716840249016 -152.366730152484
69.63254355027078 5.56236312820516 -110.8579806119511
59.71640243124007 -74.0457865259831 -143.8580943926441
32.78127618200105 -217.3841041692783 -129.2416546047684
139.1973758356956 -59.94400188074732 -144.9454158217794
33.46948877214982 -151.8582938215108 -50.41708065565803
254.4013463339089 -42.88243167842568 -146.2638981399336
30.77513667120692 -125.3892409984248 -222.6687591544255
127.5027159616564 -101.2844619485039 -257.9275637672142
64.89777726358486 -429.0834131366241 -90.43487075885349
162.7323744536105 -156.9968972332262 -134.5449671196803
131.6129827536148 -167.9140202400618 -326.2898954636794
132.8277243158924 -352.3174024041149 -261.8939477762569
70.96524553474501 -291.211180448581 -75.85151532532083
35.77032233021112 -398.3082769560763 -260.5656404852019
214.4095917332576 -355.1680307101549 -115.3446537379553
32.93109655139769 -299.646584119081 -71.74908981692082
181.5934432942624 -265.6154937374987 -208.6488068891658
171.7375842668865 55.14025866494637 -242.7559793162613
240.4092800689544 -322.5584614029139 -243.7404951204116
32.60856474535804 -218.9584020349199 -347.4014926316066
174.2796329175133 -246.2474652757126 -126.1403533579894
254.7744347586913 -458.2614853061036 -161.9878227347557
140.0029842328656 10.01639242957383 -99.92171327300987
123.4045260431529 29.98442594760622 -71.64086784132738
33.2647679522198 -170.6149759767645 -297.5092466728142
35.1369007910675 4.629951458958649 -235.5721025804211
66.40064812355938 -335.8009828293716 -251.9106903402163
223.9176546221002 57.58302057684904 -109.9197628223447
32.30155803343979 -176.8514000081254 -245.649232110227
90.90486742509137 -156.3848975369072 -65.07163085147701
91.05304634594168 -141.1456054070332 -111.9475024461731
205.1081567802345 17.79006715316488 -31.71260231630917
257.1353311622464 -343.7865134534044 -91.49422420466034
85.19666666666538 -11.30762622622625 -258.5772029432441
256.5071413973202 -387.1766106370406 -243.0310121503371
221.2063807153388 -434.8640113862847 -244.1839816738558
110.7074164179435 -191.8579445464421 -344.6550239843854
215.1639905072489 -368.121599035642 -235.9466665664815
168.4580518053077 -8.393516601832092 -114.9457781443465
82.93023843934091 -336.711366634168 -294.7150039922864
172.1247575950352 -293.597689769413 -266.6575190579036
31.86011699573566 -477.6653827380993 -216.9815337020167
101.5940853321969 44.57423824605155 -105.6834212402636
33.38740283376249 -86.8535538969206 -264.4681379398032
151.5311666451471 -155.9621632857412 -220.5464326196626
32.67780142760197 -380.1477008816029 -232.3680914619129
31.64859724926563 -249.4450060996261 -257.7332967980037
164.2929894019116 58.74505174391635 -115.6664457147248
63.10445883467949 -33.45160701585937 -152.012748267562
62.50982330914886 -244.4586699993993 -49.64656546322642
136.2462039871587 -37.09118477629899 -65.68497228943717
218.8872274211063 -39.65044537977899 -91.70130622542716
136.1876978566751 -294.5149169438288 -241.2876373679245
32.24377267489817 -19.76621625186013 -48.29592893445403
170.2366696414194 -73.90989199355668 -266.3123322680414
220.6192233191952 -348.5020304184881 -48.2147974911843
213.7845447323631 16.56248005982422 -91.15173083223253
60.91145854469903 -238.3951108557768 -371.8829415716465
32.35307650520853 -227.3732754576717 -212.4354051464455
92.31891380822253 -187.2947066485819 -79.28877739488885
256.3636630822431 -262.4614378587211 -242.5817783307244
66.45512598204576 -86.07484304907086 -249.5934325183479
257.3200786036938 19.85198603444103 -70.16945367408333
62.66690194771813 59.83187123829813 -77.80147527032331
181.8703687182737 -0.7498389721633387 -63.46290248713467
134.5383140515296 -411.6287111172201 -246.6239543088159
232.8859902492124 -206.5646109804163 -214.0069195290578
224.2347275279289 -350.2245654271696 -199.4140070480386
138.0449506777956 -186.5566202616617 -51.00580143693966
176.1838610672609 -432.9125388207278 -90.34009008396485
180.6019580837342 -98.54836328369939 -224.8411387745817
30.95624058422406 -30.57170017261484 -107.9615241775519
61.933801312336 -264.7325167188474 -95.96602564925018
179.9791315996093 -42.72247721145531 -230.2126754972826
137.4989467306898 -480.4886451633772 -47.58048903804432
218.3303717343885 -478.37135586942 -205.7902704633763
102.2769285046202 11.09207051990317 -64.80655239831722
67.03034275305959 -103.4852903182566 -293.6894993022701
138.0636962595853 -435.8200419246346 -51.39545742361683
32.94324776370213 -230.0563787044416 -298.6341305809232
66.51831684386472 -417.3369165792961 -148.583127745949
140.3368294166467 -216.873268180173 -87.09175500042788
213.472503817746 -199.3763066184156 -131.5581166105179
138.2848244885234 -290.6535409049578 -123.7847077282525
257.8281128476413 -228.8021537022067 -128.6954660605735
186.6197679727119 17.19666023276222 -155.5806543633061
108.8479742197156 -173.864984793602 -118.8753811360664
87.20924845325872 -234.4344063073803 -352.8818968778522
63.49277799747622 -369.5575589863072 -225.0669380664266
228.1514902328886 -478.3254256820128 -50.5631439743989
32.18659064027836 -240.7318309419484 -74.48099904523586
61.20997699557697 -119.9180336520544 -233.245157587485
202.9010676508692 -448.0001569366603 -120.8309812806041
231.6521222793093 -415.4968282715688 -139.031198436958
218.3463671210564 -81.37293448542196 -48.33950930282258
136.5360759685347 -129.6888545963814 -48.40567182014306
230.1833519008352 -192.0064428209047 -50.18115773059695
29.90010612863684 -104.4106498597495 -49.66155466631079
62.56522602499379 -105.0619620910524 -50.69443064131827
32.09130929343773 -216.2285753768272 -253.9521521286208
31.36348314128607 10.36548891158456 -70.85407053566148
258.7436087853284 -229.8142206959909 -49.26078086930254
63.08857386374609 -380.4598304259595 -117.7993174899244
112.4275596188037 -222.7030721304409 -258.439327291179
32.87585704118707 58.49036639412943 -244.0314395908727
256.888659653779 -221.4158329229606 -95.30012766970822
257.0207897872711 -446.6409590651356 -49.63660085500085
255.9747030159663 -413.9828842502581 -49.31183123521457
206.0864483133151 -408.4765082693746 -76.99098594965893
122.1230863960386 -96.73775211867817 -312.0185109996097
133.5208112831986 -232.5556769967797 -320.3775748531289
255.7934534640585 -155.4941685316889 -136.7421307209087
173.9368884494425 -59.5026068486583 -147.0412952463303
136.0539816592911 -479.3246524312123 -246.5462887225146
29.87200212061627 -170.3444022458331 -215.0041934026975
166.5968951031508 -413.6120402883152 -244.1013125942922
33.6452120281377 -335.3372767979289 -47.80101561214943
93.37165414269808 -179.3262354726974 -260.5287582784752
104.446572677414 -136.3343421137816 -80.38535232689281
135.4260420583461 24.35495875341817 -152.0826317528711
31.46596645485127 13.92989423053953 -266.1626542885483
32.11391676288746 -11.79689278336302 -285.6523216915601
258.3318570821163 -478.1626042709386 -246.605229728046
173.8985354202423 -420.2697624039958 -135.5711667559763
63.94626968829117 -454.1309799177169 -165.4427808677784
192.3859834915814 20.0397924690449 -122.3701680441327
257.1705245347278 60.59341156041653 -58.11864621062915
32.47005370341512 -324.8983530895414 -118.5626385461382
160.2981136011003 -212.0058171938134 -49.39103260200228
214.4212683566082 59.13595618537559 -77.13265833804408
32.32824086898761 -189.8363036246521 -50.65583998126659
169.4615520188466 -261.010425110618 -79.63517343121237
256.298174447011 -120.5449923597453 -141.554183291797
34.6490211693859 58.21651308434912 -157.4054132642456
32.63706747031827 -256.3255620893778 -324.6766317378942
61.84584787978596 -286.4890266643442 -47.10661535200204
31.4945243086734 10.84117999132108 -143.480407654209
164.3734603472755 -189.8255082593068 -255.068817387252
256.7825142849226 -156.7931870517011 -48.67407576463386
260.2949272307636 -125.8836625579874 -47.79361273595714
230.6714089835687 -120.1210062984132 -221.0022125702414
174.3904532688785 -479.9786443257629 -76.52771403251661
182.5427846444655 -391.867793590602 -193.2714043349816
161.6514245133945 -21.41274318185697 -77.05721888118154
63.7904283247338 -191.3380719225687 -48.70449054323207
259.7516873886178 -175.5490499670581 -215.6169658756037
229.8426456922966 -302.5091585603821 -202.9457300951815
64.45735271974375 -144.9102049578003 -51.6921724846253
30.59717429306419 -68.91779190187113 -39.44339231341947
63.60084568639316 -64.97700386521744 -86.30121119101103
63.79249834920884 -177.8071709048039 -240.8579636148972
137.4737823065609 -477.3651050297345 -209.968236804584
32.3507891863371 -480.3182654014211 -106.5078726732579
29.58984614706213 62.60670154393585 -29.07793005903309
63.09980502736907 -133.1955658056098 -324.6761178253017
147.1843905089908 -112.4263292646655 -224.3556116640574
170.9250299237921 -47.16171128117259 -94.43849598835709
136.0649353937744 -376.4571959193856 -75.6784661185997
71.97799089221425 -255.8066644675323 -255.5169584713585
31.51674038573744 -81.35823304647475 -345.3409503943856
64.51260378610804 -430.8779581405843 -247.1151896568949
259.8800970400168 61.42846324013834 -245.3182180169561
258.8224120628234 -66.64296669762149 -125.3379440300522
63.75834165200733 -100.6512297431793 -82.06099730873774
161.7171929941472 -137.2926223317595 -68.71085890978523
215.495873654069 -222.1139486067594 -47.32340794945688
62.90987259922288 -17.52457451237577 -231.8724074029649
29.77510506866606 -380.1681078008599 -47.31695417128163
259.7379761271837 -478.0635937726657 -51.72395955514571
63.65573113178314 -478.3543399536581 -207.8087260289118
58.4553649469709 -233.133194885583 -130.9761367013582
30.74727107113801 -437.29290066096 -215.4843187047048
62.85496202184054 -436.1671829448335 -214.0110151202896
185.0660468146874 -210.4209438540385 -84.683210235595
62.81268022209253 -413.0277978686329 -117.5327563142682
154.2172475869504 -184.7731980301793 -312.0834273289454
136.3544467492017 -435.1715307516051 -189.8068975525183
221.8897115484393 -65.60183168100191 -226.8741385413667
30.97940671307269 61.29582028227073 -124.3090214664905
114.4033333333322 -388.9085852487812 -256.3744431143359
120.090989330117 -299.089529150465 -303.1359259303107
221.0896331121775 -316.7503296197722 -84.96389704793025
122.5454836343779 -336.9447289735634 -88.6268521670021
219.3412497665484 -281.5490731970382 -47.75172549055698
31.06949400556669 -131.0120916815093 -139.3368498507353
64.07630362406918 -138.6809766020359 -140.8608094278376
107.6205302323861 -178.1431690542031 -308.2709961196873
225.0720959962468 -49.25260908149556 -30.80382922344544
174.6472394395265 -450.8487908454724 -48.04228439048524
225.0735688873184 -294.9038753846257 -124.2923991012887
152.9074140699839 -263.0653090452232 -296.260280634007
209.8117014561095 -258.8158074769324 -262.0804185545341
67.57335450717906 -73.95340349204724 -331.5423382256905
190.4981711695345 -218.7193198261779 -278.881861707713
168.1952096050995 61.12167290148879 -159.8712802812979
72.69077242000117 -362.329867739393 -279.1803911874646
28.96999339229728 30.4594434698042 -110.2120666326729
72.88796785625156 -36.59339253148442 -252.1862141008949
100.8270865876201 -224.6907741750349 -296.7808969942107
30.78886535295954 -341.2968305386206 -260.2283037418682
218.9411226898412 -257.2909499874516 -86.33109899024076
257.6659594914559 -299.7329165571467 -82.81436206683576
136.6726777469745 -460.0274292024599 -160.7286751117429
259.5589045408115 -69.13636772489451 -67.54246798944207
186.667483780412 -32.69995621293141 -61.66492609687982
60.97736457688571 -145.2523094481626 -284.6029345521071
221.9808220569853 -421.6292021965297 -168.5938801380615
182.3852568625613 -119.8122466835627 -91.21172666793613
29.44353758901901 -83.72278278778225 -144.590717492227
260.155047910092 -395.7578808637692 -87.97512543401677
185.2763940053773 -178.3332670983152 -135.9535024891698
220.4895035255133 -380.5092932931736 -192.5071179520734
168.0563490749748 -328.2606241675618 -121.1080537477148
151.0899031247564 -148.5970175539961 -309.1024583232748
155.2044415008017 -410.656198061356 -85.2917510656147
64.20684301696086 62.10684301695436 -246.9163441677171
170.671719051729 -293.6860413929433 -201.4595379924027
63.52422965935585 45.48504699467479 -160.3818679608744
166.4760447608751 -259.943592796964 -48.1769158679142
63.63502918894737 -17.89017774360563 -49.05469652118865
58.73638090504071 -188.1267445283969 -297.5489588647047
205.1969046427992 -480.2857748118481 -87.72301695590976
229.1360862766533 -68.09747270819364 -146.3050893454742
28.44883610094694 -20.15612708514933 -153.4327762888684
74.93949994647267 -182.2390799523685 -330.9602485692266
231.9325186818546 -405.806613076771 -247.2473848325525
223.6008810736311 -185.6012382367246 -265.2030694031856
135.3972465042274 -279.342222251752 -204.5879232042367
64.16978131104852 -480.5654494146931 -247.369781311034
104.5677890166204 -150.7776223860839 -291.8136896082993
260.3089635857324 -9.848838381416961 -60.90368243361462
64.40556047767758 -257.551843261852 -207.7257578393043
211.2344096782992 -70.27518349980681 -107.4695767384509
28.77459691021705 41.08575071195627 -66.93221861809936
29.21373807629302 32.12739605679467 -36.79518783067793
220.245704093607 -402.6561413856389 -116.2756029393024
127.2631608545111 -460.9540016764632 -68.91022860618537
112.5484066016493 -153.8510272940904 -258.0884368840104
66.00613535445321 -346.9648177254421 -45.52982634471032
139.6993884784206 -73.88665361371997 -264.0953966430924
135.8813591056318 -323.8724540966298 -232.3569476091946
138.8590863932525 -447.9139456502235 -246.4015457623196
167.1722058603517 -64.4296622562486 -32.19923128048899
139.0159626487025 -260.7549540801353 -82.42339132823879
29.39685716116522 -438.6567199972223 -82.16174667245301
29.11345259294858 -373.3975974682582 -85.25460462086858
30.59345082795497 -400.2696373399282 -70.49737049701983
65.92897479484721 -114.3045033991751 -109.1797577463227
159.2042285165097 -201.3322706749715 -133.1605374023088
133.1252019259047 -34.92022518397955 -228.6015444983934
258.7408216918179 -479.9426530113379 -98.4521306410727
28.56166928348943 -41.56487107490587 -302.673257576935
178.7108480112251 -249.1518109122751 -234.118139839969
234.3339903688634 -480.7170850479365 -156.8109267361896
62.87920810744445 -221.3397947218555 -209.4773673743811
34.19621081079653 -431.9327270542625 -248.5579577373072
90.88911710407579 -321.0022350368162 -258.3032130526734
157.0715148480356 -27.95076278564457 -265.3740231557486
110.1125824856406 -37.08981997713415 -257.4974420551948
257.8126391168941 61.01765984354499 -27.65023808399539
33.93064763924966 -251.5859427368784 -47.02994187073623
78.55076786828445 -99.75018330092935 -343.4551060281617
65.55645290913779 -322.3358546636964 -120.3861609033406
221.5006105253567 -428.7760732163089 -214.4331333842126
133.4839163848512 65.98238925658333 -25.42900788520785
190.5445660673007 -34.58218934749325 -152.0959977172108
133.7343906200804 -22.34363783352123 -154.0103122526076
134.9449627211482 -351.7449728879062 -47.06237022697555
260.4515917570864 -219.104380222572 -210.2559574139549
30.61575376153698 -283.5544319558844 -46.05255235479392
189.595067135727 -482.6305590825659 -166.5705315206746
260.541225398172 -14.56350550311175 -106.2729378079663
213.0780318136652 62.57703465049573 -161.7482691018681
102.9368444277712 2.365705144684481 -140.6997427349665
136.125470242677 -86.00946314604133 -80.72156883048987
30.93131949986725 -246.9505888005548 -363.4334401809869
66.94265478205544 -50.24725569644465 -224.3909143312449
66.93581580723199 -70.9745226480065 -45.84150692976123
64.52865191014284 -360.4325365652267 -196.9408176090186
28.89242458553022 -132.3291453762959 -93.49894179853975
217.2287382333296 -260.3431058040322 -128.1534441101053
133.2340153034087 -46.80329564447156 -118.865394811822
134.9815997270086 -76.93782950803828 -118.2267578420334
63.9447790859751 -430.6715668149824 -184.3843672694395
222.9353787900941 -173.7250924444358 -214.8917976694471
201.5044405279319 -290.7695107584318 -83.16701739675702
27.90510682311086 -180.1323093802539 -324.7938839437872
174.7583903282624 -396.2079293427797 -47.05636858254315
27.08537296217091 -289.3852786761408 -239.6536512621473
25.85834221748297 -415.7190543358449 -150.6176828508556
27.00693242789179 -346.8269145099849 -192.8187460052405
259.7152320812007 -447.8619634843612 -209.071705806252
226.2069992215868 -81.45851429977377 -77.44787510253713
130.5362059600579 -153.9741897654179 -125.0240001456566
63.17687950866775 -290.2835399492091 -288.7662044866597
28.99295796825764 -68.76687847991171 -225.2154426612946
163.4282570966393 -235.0088205672243 -93.39676197066436
175.5168634542635 -481.395666699422 -45.95048838008795
223.8325888392431 -234.4303091996283 -207.4611808063292
166.2623825962505 -69.1115629185266 -226.2616616455462
62.72423319392469 -407.9240875877937 -203.9021043183242
259.5698581641898 -39.80148909432771 -61.42344137871034
176.5404532535326 -420.8274733606828 -216.7949162115215
163.4424137773082 -341.5805689474036 -262.3172033059822
259.637953520017 -429.3973730817087 -130.7807108315916
60.5988354549421 -391.3206873257313 -245.3976908733608
194.3797655573644 -329.5592361539685 -80.76655221039093
64.00141269947017 -363.8143101316327 -88.317899097957
86.45783221066318 -128.6675462122944 -255.7686934769117
136.2220768626062 62.60300768189265 -66.27419811281305
210.3805762872057 -98.26215956252625 -222.5727424923953
28.7565321941745 -452.8183640972136 -129.732858902592
134.5285112954329 -257.7629979586451 -47.25607225956038
208.0866132175428 -413.2806682403639 -46.91948159320744
170.3481202435404 -356.1833441883275 -196.0062587316107
27.5226843235725 -373.2798179881596 -272.3565797030203
65.73744116397121 -293.5781938344478 -236.3804488646131
184.6211032232844 -416.6436535966222 -159.9587622401148
28.84601561191471 -400.3682341999079 -117.9795285076182
69.07368999365231 -214.5337064434162 -328.5464719696081
104.3802015789983 -108.8537220879611 -291.3485859056699
70.77712598192873 31.23432394758684 -59.37440260767498
64.65865337665744 -481.4906314363394 -153.6883515353617
132.3095070148604 -397.9616733537165 -221.277224043117
228.4880998979311 -26.36609686217445 -64.34542213776683
172.6345546704753 -483.0388639289087 -128.3197440576029
49.43766627223383 -295.3224618128665 -127.3393055847157
259.8257172038681 -447.8805111508941 -247.4212087508522
172.4676640106206 -291.4828137448544 -45.41148781557089
260.608128042863 -78.53092080692322 -223.5330422737872
64.76026664179551 31.00382869282871 -29.40061806960751
66.66734657644629 -93.54876580375712 -220.9517957753515
173.2582299142766 -119.6522736081176 -46.18165984270729
62.93060435501267 -482.0084308510818 -70.32220539663804
259.6659076654648 -185.7450468383585 -136.4494292626764
158.06774965755 -274.9557885529371 -245.9027996170532
133.6470823419473 63.73068280292411 -116.0312746914207
104.0115431145234 -282.7275300520476 -322.5945353600479
64.31793487418872 -481.4831666813159 -103.531280483191
259.1512780612103 23.7805398222959 -135.8345874438705
64.84245069970238 -187.3532732187866 -210.4657344057598
119.002403593831 -141.5803849298411 -338.3305570407539
261.7668129565305 1.311947359036742 -155.6385050273865
258.9069409977838 -137.0620873718098 -216.309226035505
26.87036588572444 -481.9090901091197 -135.7148261757241
133.2387193502876 -223.6235485907454 -47.69263649315502
66.13029001573219 65.42824891848741 -27.77976596948598
29.47660246001493 -481.9912512062619 -247.3475675587544
149.9385430414642 -169.5788345716273 -90.17609898585695
211.7603568399106 31.88769587361562 -159.6965751329908
199.7974038503241 63.17279886618606 -248.7678928449436
27.82456089726215 -323.9854935262369 -283.9793827879063
86.03652948834792 -224.1362271832143 -254.9286119552366
157.0199887263626 -453.2174785638911 -103.3563223038154
26.98682328647984 -252.8025798208052 -226.3200621158695
203.7024455617065 -320.6452967625731 -196.701005200954
28.57365957778973 -298.4459466373101 -342.5652074381541
155.9385368673333 -218.2673417879287 -307.7388954264281
180.1452652863624 -46.68675946305377 -259.6689292052869
61.02993669999508 -441.3145690627007 -125.1775652709639
27.45452704412201 -246.8382861936408 -131.3899187427834
229.3355497071155 -135.5478566030987 -252.4735233292274
133.019720581692 -484.5141022055995 -146.0639677762607
228.0384507941382 -113.4045403498428 -78.69101189267792
166.1308732173478 -447.0078808321609 -208.6539973333261
27.15710884866827 -475.4247168378949 -188.0486629554389
261.7078834178623 -191.6480438520045 -95.77773766136897
108.2957390121783 -294.5576459686057 -98.57365922596023
80.42212445642109 -302.9062417055133 -103.791901586878
218.9100285260436 -144.167247974865 -141.5967312713575
185.4288067654164 -5.388433491247618 -29.4703687554494
197.4541647617233 -160.0450471471144 -73.85374411419318
134.0205084509728 -482.1111492561303 -180.6746262017761
175.0893257023384 -108.2179718986231 -282.3901080258397
259.4580359980678 -283.1616122338655 -203.5799903799306
164.9028764666191 10.10461244391593 -249.7485545849635
163.0601877816265 33.82542633245023 -150.7204445801612
70.05183539949392 -9.372227424150674 -283.2060164918847
257.1466128766485 -201.490245067952 -56.32802164573098
134.0916143451465 -337.7033308124015 -206.1161682301205
65.25435586589009 -262.0452220306361 -125.8087163599175
130.9444369619915 -123.0519589171798 -76.31543378333198
104.909799887259 -299.3352379708702 -257.7064659897019
107.8581654463663 -325.9214035302331 -106.7013476702044
104.8789648625492 -192.6214950900849 -101.3736392762547
27.15121422915724 -116.0712026846806 -280.0004118014509
256.4648683765155 -106.8962947306564 -218.6256389894961
28.61272619169002 -319.8048464059117 -208.087932438373
28.37685541225575 -265.6475405630216 -89.88111770541609
158.3116543827923 -201.1099442596289 -103.7029537683383
262.4500552192407 -303.5910740189029 -248.3961181286857
92.94527872743184 -14.25226430597797 -66.76664557726214
74.88155693111894 -215.233343903282 -377.551061401738
178.8135415378522 -134.282221659945 -142.8354220711616
28.11190339000948 -441.7580190667201 -172.8118447191911
109.9528673837005 -35.13532852704357 -101.799999999994
65.64019510762765 -44.29284232517971 -66.54076730798148
28.49812908680417 -444.231710553689 -47.75251870439872
212.3012143473436 -321.737705866494 -250.8377952602699
133.1762498936314 -205.1492383354521 -210.0905617363129
209.979156266973 -267.9226823053773 -203.1010171309447
138.0051134036799 -68.23446895890413 -293.4245883764871
229.1594363562471 -277.0415992355602 -250.832504884523
177.2459099977636 -88.27777223941527 -148.1803759235881
209.6099320691565 -7.247411175220181 -75.18255642935731
27.22382267335168 0.844581916664298 -26.10799125303286
135.7844726409555 -252.8468508103564 -127.6548084751048
26.90322530143551 -30.38315661424853 -263.6023964619541
263.2081730357568 66.50679115102106 -87.40440593240275
229.4258815762109 -380.3395037069717 -46.62883627470748
135.4786932597912 -19.61266643034622 -42.6654353383124
60.79306868511763 -238.2904823663241 -77.83416375487981
51.93335803789012 -160.8012523548 -354.055465358716
262.1019796406605 -3.845763385631339 -32.43208173242947
133.8871611751286 -229.5272868787195 -231.3155380237615
63.77750795053436 -46.58857376736695 -316.4011586359867
173.2812351594027 -483.7927688926254 -250.0146302404893
201.8262646129752 -441.4180720753615 -46.02577737023104
65.53980389657323 14.55017473718426 -267.8969384393765
116.9437343217856 -221.1226711241124 -342.6039073907975
86.39469148368583 -364.7002000813841 -254.5132745721349
199.5276637380213 65.2629479614524 -123.1615155569734
65.63687916284988 -204.7815183536519 -136.1754669205225
167.7798606730063 -442.3145622612159 -168.2278238560203
261.7589035163021 64.1233395863072 -163.385105224298
252.2411713138935 -272.8361750860392 -91.38187483466029
26.12100997268138 -351.9461039366068 -233.6793833658454
54.65677807138039 -479.0510344238718 -180.5219826647145
133.6731317489335 -442.0705307256938 -128.6733195677257
262.6338511188839 -386.9074195475803 -45.25750361819387
234.2463406099342 34.34583794541334 -61.05391532087931
230.2393921415436 -222.6795879106331 -134.5891140204078
228.1152052449812 -437.0655685586175 -111.8535506778253
224.4662251121244 -481.4674122498896 -249.1184900739673
58.45745647159072 -262.3449347234603 -313.7630876269355
61.2203085029833 -142.2547546602578 -256.0966538779982
67.05104631286696 10.86625581748627 -232.3993692460411
83.5745819787715 -330.7806901664604 -67.86778808157622
210.8128797807898 1.725749925296959 -157.8189627728337
244.0100625117637 -343.3932706932954 -118.4657072161991
136.783767658991 -414.2667165042022 -132.8456867158218
97.0675225925912 -146.8798047839338 -357.7570648997547
105.7799997811022 -310.4161881202064 -60.81564414491443
126.5175412034141 -332.8756796102372 -281.581997268104
230.4761587987451 -108.6221650071258 -111.3846024720273
137.0048815050843 -147.1069706943076 -271.1194758440342
143.7126165439651 -304.2344480803524 -286.9967979208849
260.5106632256127 -140.7389092374768 -91.31341884354381
212.7896631229874 -117.2530174561136 -268.2162113132888
29.14211927755374 -190.5037737044206 -137.005242385288
72.60957187093967 -170.4293567557502 -90.96197628819634
133.2112658780052 -204.8625168545044 -289.3232971121597
230.8061092485577 -209.4844304330505 -251.5818783920526
113.7435864223591 -173.1316126437005 -65.15535187339121
132.480199020761 -379.9485854116537 -45.39423706055313
231.9894007341655 -150.8832549948032 -93.95306779287046
68.53098634063082 -139.5143437449289 -214.7871460138186
262.9954349887643 -94.01100050202699 -248.5000926096325
260.3264939981924 -475.0759438294578 -218.1475535891695
27.35932684108598 -110.6971273022175 -318.3609095607991
74.32395079144369 -216.0048007263333 -287.2554450711643
132.4294958650594 -210.6027598728765 -135.7422504667357
220.336401397856 -451.3820322921541 -197.3807946102469
260.841114720224 -169.2197151996581 -249.7834601182465
135.2223164319395 -241.5201485266389 -204.9881020057904
29.10906815567906 -46.60029481087894 -56.83820388340559
27.52837254036189 -472.8214452084753 -80.1402552143647
199.4561133864356 -129.5720330946672 -214.6227725520653
262.0134891934437 -394.2362514694923 -117.3084246936491
94.07136221272212 -338.8894843340381 -89.21797602437393
263.3325546575174 -95.0501812324914 -113.6177685610278
190.7353023972468 64.79393695788576 -62.06001285291651
187.292190696814 -200.5974762526467 -242.4971786376714
26.75757766918594 -111.6664472136982 -252.0518669856117
160.8856777134623 67.06312947618088 -25.69361486211534
261.2429764222825 -300.2349354245324 -43.34831431675433
163.9555073689631 -330.6550060546861 -93.26424558848521
134.8403708824199 65.82490284307904 -165.7304871324735
65.13174100066024 -255.3375592284197 -282.8954112993987
177.4634186005785 -238.135540324415 -203.7108202803364
27.11657338912071 -80.20794681090337 -85.42769411481153
261.5360346874519 -339.6996933046099 -45.37642931623608
190.5450510108238 -366.3099322764174 -82.15781357028405
176.9726494136694 -189.6970640185212 -45.03660830572892
215.4128839076664 -83.5695866696155 -251.5618738983052
189.8339318413892 -87.51337031846218 -113.6010270809616
258.2988043674231 35.01136199669509 -46.51246413929967
198.1171780039122 -30.4823983952417 -25.74220165618137
227.0044951525122 -6.988473714133716 -28.27927463791596
112.3191726995029 -364.2497061897631 -254.3141436515098
165.7861850100911 -388.0949916820912 -114.6130318103832
228.3132671291136 -138.9025735218821 -45.19327962873338
133.1552971481264 31.25049459575475 -25.59075790425178
203.9628026595374 -392.9837857816752 -215.5408842481901
256.8569205506012 -39.51083603439518 -118.5348464893966
180.9787782325013 -273.225474235763 -129.7000504268631
263.3936063014314 -421.1616356021013 -252.591317584615
67.23233414804288 -416.8907332144669 -43.13374374746093
133.1891673298286 -116.5202674974109 -288.4633766267496
74.2944489906547 -259.4263209233861 -357.9097280151955
230.0616328364926 -420.0507941374399 -85.64175717183871
172.055274415792 65.3130537276585 -89.06637862478371
62.19932055839681 -284.5070348982402 -199.3152733849475
95.7521095207062 -292.4787047571755 -74.77428906728642
183.864464341074 -276.6284691843653 -234.2437109599831
101.7883987394212 -88.52285848512017 -256.5499682071793
131.8902278153701 -135.6538113795823 -219.1998888828242
28.0677893431408 -150.7757156493117 -316.4834802551019
59.45718771757477 -166.5365561633064 -142.2290287559732
63.70108659979864 -215.1062397198483 -110.2899617255116
183.3426970118049 -349.6547057925328 -225.0440547178541
234.3069415085589 -192.3470243473922 -90.56084521796039
256.2302809299491 -256.6329553806362 -132.3655643001084
26.77307164922824 -42.44636639638969 -28.23117948641433
228.8098942140868 -273.8898857844875 -106.4001017184679
179.152456186781 -220.5867003595544 -135.8073770518779
113.502654836036 -70.10637229611397 -308.3298341691437
124.8530985415091 -258.7066443802248 -278.587881860188
130.6843825324974 -202.8925266123594 -109.092897439332
87.31184438844782 -85.32186411633988 -288.0951605368899
98.57252716574112 -258.3460740386411 -344.4268736966786
59.8042977722726 -219.1994922205972 -247.3015042052402
213.7278657909459 -232.3064813787077 -73.0824019824512
177.3457553291128 -281.4186282327601 -96.6985634555179
28.34071056112796 -183.7124618544832 -77.41522581403694
68.51924171287574 3.936888821311776 -24.50536738732302
262.4019142640365 -247.6272505252551 -215.9425171257482
120.3855773937164 14.51711844506804 -255.9363789839102
167.4380813034248 37.96650415408075 -97.60838793474205
25.29998834600827 -292.5110339975474 -97.96609498773523
69.51971672253831 -333.4465126400262 -203.1189374015362
29.17933898497993 -375.82370603653 -119.3461855278612
150.9638459820823 -228.6369375440167 -265.764103637725
237.685611742837 -372.1975534288895 -79.20596015538257
179.3799021910211 -483.4605804041367 -221.5805736224619
50.14964437744518 -148.3111076507367 -85.89747816042488
164.7493711684753 -91.36026241973123 -44.85808411998526
132.0156620892315 -412.3871456419041 -99.98787196696348
233.5657196259188 -249.3780219006574 -251.367010107685
168.0380034580377 -128.4831149230337 -252.1597745670855
77.69562455554164 -464.7944886337027 -86.07078606894382
26.59692493230698 -157.7246570240264 -343.2667752031156
127.047521336749 -58.51319732137353 -245.3300817763223
26.12170701562239 -225.3995068039268 -52.10651386841914
27.55553332870893 31.92861175006158 -233.8336458134354
66.54961903951595 -403.782616578986 -77.49951291213058
53.55812711379625 -167.5691225061718 -43.9320552014167
159.5945860397876 -143.1034191593088 -41.97692075354817
221.5582551373143 -145.9452004761677 -213.9946331562745
24.39726164001147 -271.9932936246536 -271.6651677087648
176.9617344698546 -440.0444109049625 -116.813056221528
24.84006586158344 -68.78101371374871 -298.7631397121106
259.9038419802007 -80.35050410763547 -150.0895768380356
120.2707872875266 -26.27149681780848 -130.8480928873719
27.61521172290871 -197.7723044873956 -209.6896362325269
262.9791588175967 -33.44799578983343 -226.3579601672039
49.72859378650068 -195.4190960141233 -256.4218410723107
256.3670181769318 32.03497837238213 -162.3738069029635
144.6472307145982 -302.843042077738 -43.21694455019088
75.59928956223774 -10.71372880565478 -143.3043738206912
240.584101621783 10.61234543255809 -229.081690167897
62.90256893055069 -476.4151911359954 -43.17024286533221
210.7218058958904 -450.2235161555628 -151.3668851208135
264.4631721980455 -252.8504787418882 -106.1797747090117
25.60201015595712 -177.7635996911881 -272.1972938653848
37.94714832284208 66.79065431819571 -68.43893860936684
204.8047940652737 -178.05255663161 -116.8751189023908
151.444202736726 -120.4331739881729 -308.7139749602844
40.11979049926676 31.54120866274994 -159.0107626336351
199.4996581986967 -253.0536614317277 -44.55539161355665
82.67298465367416 -186.3983287187407 -284.5962621242211
188.6127340963673 -326.4126141362455 -43.03648433370151
148.7893382013854 -309.6856950755065 -83.47604548627677
263.3368803176355 -85.22932779952936 -43.70415700844079
55.36127198170834 -90.75880188715753 -354.5618368067246
24.61366595967937 -149.8409751302083 -244.7583480454163
131.0003273789835 -268.2431838143327 -236.9976663902553
62.74285474532704 67.20651588750245 -138.3097081881315
262.9306433794598 -32.26002711563984 -253.1099405589385
198.9485477937203 -353.1667322881847 -252.0339040611665
74.04914604405597 -152.3304570131524 -340.6393107289544
25.1700573176349 -100.2784046479398 -123.0172640169573
69.00517322787292 -59.35908901167542 -123.3454432840527
32.52732448300716 40.9325110363539 -264.6281106720869
183.3727346717376 -187.8952242489559 -293.5095859284962
161.5138268111338 -484.3734929762084 -199.2410704519019
131.6459508349234 -359.6630933324699 -227.7208694547282
217.3478896902257 48.44342018983376 -134.9045106086437
70.92737876529172 -299.5174835312773 -332.4900368669191
229.8391763225136 -306.385604899981 -44.36725189228389
165.3871543666251 -345.3225328055872 -45.14020210608864
23.27875859033935 -454.8997193233868 -253.5066765779264
23.89550393048405 -22.00805290681447 -83.09191911887517
198.5196952927642 -165.4250364022966 -279.770078862214
70.96896630854602 -487.4287825601477 -129.9271316124388
237.3568706360626 -11.15683774781867 -158.9580351977589
104.1929468941641 -251.5455611729831 -295.1529830305449
264.692787295271 -93.42748732840356 -80.29657157670431
24.0411073926123 -293.7769822965208 -203.0057940157227
264.8082441130275 -402.6314480873557 -220.9900326595438
27.387061823131 -402.7822132509156 -210.7833241806538
160.0951469496667 -421.2400491877676 -44.53173908851855
259.322102807378 -339.3347938939396 -252.5847703071132
233.0493145731567 66.75568207611258 -243.8117414083729
194.4047196084766 -174.4199198128267 -243.4797438932706
262.006532346908 -484.808471326552 -156.9400517242352
264.1005892032294 -348.14082500697 -216.0694880348868
57.7363020020586 64.83011294553464 -108.0088529313089
70.96676547803638 -63.52903764951533 -263.781085010205
222.5441381133448 1.683113829333742 -133.4837206690825
129.1912477232197 -486.0294230293717 -115.8694082235512
110.5488283729675 -249.2694597011604 -254.0685857108792
35.33030849206952 -135.8944361461973 -363.4964355220079
110.7437177933866 -43.25702257807067 -295.7723746653718
84.06501013994533 -31.2835972350672 -300.8803124442978
58.75639421902471 -344.77151509536 -302.5394815346754
219.1684236996495 -454.3668846232316 -72.06744566127826
215.5584338910365 -91.21917617506119 -150.9030257053972
95.45317047630465 -209.5301371970591 -331.1404718687587
193.8550621648408 -150.062613771292 -43.34807453900609
158.7703490467375 -26.13337165849921 -226.3435834093439
125.6652783757701 -163.7639140551592 -100.3766584261504
233.544948004566 -484.8196423864696 -88.54475758967359
201.7048129606383 -483.7921450477551 -115.0031321169951
218.4086764994069 -302.8835069423978 -228.7451563107545
25.59716888861748 -415.5215820594031 -44.67714813241231
131.2689108524877 -181.8201520525961 -141.6168868744726
117.3116059941402 -326.3962967438637 -257.0443332858517
49.24957403273876 -15.92352443502507 -25.47733893763872
262.827162188729 -126.2189967210076 -115.9535159163793
25.12792215849609 -454.698819652274 -103.2264304831114
264.321158833476 -442.7099212055119 -182.50077678012
39.56876796000511 -309.1030395291365 -44.19178449849133
154.1327268475992 -53.70580404929408 -274.3295354866316
160.8809927487762 -413.5340568889773 -159.9210551199946
158.4242681538857 -381.5328348847304 -189.3657909354741
165.9367824653926 -361.0147759127887 -87.40735657116718
53.49738691587564 -211.0181704168235 -362.0726268808391
96.60492959574719 -186.0294596214037 -366.7822039560385
174.9118473712321 -165.6940810704909 -211.2022695830942
153.8948675155182 -254.8765875782441 -270.6981141179225
26.14891585115357 -413.5133283607438 -93.60282255394924
178.504905594915 -319.9799029264481 -269.470872720259
22.23517422196926 -148.545609832142 -76.2713105752963
57.50874751196201 -386.7043804951253 -271.9806281283477
189.7664379121462 -454.6702667267659 -82.40862489987832
164.1321585430327 -388.3837042333398 -252.9154655114629
161.4621538397531 -484.6943075853034 -103.8569110813282
207.5149944183352 -201.9482102982284 -206.6143579726239
231.9403991876239 -446.4975506948813 -169.6689995607178
261.7325435111254 -306.5147504419733 -125.6288319130174
105.8232249141705 -102.2247985603698 -332.7536821203499
68.20692789411549 -219.4387090899282 -43.78620757014747
181.4010261511117 -8.722322014691793 -160.4608926596111
231.7499999999997 -402.2270831034673 -183.1971944256108
161.285799840492 -114.8619545150333 -148.5874202445917
224.0813380918209 -345.4608988557131 -247.0365074045023
63.8916265704413 -267.1521103905951 -232.6851436722112
201.646248784658 -115.3840768733171 -114.7325130487789
163.2644580574349 67.65140780262104 -56.10445178817447
261.3969840557318 -219.6527649408442 -250.4266208982801
68.51902971465508 -86.50460104874303 -105.8854429646929
137.4254020554017 -328.919894796023 -43.14743954979902
130.8504698566678 -106.0874789755241 -126.9349081125281
256.0355884943799 66.77636349002819 -137.9063408333685
25.57208560232569 -372.7811372963705 -188.7017056632694
130.2092518078199 -451.0094487983307 -211.265555121135
126.9371464914152 9.5973793499055 -54.89030619946261
164.5598834153467 -367.6076532296341 -219.3254783102654
195.6389976215721 -279.866149831717 -269.8580547802619
132.1802962745586 -368.9089185002568 -120.6367047067027
234.3167835629075 -394.4583384665625 -95.27867315916599
183.6325115080385 -369.6748042505486 -42.94673309546828
263.6297038221762 -368.8574715695128 -84.79988250481273
218.4362794735013 8.268880786399819 -55.52291729674127
210.3905002074836 39.48299764742896 -24.50646669676179
236.7087991792459 -29.62204707447038 -225.0805403027974
106.754423308335 -333.2887577376146 -65.72367208767425
193.6891158293815 -2.797969676784453 -108.9160814768429
195.8130341011671 -298.7987898805355 -128.3994138275177
82.26977124527066 -432.8363635292336 -66.76814745505432
26.04282603260126 -6.969240966865359 -124.4238310170349
266.443128982073 7.95016974422807 -245.5011152990913
74.27301128145984 43.27692457476983 -135.7116657150856
71.21671179585181 -50.27035616297858 -24.13596603084401
185.9041425091333 -145.8204955798577 -101.2547341377115
23.54266869551872 -54.2418493901898 -251.9824628061456
24.23299269676526 -56.36814970778077 -108.2455650526284
172.4074041928607 -38.82773332995117 -25.27156832750973
103.142195116619 -142.6687390399203 -316.9440318896709
120.0937097773219 -10.55783109747189 -109.585028414816
190.3211559043102 -245.0847101112103 -279.6734647927589
69.88854476985472 -344.1121998804663 -227.1802166839832
236.6033890376658 -30.79636694832034 -251.4728952764584
209.3284145339227 -390.3814006546714 -251.3012755699412
25.41027594286407 -84.50917729346656 -319.8364517613124
215.8361256920625 -144.0906279089226 -73.70257136929476
182.9075386384635 -227.5845056010697 -109.5881247818188
192.023893000299 -314.8708503658493 -225.0381387045364
38.40589224978261 -230.5830363130473 -324.4390826105453
174.4519864335045 -274.3625629826749 -284.469575151099
68.96504944434533 -114.5005699927949 -148.6200866678086
226.6163304904187 -376.8178684489914 -121.1583749864543
96.17277643796068 -12.85157775712738 -282.7872531121382
134.0285501676985 -63.29666771732188 -67.50460151010206
129.264088979814 -419.6381317896953 -70.43695054297193
160.1090598013262 -323.3491265261596 -242.8084627790261
194.980211564221 -253.7665194722081 -111.6859078868496
23.32668916512386 -128.8278746417799 -45.97983773806446
47.32348151900543 13.23592869741898 -122.5667292530298
134.7785423514833 -415.2694776339749 -172.3919006414506
26.33544013459722 -304.6116119913314 -307.4278520725565
22.54425773114142 -281.6215954024056 -321.8161332322524
25.78724577047711 -109.9613957587111 -75.07508841178941
235.756124892472 -372.6860724245531 -253.3016866777777
207.2637968803206 -54.88314345199426 -152.5373149774709
22.91500556687118 -292.3724864018907 -124.6780549064101
74.59182301191977 -191.2448536575023 -111.8947211131238
214.3465400266296 66.93749632423835 -25.02480993734428
265.3831826650189 37.52584514799123 -97.55244076720146
52.34638294401655 -303.1630486449436 -262.7651680941264
150.670533055028 -176.9368583806145 -277.902537445038
99.79999999999885 -406.5937622357523 -251.0758540866964
21.47421577274011 -145.5777047485259 -114.175714402225
226.5444599341905 -56.16164025580301 -252.0561852246009
265.5644051970644 -0.3276539442006694 -84.79638797414344
28.13799490720232 -258.7506493343 -200.0637955278623
73.28321137917015 -109.9313187120108 -318.2879858394224
177.5056330555672 -211.8115511636872 -204.1477225502122
213.0498779325723 -93.69681274991159 -123.9467817146065
70.95807439922712 -372.2263427076639 -41.72391934764796
55.73198764523941 -83.5568342997492 -310.3027324499336
213.531732610825 -208.522975409105 -272.3245301633389
201.2077951885073 -486.4120086994928 -42.9238435892516
132.1073049572387 -240.2179039381444 -100.0945436665408
23.82009778308492 -304.5637345090344 -260.6909649515677
190.0651851820812 -185.4773791059515 -81.5928547359448
139.6281463779774 -9.162730436521063 -269.8582232064919
219.8518515844289 -221.3809084071675 -231.0926074632405
117.4370869089183 50.16278642575596 -86.38120670044236
131.834954613804 -162.5063993514644 -41.47420915717523
97.4873291986094 -204.0091286870873 -255.543774971592
105.4646788513923 42.32243616390572 -128.3203043568817
23.95169307433996 -189.0189351912665 -108.0075057058094
24.00392989036293 -230.6500072797608 -274.1320955427524
131.5832422195315 -171.8878712840747 -229.3133960316325
64.0682249642789 -349.7843723026743 -121.4898923122067
66.79849672656165 -15.34582815754073 -95.59116738200942
209.1197321269844 -44.24479241574268 -68.01238574142344
193.6168282375153 -344.5740576626872 -194.9840457917529
192.9146669189611 -336.6154655751464 -125.3580253663216
211.7717631906514 -452.163150171604 -227.1921861685246
131.5739663618731 -456.8677792776186 -107.3751768878434
124.5943677042031 -289.4090394037043 -66.81870692511613
184.4160716522098 -68.36367146671975 -59.70884575763925
265.9952622305143 -57.94463267959445 -101.8484214925883
202.8463702658815 -110.2707327718665 -73.12528252197168
264.1417144777532 -361.2819141675204 -122.0841296898303
228.2021282353113 -484.3890514074147 -130.955987754269
147.1741417623418 38.35087790532659 -65.35328329845606
265.9124208333789 -329.4836631725109 -113.1022797450487
244.8139697951258 -74.77343316375033 -252.9966727029705
254.6499999999998 -408.8739800903446 -139.4887502633144
122.72861470065 -255.3371275354733 -327.4479793196788
258.4357234997281 21.29802647837261 -23.22352088826492
230.8757369313978 -229.3434379458203 -92.31768299329786
264.8774137691693 -117.8581340418533 -71.91333420531446
77.89250866135278 -142.9483610156605 -373.876833694579
231.402973527543 20.02049424366295 -252.5643323015448
193.8710881874146 -144.6986242102011 -244.1234030056072
129.2073854501759 -205.7688385528043 -66.27707634145595
210.3493372131608 -69.84614456780082 -26.91079854560458
69.37491315628716 -386.7653260905515 -188.6622961060985
48.93299814393603 -125.8708560559446 -43.50327956772576
232.7460260314058 -326.4541439766423 -193.2965785416087
108.6787839521461 -147.0840022238144 -125.3411954061974
131.970307144937 -339.9846091049354 -122.8902455530141
69.86239131451603 -318.8428245029007 -232.6919815377707
24.3835956638587 -57.7606625424111 -339.6852696541464
129.9638849654007 -105.3637657251955 -53.96412739901221
228.2823522835628 -320.9153481384972 -126.7632630479368
52.11896795481033 -10.84177628423341 -158.0560433860767
216.1681878360693 -366.7698861846537 -65.95186994831167
109.8123067581576 -172.8209097972842 -279.3803913785296
121.0859953997376 -292.9915315764213 -278.0502132689259
237.449099591981 -487.4110033817291 -221.2058893056655
48.58336848172733 -312.3653875273033 -334.044596875864
23.86693904116278 -322.1186671931903 -331.0590932503569
57.30424558579236 -91.14819022971017 -273.1985610332483
233.913274441993 -177.3809676184464 -243.0220931936361
158.8524499795517 -271.0542358335123 -197.7404209826147
264.147598206307 -453.2125887964464 -138.7873791373955
255.1193937147039 -342.1884718654549 -191.020323148801
130.0427236963554 -68.77956256081218 -28.59286448699609
74.57807718606747 -123.8787241461305 -279.8495741131546
110.394160482047 -27.65295739640425 -72.0514365245278
145.8832755486623 -118.2081798824366 -264.1925876834518
157.5260589065152 -39.21437723470402 -114.9420383260139
194.2118862973721 -266.1424354368259 -84.69149185948766
21.54026446155578 -488.2239304561022 -159.8248963348296
232.3929187004297 -405.6754530449751 -43.19960667641898
238.8639645517861 21.25923370981143 -88.01032600907877
197.737868014574 -293.921578164705 -41.29457955642206
67.54199232812834 -455.7095794104658 -253.9188060273403
177.0660668910742 66.90181050444386 -136.4388939632071
89.85782850541825 -294.5350051053287 -286.3238032720579
67.98403618181285 -326.1034145368953 -316.9998827468369
101.7142112308179 -321.4520469535592 -304.2977071841954
171.6568655673237 42.88693081650011 -23.18131327139954
23.34955862147622 -268.2068287616497 -377.4043826109332
129.9446476098191 -270.6439710254581 -110.3325110277544
204.3103728505738 -451.8794319207663 -253.7610662827845
186.6990684490527 -62.80579958284442 -107.2550054962385
203.19403520556 -15.65796160732473 -226.2620107879905
265.4037658837727 -157.8328199542971 -72.81669676967468
150.1841788399454 -458.3147959448909 -49.53061494498283
233.5419071944858 -454.4523149439974 -42.92632761991666
214.6730742444022 67.61119486842541 -52.70942656867824
87.9362825237267 -272.3031602051635 -252.6616774482263
23.91804053061407 -225.6944977631065 -106.5283874031862
152.8412332443478 -271.4394931079333 -132.89667220647
200.4714333048085 -55.78022809955303 -218.141360793441
232.4582462280224 -366.7187430898941 -217.1517020000846
195.03676147158 -407.109002737053 -134.0133991984188
231.7692874001958 -110.1647646189751 -252.730063163012
197.8408840758882 -175.2686943557961 -41.95009852303836
155.4223891325524 -283.1087525580253 -220.0116575416311
266.0171996822776 -424.4625968271649 -200.5170460352081
108.5389441775038 -431.6115607028297 -86.66622126600208
72.65555896248208 -189.8819259244174 -374.2646517686021
149.8194746106473 -478.1341323650116 -69.82334502794733
118.6912335824292 -167.8806790540743 -348.3141309162026
130.7070290840833 4.960774034758495 -229.1275356439861
135.3248625036796 -35.04712886890352 -254.0368148891579
267.1502882833073 -321.886570131042 -194.1555933062278
154.0911335012551 -452.648992230746 -143.5932185847293
50.78992476285904 -38.24069945632684 -267.9121850835774
171.6023686446282 -285.0950119812441 -71.55154900386744
82.27570089031256 -118.5174585212169 -360.7912777818619
22.77947194433546 -97.59596423395934 -214.7393336539253
185.011779608304 -459.4031774941232 -175.9800478674552
206.3143122513382 -166.2062756359193 -143.6227745578619
52.06088887212132 -382.3723857318243 -75.61617127534605
265.7648375519274 -28.15640533966463 -24.71843488047099
264.1662922825621 -364.5528616689153 -252.4615836741445
228.2657227019396 -484.836148700234 -182.8265428578059
46.33447966953701 -330.2652591102977 -193.1064601767807
55.12651878218112 -345.1015642003508 -272.7276995384616
103.1661225284841 -209.9537516814545 -360.6353251714813
22.84094058025468 38.72453186252398 -133.9244520690312
157.2311690965296 -117.2617417152867 -88.50091724020744
23.44093457311066 -199.1789004471584 -237.0637558679157
164.8504599413012 32.13999413533563 -232.3404246248625
104.2042696306369 -110.8953760354795 -254.3500115099425
51.96106322055122 -67.5916264212005 -25.25551015459344
68.90542594962058 69.71562350335562 -53.81756884485112
237.0776628705405 -196.8323355586618 -141.1063092456932
66.32370718563907 -283.6027019866226 -112.4038778363361
51.64992057594436 -121.6297923658761 -378.087232271135
71.36245812699205 -456.4297148452703 -198.176504084715
159.9370466658492 -429.2460731513675 -68.63916782998101
133.8470803158668 1.436431177189419 -162.8386431328325
30.69756615146859 -364.7791796747946 -212.250301571746
71.53646172176732 -263.9448527757831 -63.22159823958323
52.82557335220466 2.483178343310517 -81.87079274932073
265.8873408367761 -428.2331206433787 -100.8918510240747
58.62499999999921 -406.918562801698 -178.249273249861
267.0735639859207 1.959694877470417 -125.1786543188219
197.4086579161638 -488.0254483031002 -255.9481657914824
22.85625208206898 -353.7853572017731 -69.82826535303285
72.1185674154917 -412.5200399813506 -229.1215953912818
143.6781708175519 -57.66907382862559 -224.8455951575576
68.3418667777932 68.96213842911456 -169.0824311804334
24.51024379151084 -403.94889363273 -238.0512435992058
74.68101424412529 -408.4509878275722 -258.1028726332192
128.6128747274596 -313.4109175048655 -128.9748970257183
222.3861260989752 -278.6678234516177 -222.4124539646515
70.42906191381773 -242.4256299779722 -110.7833301178879
182.0017988567312 39.45462047019885 -166.1407270114327
155.3109572327803 -365.1429617664658 -257.7950906132263
128.8872026598387 -458.1213888446352 -184.1783913331367
129.6894429920013 -414.3943123843645 -40.22600306270171
41.50084707025876 -130.9750427088022 -244.914718323281
236.0570948978217 -169.1506853385221 -41.01259143223579
150.5623320982403 -20.36160643097237 -21.78672548292637
54.0933997391716 -164.4194350417424 -210.5622340051003
48.04334697309658 -260.1598214038495 -377.8354547464793
70.95430370084108 -124.2901330989638 -64.8734690013759
163.3612892459715 -218.3274838948542 -74.38818816658279
218.3099697762724 -151.1121893490688 -115.2007608689553
47.16421905097228 -363.9075198328935 -37.7374874730621
118.2835244066924 26.89342418259952 -96.18841463001606
181.2520976172892 -409.8157485594958 -81.4410517759384
226.7722377643614 -333.8909861676692 -102.6303035690621
240.1440450959728 -462.2761163175738 -254.0138040722795
265.9948335927968 -219.8816782960629 -71.56411455041807
238.0177854833913 -331.9177081421377 -40.46845185662904
87.79185789729794 -342.4950224512958 -251.7956912210133
54.00113807534746 -71.91185568622728 -223.8706492948099
160.0837252365322 -119.8096210908107 -115.9312946688921
195.9774920646146 -28.02448101047122 -253.696950534596
192.3830706202325 -108.3997357103445 -149.8499589386899
75.24738626844179 -32.10960866330283 -129.9367768894431
235.7175562355544 -57.95251831416137 -87.42316871399166
22.34515423597858 -207.5887160312582 -303.3596981682674
197.4873340971429 -125.1458920072679 -41.79917383157144
235.688939966435 31.92699508903102 -25.66151363878012
81.13717126024828 -308.4859891944893 -56.68447003810374
213.3450659306676 -33.63334704813622 -123.4438443582177
159.283725344478 -83.2450980607812 -71.14455551710724
21.91410362753137 -31.19883037984022 -131.6042122524321
155.6451442936117 -329.9561566032885 -193.642126065072
108.2734845397013 -456.2297128247105 -57.68113355975196
108.24045937545 -434.6066087178222 -64.15887878600942
219.635958147429 -296.3900330150754 -99.73502281457441
236.2590506959775 -29.8531732952674 -107.7045297097339
153.5825921331463 -79.33693567522268 -97.61308559760977
228.1200178153272 -302.1767203351708 -251.9687670969396
239.5028849097978 -214.4425472962779 -40.88691473452996
224.6712203415446 -328.5315683787465 -63.00269231267444
22.9014880763553 -487.7912561425148 -41.42918015972556
78.43960795744914 -247.9004853017505 -326.5067487388484
246.5063941865025 -251.5568125863615 -43.57005317227065
109.9581904051619 -201.3423755644137 -298.8333353838976
263.6064009837916 -372.606844532538 -223.3163153757489
235.0717268803245 -444.4837232717605 -88.85426651352819
22.02895175775732 -81.73212246438749 -59.23266752532539
155.9890630699406 3.48059530945077 -226.8771115171787
160.7576403278089 -236.139947272903 -41.92866553979187
45.62695830440494 -413.060788355165 -135.6244815054877
266.0687137412821 -475.1987117505549 -75.38676418112072
155.741105566851 -242.5279593296829 -241.7301827561373
206.9728118065011 -423.3392777470784 -118.6892422927535
71.89846085435377 -458.3426226969297 -224.0794265637417
160.9438363503799 -1.342034620316124 -92.08016715429098
235.3910698917262 -109.360860343957 -150.1696304002837
168.7037953478848 -182.8453052165924 -117.69439705962
71.55220657505008 -200.8345802885896 -235.141223974823
201.63139164007 -244.3533678194225 -201.4007962237419
246.1535503149122 -342.6505464060112 -68.99767148678815
146.6729938649291 -15.69295378283055 -124.9437411466062
234.3088806050534 -75.45094794674885 -115.7473482195814
142.1453867362648 -149.4630216507801 -146.8762154599455
128.6224981740489 -8.312010137057404 -21.40556413149542
196.130640025387 -71.52105276940807 -264.8531848611475
263.2029883929454 -323.6612862087705 -233.4610749186541
266.4378789523374 -300.0646423262362 -222.8862094591615
108.6985298368695 -469.5153743713234 -86.48403050028443
108.1975418911597 -450.6233563424776 -98.66573547995455
238.3871289159004 65.89251950654207 -169.4894682130751
130.5425473506514 -282.1884714735698 -43.61961045286459
21.54096552541571 27.25651327650157 -86.51432562326413
262.8368945454057 -146.7330315106778 -239.0309816503071
240.5931837702661 -413.4376230987284 -209.5170243466541
132.7682917945285 -113.9873051960242 -150.8379071293274
70.60599246310602 -284.0892381995457 -311.7729858215968
266.8739339330063 -329.0013787446771 -73.52950807301521
71.64312952092399 -363.1024286044818 -64.75464630721781
182.4070934779349 42.8887253535679 -122.1589595439124
49.42534849263743 -455.6277648078751 -40.44924259544342
233.6380968269959 -98.60286386059103 -39.6238462122876
22.5307505849883 -206.6204588882155 -68.57347703216718
46.5295926928687 -282.5928982119226 -87.96177546650796
129.8641489725728 -360.5056687929931 -94.34644825371673
220.8996747180848 40.39239530776118 -92.17407801300671
218.8538593955683 -187.0575719273532 -71.78170246326474
28.48916209225544 -108.4257585603575 -150.9426250132076
267.7839373717602 68.76259826963883 -111.2744876592281
186.4158457257475 -399.4562376437186 -255.7712712036685
75.88397095744594 -176.1902553615714 -64.2860973952458
121.1501525107189 -189.7733078563433 -252.7309914334885
43.31774129000188 -451.7341169447965 -66.24897100611437
267.0144936753069 -208.0841766679013 -114.4256828870864
193.918864210488 -211.8993937843481 -40.45406454851889
258.8388211531789 -181.1655436141282 -40.59326237274438
42.56366642527465 -212.0729941951368 -39.58274385176298
187.4097446344966 -238.9136756908214 -254.99765875434
24.15707902076102 -194.9830611471299 -345.2019692152954
153.9130214853746 -242.8452146891796 -310.6378728083749
162.7789193998775 -452.4854012086055 -253.4663838187147
84.11153410434778 24.11268065578312 -103.0729635488143
50.86812592829334 -165.1617492511393 -115.6685281861132
67.03452154472242 -457.1170771614422 -107.0711439367854
21.87110244968587 -327.5805887116981 -230.7664189162868
155.5162426820054 -292.6072910161449 -100.1001730032103
129.4336557776504 -89.40563834548166 -153.2887529721497
72.99189314864685 -86.94731612658896 -63.11479627257904
265.4627360456314 42.97116378858502 -73.33409229606491
165.7156550606708 -92.40675324545153 -116.2421014345907
40.35710880028917 -20.53667132747434 -306.9994408322067
169.1375297095887 -206.9427706989582 -226.9225577208727
124.2569366090549 -312.2750329509584 -87.70333004535298
51.42980463158807 -213.7646218198386 -296.3728550323896
126.5191851567936 -352.6606910320982 -70.14163850273616
71.20255959251216 -323.5823133937331 -40.02885527770044
144.3531964713719 -9.938560849987192 -63.62007994128085
104.3149944969264 -127.4578263794314 -101.1278937592299
48.45525846716232 -109.7471901024007 -214.1936928536031
35.90286413956612 -121.2012076073847 -115.4186674830195
172.1537680891558 -335.2695731063953 -70.4160982551852
153.3742548748963 -310.2583799539542 -130.3434592982736
266.3079111128104 -240.5386432735885 -238.909409024438
168.9019799640139 -158.6884524602779 -78.71694739882541
42.374025687501 -48.11449465203896 -223.2312045063591
172.298765269049 -177.2091804848982 -232.8716048935131
159.9736641455842 -20.99201195952708 -161.7170573802013
267.6257359737714 -22.8699502838553 -153.2823531798316
190.6673144930402 33.40046836034142 -81.44070871024961
25.33196134966655 -457.1688733260227 -229.037982766949
200.1572983817014 -427.180997746736 -254.6533901858049
266.2553852120938 -381.0700654027551 -186.3749766449967
23.28222963302744 -342.0681762026966 -308.8833057884358
161.3465554275444 -150.365987792749 -269.44736787411
104.4186599396554 -118.2323419205193 -314.1070917784839
197.7653421537951 8.340328920587169 -225.8660229117604
156.2039405023849 -74.53348259639465 -155.1323543890647
183.5116392803811 -320.0852234975184 -103.8019245988175
155.3169525911894 -329.1197367065395 -218.2232334054608
127.5793402102581 -244.8899079376973 -67.23525981401563
219.203933701624 22.90844440803895 -227.6764603549896
175.5214497864889 7.409321169160867 -135.0431894181912
196.3264052097981 4.7612573097745 -252.6288130656372
21.52005046645297 -425.2002816513103 -128.3596493866863
176.9421765607392 -111.0413766466826 -68.90584545439125
114.2183507858338 -148.881735417383 -61.76059469400428
142.3552777441597 -285.8983962873795 -305.3411227624135
179.1947370033039 -140.4076816086854 -292.7516331300913
20.74691769110397 59.35344117064364 -52.09141532372355
155.7298397761858 -179.0371058974403 -143.1203011919695
183.4683273179877 -459.3276802917104 -223.5038050970757
76.37940190069679 26.70166095514609 -249.6716922906153
67.73665818900993 42.16476337340557 -230.8113670181737
138.5209657059463 -189.5357744120713 -335.6623511981749
238.033318705313 67.96168435575146 -73.27670337873316
267.6401396638587 -67.19098145861679 -247.910873285108
61.44517505756933 -341.446500998563 -70.09624737407573
47.29869349134124 -184.2099222334138 -92.96509753710622
22.63619311590915 -317.2839538703057 -96.94913144106978
128.0311670354249 -395.6024842817214 -121.5684779051962
22.11417221816911 -451.8911986649845 -194.888770459421
195.0735658574343 -254.0321896157656 -136.5080628894145
69.68415517987525 -275.5600213928091 -269.8310496096856
232.057731836832 7.587019529958638 -107.1679095444041
144.9058099452064 43.55624659301291 -163.9861363053413
46.58956522453364 -339.1646427769387 -237.8986712263022
23.89557575327025 -277.09001397362 -68.69766630771566
35.70489705076668 -146.7270456162194 -211.517225732359
75.59572557009231 33.11950471233681 -274.2344223264009
213.5830058868463 -488.6386877920263 -227.8712313936422
20.36674462007368 -46.72003083696963 -230.3097495276798
22.97034627155127 -104.0583183799141 -341.5803035428885
185.2355264927803 -79.82307447911005 -38.11584673242625
267.5117091480708 -450.5442159796168 -71.92194504242266
177.8715280887324 -211.5867166414954 -298.7749165313534
211.0798807547903 -487.8451080744887 -65.23683358615078
81.46164289303832 -316.7154888423112 -280.4363978863888
54.50529125778598 39.37387064122724 -274.2362567017647
22.87775903354817 -6.98084081389092 -254.5600070462704
191.8006449233468 -200.8729589002382 -142.7077107875803
155.2849015868547 -488.7543831617874 -222.7343211159245
202.2744124960142 -52.34379714074509 -251.0551901153707
46.80752339118941 -88.7410236683133 -42.08422313079183
75.86703924372001 -41.03988412245356 -88.13205222610532
183.2967363289414 -306.1627914104951 -61.60819490447781
71.46771609415384 -460.5329519368532 -143.059862166505
72.51733516303604 -93.74919160250541 -134.8100913635337
93.46986756586807 -35.81317396951248 -115.2522115100196
150.8607203802653 -111.1415488046219 -41.69952321801733
35.17499999999947 -394.1519046423023 -183.0922333534466
100.4574870410518 -373.4053345028456 -273.9275240069232
184.1570292847769 -111.6317867856723 -245.0889216760742
48.51695785855935 -55.09480295683753 -299.1367828805134
127.6991693360585 -353.5673693300093 -189.403426592222
47.27585875997973 -327.7799229518226 -99.46004590507742
47.03296193213496 26.14325057709846 -60.96629316711996
146.963325257594 41.68541906304539 -115.5572188220182
158.2339906127856 -91.6032585336048 -217.2522474761832
48.89602739373491 48.66936100206727 -24.22982699007009
244.49927315925 -295.2773553884798 -60.2387903907392
163.3527963976177 3.209153890078746 -48.24588496811137
234.761848549068 -246.4290515126193 -137.8569107349416
74.02869632488492 -184.3539410505713 -142.6778510205813
90.6683494285619 -438.3530160531494 -96.54232122431112
21.73669012507452 -212.2083973943797 -326.9932514879364
204.1111567113303 -430.8381415051824 -67.75391935949867
73.24063810888808 -49.10659846325207 -288.4702277730156
159.578273838231 -161.4139208762109 -110.8940568679287
190.2237340539511 70.39975441979723 -164.0530504349528
192.2467851249904 47.47560338070743 -231.1276212006496
216.8557838026126 -140.7093756809032 -272.5520660765891
234.0778246665341 -70.25242769607922 -23.57728201745438
42.37590419795914 -306.3531491379868 -193.3520440594744
156.8609588956759 -78.35422876660613 -246.5972055917915
180.8920940952128 23.3856799902412 -61.67103034480369
51.99031084827882 -125.104678053165 -92.57784292059382
95.03391265439348 -261.4728896585859 -315.2494522258156
234.8936093774298 -340.9745891408028 -219.0781008094271
48.78967686207735 -307.0071721236493 -298.7202310850993
202.2508616086706 -84.76894929477446 -76.68727491597966
72.69515819312019 -25.19892944043078 -26.65785767744193
24.41024543979297 -230.2262791543664 -235.4062142315272
21.58253065755219 -250.1511973892754 -107.7344012024346
123.7389107276543 -118.4828231357724 -332.909525070063
235.2425746089783 -275.3616578101792 -134.6077319469355
93.95724732370266 -162.2681171646082 -129.1499304477753
127.0056086199096 -456.079931036668 -38.04889789503723
21.4348429182285 -317.0400229518103 -58.74810061678191
46.54842869364417 -485.6597806870967 -87.70200420953121
23.29260542578796 -356.9805854225052 -43.35009358069322
229.3874503764809 -165.1466771797371 -74.62835682188951
41.78322786428414 -38.83561955158508 -322.7074017451699
72.44479870662175 -292.4002642625516 -133.7958669417611
153.5652066803384 25.71294299094706 -45.80228065294861
155.7137878924877 -47.71482115594762 -157.6086604142565
25.5113256193327 -76.16190273026572 -122.004931063852
126.876326705968 -304.4264838006112 -221.4653835363803
88.7990374812501 52.92972316961829 -85.37412408557901
168.2298445256494 -488.2799043138267 -176.3552066397918
120.2920141229845 -26.04327664202807 -281.9168701204306
54.52300239852259 -55.16228243370477 -157.8338605182039
195.8592277295187 70.05044477427423 -88.35335596372241
244.1948282620226 -323.4593307212239 -83.45449298328468
158.3309874261814 -232.8225759558914 -138.6630605254137
265.2864803491399 -486.7532871600586 -182.3454363126366
267.18844575485 -23.77939517546932 -79.36319434519628
68.68396900951716 -386.6672722048569 -94.31030241878207
104.0092620661259 33.41879884263487 -64.15146163227719
114.8472542135693 23.25953098373793 -139.6388000398614
48.30596693884669 -152.8385654614474 -303.6128471953094
72.59886247484177 -439.9073307473321 -39.34752799934734
37.05880601480408 -301.7722030709927 -221.5960578578962
54.45898538936659 -409.7829952518802 -274.2387347641162
241.3211662427114 -74.87279153372543 -51.28930907130763
211.6396212561733 -488.4883986102228 -158.8652533625993
230.2308325551052 -279.2611367203226 -196.8082137068736
24.97771397292732 -348.3312914625308 -123.7092353978187
189.4373768248039 -424.3613108838872 -195.337015454537
23.38732748787262 -62.56083884737333 -155.320296954196
266.6976812131219 -268.3441238895454 -72.56058352800676
187.4793622029127 -251.1773549508537 -67.1276658733068
40.60344305065342 -281.6696046637838 -193.9077114796533
170.9021179221057 34.28556282576228 -256.4809580705256
129.868052889671 34.9712959755752 -49.07179130917201
$EndNodes
$Elements
39 25557 1 25557
2 1 2 8
1 2 1 863 
2 1 82 863 
3 83 2 863 
4 3 4 864 
5 82 3 864 
6 4 83 864 
7 82 83 863 
8 83 82 864 
2 2 2 173
9 83 914 2 
10 2 914 84 
11 4 868 83 
12 105 912 4 
13 4 871 868 
14 4 872 871 
15 4 912 872 
16 86 915 5 
17 5 915 134 
18 6 918 87 
19 106 878 6 
20 6 906 128 
21 128 918 6 
22 878 906 6 
23 7 910 106 
24 107 910 7 
25 8 919 107 
26 109 919 8 
27 9 906 108 
28 129 906 9 
29 11 130 10 
30 10 874 110 
31 130 875 10 
32 10 875 874 
33 12 911 133 
34 137 911 12 
35 868 914 83 
36 84 897 85 
37 84 914 897 
38 85 870 86 
39 85 897 870 
40 870 915 86 
41 87 913 88 
42 87 918 913 
43 88 905 89 
44 88 913 905 
45 89 902 90 
46 89 905 902 
47 90 898 91 
48 90 902 898 
49 91 893 92 
50 91 898 893 
51 92 888 93 
52 92 893 888 
53 93 891 94 
54 888 891 93 
55 94 880 95 
56 94 891 880 
57 95 887 96 
58 880 887 95 
59 96 916 97 
60 887 916 96 
61 97 885 98 
62 97 916 885 
63 98 904 99 
64 885 904 98 
65 99 883 100 
66 99 904 883 
67 100 896 101 
68 883 896 100 
69 101 889 102 
70 101 896 889 
71 102 869 103 
72 102 889 869 
73 103 899 104 
74 869 899 103 
75 104 866 105 
76 104 899 866 
77 866 912 105 
78 106 910 878 
79 107 919 910 
80 108 878 109 
81 108 906 878 
82 878 919 109 
83 110 917 111 
84 874 917 110 
85 111 886 112 
86 111 917 886 
87 112 892 113 
88 886 892 112 
89 113 873 114 
90 113 892 873 
91 114 900 115 
92 873 900 114 
93 115 876 116 
94 115 900 876 
95 116 908 117 
96 876 908 116 
97 117 877 118 
98 117 908 877 
99 118 887 119 
100 877 887 118 
101 119 880 120 
102 119 887 880 
103 120 891 121 
104 880 891 120 
105 121 888 122 
106 121 891 888 
107 122 893 123 
108 888 893 122 
109 123 898 124 
110 893 898 123 
111 124 902 125 
112 898 902 124 
113 125 905 126 
114 902 905 125 
115 126 913 127 
116 905 913 126 
117 127 918 128 
118 913 918 127 
119 128 906 129 
120 131 884 130 
121 130 884 875 
122 132 867 131 
123 867 884 131 
124 133 901 132 
125 132 901 867 
126 133 911 901 
127 134 894 135 
128 134 915 894 
129 135 865 136 
130 135 894 865 
131 136 882 137 
132 865 882 136 
133 882 911 137 
134 879 881 865 
135 865 894 879 
136 881 882 865 
137 899 907 866 
138 866 907 903 
139 903 912 866 
140 867 895 884 
141 867 909 895 
142 901 909 867 
143 871 879 868 
144 879 897 868 
145 897 914 868 
146 869 889 886 
147 886 890 869 
148 890 899 869 
149 879 894 870 
150 870 897 879 
151 894 915 870 
152 872 895 871 
153 871 881 879 
154 871 895 881 
155 884 895 872 
156 872 903 884 
157 872 912 903 
158 873 896 883 
159 883 900 873 
160 892 896 873 
161 875 907 874 
162 907 917 874 
163 884 903 875 
164 903 907 875 
165 876 900 883 
166 883 904 876 
167 876 904 885 
168 885 908 876 
169 877 908 885 
170 885 916 877 
171 877 916 887 
172 910 919 878 
173 881 909 882 
174 895 909 881 
175 882 909 901 
176 901 911 882 
177 889 892 886 
178 886 917 890 
179 889 896 892 
180 890 907 899 
181 890 917 907 
2 3 2 8
182 6 14 920 
183 106 6 920 
184 13 7 921 
185 7 106 921 
186 138 13 921 
187 14 138 920 
188 138 106 920 
189 106 138 921 
2 4 2 80
190 4 3 922 
191 3 139 922 
192 105 4 922 
193 14 6 923 
194 6 87 923 
195 157 14 923 
196 87 88 924 
197 87 157 923 
198 157 87 924 
199 88 89 933 
200 88 156 924 
201 156 88 933 
202 89 90 937 
203 89 155 933 
204 155 89 937 
205 90 91 939 
206 90 154 937 
207 154 90 939 
208 91 92 936 
209 153 91 936 
210 91 153 939 
211 92 93 934 
212 152 92 934 
213 92 152 936 
214 93 94 928 
215 151 93 928 
216 93 151 934 
217 94 95 929 
218 94 150 928 
219 150 94 929 
220 95 96 925 
221 149 95 925 
222 95 149 929 
223 96 97 926 
224 96 148 925 
225 148 96 926 
226 97 98 930 
227 97 147 926 
228 147 97 930 
229 98 99 931 
230 98 146 930 
231 146 98 931 
232 99 100 935 
233 99 145 931 
234 145 99 935 
235 100 101 938 
236 100 144 935 
237 144 100 938 
238 101 102 940 
239 101 143 938 
240 143 101 940 
241 102 103 941 
242 102 142 940 
243 142 102 941 
244 103 104 932 
245 141 103 932 
246 103 141 941 
247 104 105 927 
248 140 104 927 
249 104 140 932 
250 139 105 922 
251 105 139 927 
252 139 140 927 
253 140 141 932 
254 141 142 941 
255 142 143 940 
256 143 144 938 
257 144 145 935 
258 145 146 931 
259 146 147 930 
260 147 148 926 
261 148 149 925 
262 149 150 929 
263 150 151 928 
264 151 152 934 
265 152 153 936 
266 153 154 939 
267 154 155 937 
268 155 156 933 
269 156 157 924 
2 5 2 20
270 11 16 946 
271 130 11 946 
272 15 12 943 
273 12 133 943 
274 161 15 943 
275 16 158 946 
276 131 130 942 
277 130 158 942 
278 158 130 946 
279 132 131 945 
280 159 131 942 
281 131 159 945 
282 133 132 944 
283 132 160 944 
284 160 132 945 
285 133 161 943 
286 161 133 944 
287 158 159 942 
288 159 160 945 
289 160 161 944 
2 6 2 173
290 82 1 996 
291 1 164 996 
292 3 82 950 
293 139 3 994 
294 3 950 953 
295 3 953 954 
296 3 954 994 
297 13 138 992 
298 191 13 992 
299 138 14 960 
300 14 157 1000 
301 14 170 988 
302 170 14 1000 
303 960 14 988 
304 15 161 993 
305 165 15 993 
306 16 18 158 
307 162 17 997 
308 17 168 997 
309 158 18 957 
310 18 188 956 
311 18 956 957 
312 169 19 988 
313 19 190 988 
314 189 20 1001 
315 20 191 1001 
316 950 82 996 
317 138 960 992 
318 140 139 948 
319 948 139 994 
320 141 140 981 
321 140 948 981 
322 142 141 951 
323 951 141 981 
324 143 142 971 
325 142 951 971 
326 144 143 978 
327 143 971 978 
328 145 144 965 
329 965 144 978 
330 146 145 986 
331 145 965 986 
332 147 146 967 
333 967 146 986 
334 148 147 998 
335 147 967 998 
336 149 148 969 
337 969 148 998 
338 150 149 962 
339 962 149 969 
340 151 150 973 
341 150 962 973 
342 152 151 970 
343 970 151 973 
344 153 152 975 
345 152 970 975 
346 154 153 980 
347 153 975 980 
348 155 154 984 
349 154 980 984 
350 156 155 987 
351 155 984 987 
352 157 156 995 
353 156 987 995 
354 157 995 1000 
355 159 158 966 
356 158 957 966 
357 160 159 949 
358 949 159 966 
359 161 160 983 
360 160 949 983 
361 161 983 993 
362 163 162 952 
363 952 162 997 
364 164 163 979 
365 163 952 979 
366 164 979 996 
367 166 165 964 
368 964 165 993 
369 167 166 947 
370 947 166 964 
371 168 167 976 
372 167 947 976 
373 168 976 997 
374 170 169 988 
375 171 170 1000 
376 172 171 995 
377 995 171 1000 
378 173 172 987 
379 987 172 995 
380 174 173 984 
381 984 173 987 
382 175 174 980 
383 980 174 984 
384 176 175 975 
385 975 175 980 
386 177 176 970 
387 970 176 975 
388 178 177 973 
389 177 970 973 
390 179 178 962 
391 962 178 973 
392 180 179 969 
393 179 962 969 
394 181 180 959 
395 959 180 969 
396 182 181 990 
397 181 959 990 
398 183 182 958 
399 958 182 990 
400 184 183 982 
401 183 958 982 
402 185 184 955 
403 955 184 982 
404 186 185 974 
405 185 955 974 
406 187 186 968 
407 968 186 974 
408 188 187 999 
409 187 968 999 
410 956 188 999 
411 190 189 960 
412 960 189 1001 
413 190 960 988 
414 191 992 1001 
415 961 947 963 
416 947 961 976 
417 963 947 964 
418 981 948 989 
419 948 985 989 
420 985 948 994 
421 949 966 977 
422 949 977 991 
423 983 949 991 
424 953 950 961 
425 961 950 979 
426 979 950 996 
427 951 968 971 
428 968 951 972 
429 972 951 981 
430 961 952 976 
431 952 961 979 
432 976 952 997 
433 954 953 977 
434 953 961 963 
435 953 963 977 
436 966 954 977 
437 954 966 985 
438 954 985 994 
439 955 965 978 
440 965 955 982 
441 974 955 978 
442 957 956 989 
443 989 956 999 
444 966 957 985 
445 985 957 989 
446 958 965 982 
447 965 958 986 
448 958 967 986 
449 967 958 990 
450 959 967 990 
451 967 959 998 
452 959 969 998 
453 992 960 1001 
454 963 964 991 
455 977 963 991 
456 964 983 991 
457 983 964 993 
458 971 968 974 
459 968 972 999 
460 971 974 978 
461 972 981 989 
462 972 989 999 
2 7 2 56
463 10 1003 11 
464 194 1003 10 
465 11 1002 16 
466 24 1002 11 
467 11 1003 24 
468 16 1004 18 
469 16 1002 25 
470 25 1004 16 
471 18 1004 205 
472 22 1006 21 
473 21 1006 192 
474 195 1006 22 
475 24 1003 23 
476 23 1003 197 
477 25 1002 24 
478 26 1004 25 
479 198 1004 26 
480 28 1014 27 
481 27 1014 204 
482 211 1014 28 
483 192 1005 193 
484 195 1005 192 
485 192 1006 195 
486 193 1007 194 
487 193 1005 196 
488 196 1007 193 
489 197 1003 194 
490 194 1007 197 
491 196 1005 195 
492 197 1007 196 
493 199 1011 198 
494 205 1004 198 
495 198 1011 205 
496 200 1009 199 
497 199 1009 206 
498 206 1011 199 
499 201 1010 200 
500 207 1009 200 
501 200 1010 207 
502 202 1012 201 
503 208 1010 201 
504 201 1012 208 
505 203 1013 202 
506 209 1012 202 
507 202 1013 209 
508 204 1008 203 
509 203 1008 210 
510 210 1013 203 
511 211 1008 204 
512 204 1014 211 
513 205 1011 206 
514 206 1009 207 
515 207 1010 208 
516 208 1012 209 
517 209 1013 210 
518 210 1008 211 
2 8 2 355
519 1 2 221 
520 1 1021 164 
521 221 222 1 
522 222 1116 1 
523 1 1116 1021 
524 84 1111 2 
525 221 2 220 
526 2 1111 220 
527 5 1131 86 
528 214 1131 5 
529 13 246 7 
530 7 1120 107 
531 246 1120 7 
532 107 1140 8 
533 8 1140 253 
534 191 1028 13 
535 245 246 13 
536 13 1028 245 
537 162 1129 17 
538 17 1129 286 
539 20 1128 191 
540 254 1128 20 
541 29 1133 212 
542 215 1133 29 
543 30 1124 217 
544 218 1124 30 
545 31 1118 249 
546 250 1118 31 
547 32 1118 250 
548 251 1118 32 
549 33 1123 260 
550 285 1123 33 
551 34 1121 261 
552 292 1121 34 
553 85 1114 84 
554 84 1114 1111 
555 86 1031 85 
556 1031 1114 85 
557 86 1131 1031 
558 1120 1140 107 
559 163 1034 162 
560 1034 1129 162 
561 164 1090 163 
562 163 1090 1034 
563 1021 1090 164 
564 191 1128 1028 
565 212 1102 213 
566 212 1133 1102 
567 213 1096 214 
568 213 1102 1096 
569 1096 1131 214 
570 216 1033 215 
571 1033 1133 215 
572 217 1099 216 
573 216 1099 1033 
574 217 1124 1099 
575 219 1029 218 
576 1029 1124 218 
577 220 1041 219 
578 219 1041 1029 
579 220 1111 1041 
580 223 1116 222 
581 224 1072 223 
582 223 1072 1066 
583 1066 1116 223 
584 225 1017 224 
585 1017 1072 224 
586 226 1051 225 
587 225 1051 1017 
588 227 1023 226 
589 1023 1051 226 
590 228 1061 227 
591 227 1061 1023 
592 229 1037 228 
593 1037 1061 228 
594 230 1103 229 
595 229 1103 1037 
596 231 1039 230 
597 1039 1103 230 
598 232 1068 231 
599 231 1068 1039 
600 233 1094 232 
601 232 1094 1068 
602 234 1100 233 
603 233 1100 1094 
604 235 1093 234 
605 1093 1100 234 
606 236 1067 235 
607 1067 1093 235 
608 237 1040 236 
609 1040 1067 236 
610 238 1104 237 
611 237 1104 1040 
612 239 1030 238 
613 1030 1104 238 
614 240 1048 239 
615 239 1048 1030 
616 241 1042 240 
617 1042 1048 240 
618 242 1018 241 
619 1018 1042 241 
620 243 1069 242 
621 242 1069 1018 
622 244 1032 243 
623 1032 1069 243 
624 245 1098 244 
625 244 1098 1032 
626 1028 1098 245 
627 247 1120 246 
628 248 1107 247 
629 1107 1140 247 
630 247 1140 1120 
631 249 1117 248 
632 248 1117 1107 
633 249 1118 1117 
634 252 1117 251 
635 1117 1118 251 
636 253 1107 252 
637 1107 1117 252 
638 253 1140 1107 
639 255 1071 254 
640 1071 1128 254 
641 256 1113 255 
642 255 1113 1071 
643 257 1025 256 
644 1025 1113 256 
645 258 1087 257 
646 257 1087 1025 
647 259 1020 258 
648 1020 1087 258 
649 260 1095 259 
650 259 1095 1020 
651 260 1123 1095 
652 261 1097 262 
653 261 1121 1097 
654 262 1022 263 
655 262 1097 1022 
656 263 1109 264 
657 1022 1109 263 
658 264 1016 265 
659 264 1109 1016 
660 265 1088 266 
661 1016 1088 265 
662 266 1082 267 
663 266 1088 1082 
664 267 1027 268 
665 267 1082 1027 
666 268 1080 269 
667 1027 1080 268 
668 269 1035 270 
669 269 1080 1035 
670 270 1127 271 
671 1035 1127 270 
672 271 1068 272 
673 271 1127 1068 
674 272 1094 273 
675 1068 1094 272 
676 273 1100 274 
677 1094 1100 273 
678 274 1100 275 
679 275 1093 276 
680 275 1100 1093 
681 276 1067 277 
682 276 1093 1067 
683 277 1132 278 
684 1067 1132 277 
685 278 1038 279 
686 278 1132 1038 
687 279 1081 280 
688 1038 1081 279 
689 280 1106 281 
690 1081 1106 280 
691 281 1024 282 
692 281 1106 1024 
693 282 1079 283 
694 1024 1079 282 
695 283 1026 284 
696 283 1079 1026 
697 284 1083 285 
698 1026 1083 284 
699 1083 1123 285 
700 286 1101 287 
701 286 1129 1101 
702 287 1019 288 
703 287 1101 1019 
704 288 1085 289 
705 1019 1085 288 
706 289 1015 290 
707 289 1085 1015 
708 290 1086 291 
709 1015 1086 290 
710 291 1036 292 
711 291 1086 1036 
712 1036 1121 292 
713 1074 1086 1015 
714 1015 1130 1074 
715 1085 1130 1015 
716 1077 1089 1016 
717 1016 1109 1077 
718 1016 1139 1088 
719 1089 1139 1016 
720 1051 1052 1017 
721 1052 1053 1017 
722 1053 1072 1017 
723 1018 1043 1042 
724 1018 1044 1043 
725 1018 1069 1044 
726 1019 1110 1085 
727 1019 1101 1091 
728 1091 1110 1019 
729 1020 1095 1084 
730 1084 1108 1020 
731 1020 1108 1087 
732 1021 1066 1060 
733 1060 1090 1021 
734 1021 1116 1066 
735 1075 1077 1022 
736 1022 1078 1075 
737 1077 1109 1022 
738 1022 1097 1078 
739 1023 1063 1051 
740 1061 1062 1023 
741 1062 1063 1023 
742 1049 1065 1024 
743 1024 1106 1049 
744 1065 1119 1024 
745 1024 1119 1079 
746 1070 1113 1025 
747 1025 1138 1070 
748 1087 1138 1025 
749 1079 1126 1026 
750 1026 1084 1083 
751 1026 1126 1084 
752 1027 1105 1080 
753 1082 1122 1027 
754 1027 1122 1105 
755 1071 1115 1028 
756 1028 1128 1071 
757 1028 1115 1098 
758 1041 1092 1029 
759 1092 1112 1029 
760 1029 1112 1099 
761 1099 1124 1029 
762 1048 1049 1030 
763 1049 1136 1030 
764 1030 1136 1104 
765 1031 1096 1092 
766 1092 1114 1031 
767 1031 1131 1096 
768 1050 1069 1032 
769 1032 1070 1050 
770 1032 1115 1070 
771 1098 1115 1032 
772 1099 1112 1033 
773 1033 1112 1102 
774 1102 1133 1033 
775 1090 1134 1034 
776 1101 1129 1034 
777 1034 1134 1101 
778 1035 1103 1039 
779 1039 1127 1035 
780 1080 1137 1035 
781 1035 1137 1103 
782 1078 1097 1036 
783 1036 1141 1078 
784 1086 1141 1036 
785 1097 1121 1036 
786 1037 1105 1061 
787 1103 1137 1037 
788 1037 1137 1105 
789 1040 1104 1038 
790 1038 1132 1040 
791 1038 1136 1081 
792 1104 1136 1038 
793 1068 1127 1039 
794 1040 1132 1067 
795 1041 1114 1092 
796 1111 1114 1041 
797 1043 1135 1042 
798 1042 1135 1048 
799 1044 1045 1043 
800 1045 1046 1043 
801 1046 1135 1043 
802 1044 1047 1045 
803 1044 1050 1047 
804 1044 1069 1050 
805 1045 1126 1046 
806 1047 1108 1045 
807 1045 1108 1084 
808 1084 1126 1045 
809 1079 1119 1046 
810 1046 1126 1079 
811 1119 1135 1046 
812 1050 1138 1047 
813 1087 1108 1047 
814 1047 1138 1087 
815 1048 1065 1049 
816 1048 1135 1065 
817 1049 1106 1081 
818 1081 1136 1049 
819 1070 1138 1050 
820 1051 1063 1052 
821 1052 1054 1053 
822 1052 1058 1054 
823 1052 1063 1058 
824 1054 1055 1053 
825 1055 1057 1053 
826 1057 1072 1053 
827 1054 1056 1055 
828 1054 1076 1056 
829 1058 1076 1054 
830 1056 1073 1055 
831 1055 1059 1057 
832 1055 1073 1059 
833 1056 1074 1073 
834 1056 1075 1074 
835 1056 1076 1075 
836 1059 1060 1057 
837 1060 1066 1057 
838 1066 1072 1057 
839 1063 1125 1058 
840 1058 1089 1076 
841 1058 1125 1089 
842 1059 1091 1060 
843 1073 1110 1059 
844 1059 1110 1091 
845 1060 1134 1090 
846 1091 1134 1060 
847 1061 1105 1062 
848 1062 1064 1063 
849 1062 1122 1064 
850 1105 1122 1062 
851 1064 1125 1063 
852 1082 1088 1064 
853 1064 1122 1082 
854 1088 1139 1064 
855 1064 1139 1125 
856 1065 1135 1119 
857 1070 1115 1113 
858 1113 1115 1071 
859 1074 1130 1073 
860 1073 1130 1110 
861 1075 1141 1074 
862 1074 1141 1086 
863 1076 1077 1075 
864 1078 1141 1075 
865 1076 1089 1077 
866 1105 1137 1080 
867 1084 1095 1083 
868 1095 1123 1083 
869 1110 1130 1085 
870 1125 1139 1089 
871 1101 1134 1091 
872 1096 1112 1092 
873 1102 1112 1096 
2 9 2 218
874 9 1215 129 
875 295 1215 9 
876 110 1211 10 
877 10 1211 194 
878 192 1217 21 
879 21 1217 315 
880 35 1216 293 
881 296 1216 35 
882 111 1164 110 
883 1164 1211 110 
884 112 1202 111 
885 111 1202 1164 
886 113 1144 112 
887 1144 1202 112 
888 114 1175 113 
889 113 1175 1144 
890 115 1179 114 
891 114 1179 1175 
892 116 1150 115 
893 1150 1179 115 
894 117 1188 116 
895 116 1188 1150 
896 118 1143 117 
897 1143 1188 117 
898 119 1208 118 
899 118 1208 1143 
900 120 1148 119 
901 1148 1208 119 
902 121 1185 120 
903 120 1185 1148 
904 122 1154 121 
905 1154 1185 121 
906 123 1167 122 
907 122 1167 1154 
908 124 1151 123 
909 1151 1167 123 
910 125 1210 124 
911 124 1210 1151 
912 126 1147 125 
913 1147 1210 125 
914 127 1192 126 
915 126 1192 1147 
916 128 1157 127 
917 1157 1192 127 
918 129 1199 128 
919 128 1199 1157 
920 129 1215 1199 
921 193 1162 192 
922 1162 1217 192 
923 194 1158 193 
924 1158 1162 193 
925 194 1211 1158 
926 293 1159 294 
927 293 1216 1159 
928 294 1160 295 
929 1159 1160 294 
930 1160 1215 295 
931 297 1197 296 
932 1197 1216 296 
933 298 1146 297 
934 1146 1197 297 
935 299 1194 298 
936 298 1194 1146 
937 300 1180 299 
938 1180 1194 299 
939 301 1153 300 
940 1153 1180 300 
941 302 1187 301 
942 301 1187 1153 
943 303 1145 302 
944 1145 1187 302 
945 304 1209 303 
946 303 1209 1145 
947 305 1156 304 
948 1156 1209 304 
949 306 1186 305 
950 305 1186 1156 
951 307 1152 306 
952 1152 1186 306 
953 308 1171 307 
954 307 1171 1152 
955 309 1149 308 
956 1149 1171 308 
957 310 1190 309 
958 309 1190 1149 
959 311 1142 310 
960 1142 1190 310 
961 312 1207 311 
962 311 1207 1142 
963 313 1166 312 
964 1166 1207 312 
965 314 1155 313 
966 1155 1166 313 
967 315 1198 314 
968 314 1198 1155 
969 315 1217 1198 
970 1142 1207 1178 
971 1178 1221 1142 
972 1142 1191 1190 
973 1142 1221 1191 
974 1143 1208 1174 
975 1174 1219 1143 
976 1143 1204 1188 
977 1143 1219 1204 
978 1144 1176 1165 
979 1165 1202 1144 
980 1175 1176 1144 
981 1145 1209 1170 
982 1170 1220 1145 
983 1145 1205 1187 
984 1145 1220 1205 
985 1194 1225 1146 
986 1146 1212 1197 
987 1146 1225 1212 
988 1147 1206 1184 
989 1184 1210 1147 
990 1192 1224 1147 
991 1147 1224 1206 
992 1174 1208 1148 
993 1148 1226 1174 
994 1185 1203 1148 
995 1203 1226 1148 
996 1149 1196 1171 
997 1190 1214 1149 
998 1149 1214 1196 
999 1150 1213 1179 
1000 1188 1189 1150 
1001 1189 1213 1150 
1002 1151 1195 1167 
1003 1151 1210 1184 
1004 1184 1222 1151 
1005 1151 1222 1195 
1006 1171 1172 1152 
1007 1172 1173 1152 
1008 1173 1186 1152 
1009 1153 1181 1180 
1010 1153 1183 1181 
1011 1153 1187 1183 
1012 1167 1168 1154 
1013 1168 1169 1154 
1014 1169 1185 1154 
1015 1155 1201 1166 
1016 1198 1218 1155 
1017 1155 1218 1201 
1018 1170 1209 1156 
1019 1156 1223 1170 
1020 1186 1200 1156 
1021 1200 1223 1156 
1022 1161 1193 1157 
1023 1157 1199 1161 
1024 1157 1193 1192 
1025 1158 1163 1162 
1026 1158 1164 1163 
1027 1158 1211 1164 
1028 1159 1161 1160 
1029 1159 1197 1161 
1030 1159 1216 1197 
1031 1161 1199 1160 
1032 1199 1215 1160 
1033 1161 1212 1193 
1034 1197 1212 1161 
1035 1163 1198 1162 
1036 1198 1217 1162 
1037 1164 1165 1163 
1038 1165 1218 1163 
1039 1163 1218 1198 
1040 1164 1202 1165 
1041 1176 1201 1165 
1042 1201 1218 1165 
1043 1166 1201 1178 
1044 1178 1207 1166 
1045 1167 1195 1168 
1046 1168 1170 1169 
1047 1168 1220 1170 
1048 1195 1220 1168 
1049 1170 1223 1169 
1050 1169 1203 1185 
1051 1200 1203 1169 
1052 1169 1223 1200 
1053 1171 1196 1172 
1054 1172 1174 1173 
1055 1172 1219 1174 
1056 1196 1219 1172 
1057 1174 1226 1173 
1058 1173 1200 1186 
1059 1173 1226 1200 
1060 1175 1177 1176 
1061 1175 1179 1177 
1062 1177 1178 1176 
1063 1178 1201 1176 
1064 1177 1221 1178 
1065 1179 1213 1177 
1066 1177 1213 1191 
1067 1191 1221 1177 
1068 1181 1182 1180 
1069 1182 1194 1180 
1070 1181 1206 1182 
1071 1183 1184 1181 
1072 1184 1206 1181 
1073 1182 1225 1194 
1074 1206 1224 1182 
1075 1224 1225 1182 
1076 1183 1222 1184 
1077 1187 1205 1183 
1078 1183 1205 1195 
1079 1195 1222 1183 
1080 1188 1204 1189 
1081 1191 1213 1189 
1082 1189 1214 1191 
1083 1189 1204 1196 
1084 1196 1214 1189 
1085 1191 1214 1190 
1086 1193 1224 1192 
1087 1212 1225 1193 
1088 1193 1225 1224 
1089 1205 1220 1195 
1090 1204 1219 1196 
1091 1200 1226 1203 
2 10 2 32
1092 8 1233 109 
1093 253 1233 8 
1094 108 1235 9 
1095 9 1235 295 
1096 32 1234 251 
1097 316 1234 32 
1098 293 1236 35 
1099 35 1236 317 
1100 109 1228 108 
1101 1228 1235 108 
1102 109 1233 1228 
1103 251 1229 252 
1104 251 1234 1229 
1105 252 1231 253 
1106 1229 1231 252 
1107 1231 1233 253 
1108 294 1230 293 
1109 1230 1236 293 
1110 295 1232 294 
1111 294 1232 1230 
1112 295 1235 1232 
1113 317 1227 316 
1114 1227 1234 316 
1115 317 1236 1227 
1116 1227 1230 1229 
1117 1229 1234 1227 
1118 1227 1236 1230 
1119 1231 1232 1228 
1120 1228 1233 1231 
1121 1232 1235 1228 
1122 1230 1231 1229 
1123 1230 1232 1231 
2 11 2 261
1124 23 1269 24 
1125 39 23 38 
1126 39 1243 23 
1127 1243 1269 23 
1128 24 1269 326 
1129 36 1289 318 
1130 322 1289 36 
1131 321 1275 37 
1132 37 1275 361 
1133 346 1242 39 
1134 1242 1243 39 
1135 40 353 327 
1136 41 1292 347 
1137 354 1292 41 
1138 43 1300 42 
1139 42 1300 360 
1140 377 1252 43 
1141 1252 1253 43 
1142 1253 1300 43 
1143 44 1291 375 
1144 375 1296 44 
1145 378 1291 44 
1146 44 1296 391 
1147 369 368 45 
1148 45 368 403 
1149 392 369 45 
1150 356 357 46 
1151 404 356 46 
1152 46 357 420 
1153 47 363 362 
1154 47 362 430 
1155 421 363 47 
1156 318 1282 319 
1157 318 1289 1282 
1158 428 320 319 
1159 319 1282 428 
1160 429 321 320 
1161 429 320 428 
1162 429 1275 321 
1163 323 1272 322 
1164 1272 1289 322 
1165 323 324 426 
1166 426 1272 323 
1167 324 325 425 
1168 426 324 425 
1169 326 1256 325 
1170 325 1256 425 
1171 326 1269 1256 
1172 327 1277 328 
1173 353 1254 327 
1174 1254 1277 327 
1175 328 1277 329 
1176 330 329 412 
1177 412 329 411 
1178 329 1277 411 
1179 331 330 413 
1180 413 330 412 
1181 331 1288 332 
1182 413 1288 331 
1183 332 1290 333 
1184 1288 1290 332 
1185 333 1295 334 
1186 333 1290 1255 
1187 1255 1295 333 
1188 334 1245 335 
1189 334 1295 1245 
1190 335 1280 336 
1191 1245 1280 335 
1192 337 336 384 
1193 336 1280 384 
1194 338 337 385 
1195 385 337 384 
1196 338 1297 339 
1197 385 1297 338 
1198 339 1267 340 
1199 386 1267 339 
1200 339 1297 386 
1201 340 1259 341 
1202 340 1267 1259 
1203 341 1248 342 
1204 341 1259 1248 
1205 342 1278 343 
1206 1248 1278 342 
1207 397 344 343 
1208 343 1278 397 
1209 398 345 344 
1210 398 344 397 
1211 399 346 345 
1212 399 345 398 
1213 399 1242 346 
1214 347 1258 348 
1215 347 1292 1258 
1216 348 1299 349 
1217 1258 1299 348 
1218 407 350 349 
1219 349 1299 407 
1220 408 351 350 
1221 408 350 407 
1222 351 1285 352 
1223 409 351 408 
1224 409 1285 351 
1225 352 1285 353 
1226 353 1285 1254 
1227 355 1263 354 
1228 1263 1292 354 
1229 355 356 404 
1230 404 1263 355 
1231 357 358 420 
1232 359 1266 358 
1233 358 1266 420 
1234 360 1276 359 
1235 359 1276 1266 
1236 360 1300 1276 
1237 430 362 361 
1238 361 1275 430 
1239 421 364 363 
1240 364 1260 365 
1241 421 1260 364 
1242 365 1244 366 
1243 365 1260 1244 
1244 366 1265 367 
1245 1244 1265 366 
1246 368 367 403 
1247 367 1265 403 
1248 370 369 392 
1249 370 1262 371 
1250 392 1262 370 
1251 371 1239 372 
1252 371 1262 1239 
1253 372 1261 373 
1254 1239 1261 372 
1255 373 1293 374 
1256 1261 1293 373 
1257 374 1296 375 
1258 374 1293 391 
1259 391 1296 374 
1260 375 1291 376 
1261 376 1283 377 
1262 378 1283 376 
1263 376 1291 378 
1264 377 1283 1252 
1265 379 1283 378 
1266 380 1237 379 
1267 1237 1252 379 
1268 1252 1283 379 
1269 381 1298 380 
1270 380 1246 1237 
1271 380 1298 1246 
1272 382 1264 381 
1273 1264 1298 381 
1274 383 1284 382 
1275 382 1284 1264 
1276 384 1280 383 
1277 1280 1284 383 
1278 386 1297 385 
1279 387 1267 386 
1280 388 1240 387 
1281 1240 1259 387 
1282 1259 1267 387 
1283 389 1250 388 
1284 388 1281 1240 
1285 1250 1281 388 
1286 390 1268 389 
1287 389 1268 1250 
1288 391 1293 390 
1289 1261 1268 390 
1290 390 1293 1261 
1291 393 1262 392 
1292 394 1257 393 
1293 1257 1262 393 
1294 395 1281 394 
1295 1250 1257 394 
1296 394 1281 1250 
1297 396 1271 395 
1298 1271 1281 395 
1299 397 1278 396 
1300 1248 1271 396 
1301 396 1278 1248 
1302 400 1242 399 
1303 401 1251 400 
1304 400 1274 1242 
1305 1251 1274 400 
1306 402 1273 401 
1307 1247 1251 401 
1308 401 1273 1247 
1309 403 1265 402 
1310 1265 1273 402 
1311 405 1263 404 
1312 406 1258 405 
1313 1258 1263 405 
1314 407 1299 406 
1315 406 1299 1258 
1316 410 1285 409 
1317 411 1277 410 
1318 410 1277 1254 
1319 1254 1285 410 
1320 414 1288 413 
1321 415 1290 414 
1322 414 1290 1288 
1323 416 1238 415 
1324 1238 1255 415 
1325 1255 1290 415 
1326 417 1249 416 
1327 416 1249 1238 
1328 418 1287 417 
1329 417 1287 1249 
1330 419 1241 418 
1331 1241 1287 418 
1332 420 1266 419 
1333 419 1266 1241 
1334 422 1260 421 
1335 423 1247 422 
1336 1247 1294 422 
1337 422 1294 1260 
1338 424 1286 423 
1339 423 1251 1247 
1340 423 1286 1251 
1341 425 1256 424 
1342 1256 1286 424 
1343 427 1272 426 
1344 428 1282 427 
1345 427 1289 1272 
1346 1282 1289 427 
1347 430 1275 429 
1348 1246 1270 1237 
1349 1237 1253 1252 
1350 1237 1270 1253 
1351 1249 1264 1238 
1352 1238 1279 1255 
1353 1264 1279 1238 
1354 1239 1262 1257 
1355 1257 1268 1239 
1356 1239 1268 1261 
1357 1240 1271 1259 
1358 1240 1281 1271 
1359 1253 1270 1241 
1360 1241 1276 1253 
1361 1266 1276 1241 
1362 1270 1287 1241 
1363 1242 1274 1243 
1364 1256 1269 1243 
1365 1243 1286 1256 
1366 1274 1286 1243 
1367 1260 1294 1244 
1368 1244 1273 1265 
1369 1244 1294 1273 
1370 1279 1284 1245 
1371 1245 1295 1279 
1372 1245 1284 1280 
1373 1249 1287 1246 
1374 1246 1298 1249 
1375 1246 1287 1270 
1376 1273 1294 1247 
1377 1259 1271 1248 
1378 1249 1298 1264 
1379 1250 1268 1257 
1380 1251 1286 1274 
1381 1276 1300 1253 
1382 1279 1295 1255 
1383 1258 1292 1263 
1384 1264 1284 1279 
2 12 2 24
1385 25 24 1306 
1386 24 326 1306 
1387 435 25 1306 
1388 36 48 1301 
1389 322 36 1301 
1390 48 431 1301 
1391 323 322 1304 
1392 431 322 1301 
1393 322 431 1304 
1394 324 323 1302 
1395 323 432 1302 
1396 432 323 1304 
1397 325 324 1303 
1398 433 324 1302 
1399 324 433 1303 
1400 326 325 1305 
1401 434 325 1303 
1402 325 434 1305 
1403 435 326 1305 
1404 326 435 1306 
1405 431 432 1304 
1406 432 433 1302 
1407 433 434 1303 
1408 434 435 1305 
2 13 2 60
1409 44 1307 49 
1410 49 1316 44 
1411 44 1316 378 
1412 391 1307 44 
1413 436 1316 49 
1414 49 1307 449 
1415 378 1313 379 
1416 436 1313 378 
1417 378 1316 436 
1418 379 1317 380 
1419 379 1313 437 
1420 437 1317 379 
1421 380 1314 381 
1422 438 1314 380 
1423 380 1317 438 
1424 381 1308 382 
1425 439 1308 381 
1426 381 1314 439 
1427 382 1320 383 
1428 382 1308 440 
1429 440 1320 382 
1430 383 1310 384 
1431 441 1310 383 
1432 383 1320 441 
1433 384 1311 385 
1434 384 1310 442 
1435 442 1311 384 
1436 385 1318 386 
1437 385 1311 443 
1438 443 1318 385 
1439 386 1309 387 
1440 444 1309 386 
1441 386 1318 444 
1442 387 1319 388 
1443 387 1309 445 
1444 445 1319 387 
1445 388 1315 389 
1446 446 1315 388 
1447 388 1319 446 
1448 389 1321 390 
1449 389 1315 447 
1450 447 1321 389 
1451 390 1312 391 
1452 448 1312 390 
1453 390 1321 448 
1454 449 1307 391 
1455 391 1312 449 
1456 437 1313 436 
1457 438 1317 437 
1458 439 1314 438 
1459 440 1308 439 
1460 441 1320 440 
1461 442 1310 441 
1462 443 1311 442 
1463 444 1318 443 
1464 445 1309 444 
1465 446 1319 445 
1466 447 1315 446 
1467 448 1321 447 
1468 449 1312 448 
2 14 2 52
1469 45 1323 50 
1470 50 1329 45 
1471 45 1329 392 
1472 403 1323 45 
1473 450 1329 50 
1474 50 1323 461 
1475 392 1330 393 
1476 392 1329 450 
1477 450 1330 392 
1478 393 1327 394 
1479 451 1327 393 
1480 393 1330 451 
1481 394 1328 395 
1482 394 1327 452 
1483 452 1328 394 
1484 395 1332 396 
1485 395 1328 453 
1486 453 1332 395 
1487 396 1333 397 
1488 396 1332 454 
1489 454 1333 396 
1490 397 1331 398 
1491 455 1331 397 
1492 397 1333 455 
1493 398 1334 399 
1494 398 1331 456 
1495 456 1334 398 
1496 399 1325 400 
1497 457 1325 399 
1498 399 1334 457 
1499 400 1324 401 
1500 458 1324 400 
1501 400 1325 458 
1502 401 1326 402 
1503 401 1324 459 
1504 459 1326 401 
1505 402 1322 403 
1506 460 1322 402 
1507 402 1326 460 
1508 403 1322 461 
1509 461 1323 403 
1510 451 1330 450 
1511 452 1327 451 
1512 453 1328 452 
1513 454 1332 453 
1514 455 1333 454 
1515 456 1331 455 
1516 457 1334 456 
1517 458 1325 457 
1518 459 1324 458 
1519 460 1326 459 
1520 461 1322 460 
2 15 2 72
1521 46 1335 51 
1522 51 1336 46 
1523 46 1336 404 
1524 420 1335 46 
1525 462 1336 51 
1526 51 1335 478 
1527 404 1342 405 
1528 404 1336 462 
1529 462 1342 404 
1530 405 1344 406 
1531 405 1342 463 
1532 463 1344 405 
1533 406 1349 407 
1534 406 1344 464 
1535 464 1349 406 
1536 407 1345 408 
1537 465 1345 407 
1538 407 1349 465 
1539 408 1338 409 
1540 466 1338 408 
1541 408 1345 466 
1542 409 1352 410 
1543 409 1338 467 
1544 467 1352 409 
1545 410 1343 411 
1546 468 1343 410 
1547 410 1352 468 
1548 411 1346 412 
1549 411 1343 469 
1550 469 1346 411 
1551 412 1340 413 
1552 470 1340 412 
1553 412 1346 470 
1554 413 1347 414 
1555 413 1340 471 
1556 471 1347 413 
1557 414 1341 415 
1558 472 1341 414 
1559 414 1347 472 
1560 415 1339 416 
1561 473 1339 415 
1562 415 1341 473 
1563 416 1351 417 
1564 416 1339 474 
1565 474 1351 416 
1566 417 1350 418 
1567 475 1350 417 
1568 417 1351 475 
1569 418 1348 419 
1570 476 1348 418 
1571 418 1350 476 
1572 419 1337 420 
1573 477 1337 419 
1574 419 1348 477 
1575 478 1335 420 
1576 420 1337 478 
1577 463 1342 462 
1578 464 1344 463 
1579 465 1349 464 
1580 466 1345 465 
1581 467 1338 466 
1582 468 1352 467 
1583 469 1343 468 
1584 470 1346 469 
1585 471 1340 470 
1586 472 1347 471 
1587 473 1341 472 
1588 474 1339 473 
1589 475 1351 474 
1590 476 1350 475 
1591 477 1348 476 
1592 478 1337 477 
2 16 2 44
1593 52 1353 47 
1594 47 1359 52 
1595 47 1353 421 
1596 430 1359 47 
1597 479 1353 52 
1598 52 1359 488 
1599 421 1354 422 
1600 421 1353 479 
1601 479 1354 421 
1602 422 1357 423 
1603 422 1354 480 
1604 480 1357 422 
1605 423 1361 424 
1606 423 1357 481 
1607 481 1361 423 
1608 424 1363 425 
1609 424 1361 482 
1610 482 1363 424 
1611 425 1355 426 
1612 483 1355 425 
1613 425 1363 483 
1614 426 1356 427 
1615 426 1355 484 
1616 484 1356 426 
1617 427 1362 428 
1618 427 1356 485 
1619 485 1362 427 
1620 428 1360 429 
1621 486 1360 428 
1622 428 1362 486 
1623 429 1358 430 
1624 487 1358 429 
1625 429 1360 487 
1626 430 1358 488 
1627 488 1359 430 
1628 480 1354 479 
1629 481 1357 480 
1630 482 1361 481 
1631 483 1363 482 
1632 484 1355 483 
1633 485 1356 484 
1634 486 1362 485 
1635 487 1360 486 
1636 488 1358 487 
2 17 2 32
1637 41 54 1370 
1638 354 41 1370 
1639 53 42 1367 
1640 42 360 1367 
1641 495 53 1367 
1642 54 489 1370 
1643 355 354 1371 
1644 489 354 1370 
1645 354 489 1371 
1646 356 355 1368 
1647 355 490 1368 
1648 490 355 1371 
1649 357 356 1364 
1650 356 491 1364 
1651 491 356 1368 
1652 358 357 1366 
1653 492 357 1364 
1654 357 492 1366 
1655 359 358 1365 
1656 358 493 1365 
1657 493 358 1366 
1658 360 359 1369 
1659 494 359 1365 
1660 359 494 1369 
1661 360 495 1367 
1662 495 360 1369 
1663 489 490 1371 
1664 490 491 1368 
1665 491 492 1364 
1666 492 493 1366 
1667 493 494 1365 
1668 494 495 1369 
2 18 2 261
1669 26 25 1404 
1670 25 435 1404 
1671 58 59 26 
1672 58 26 1378 
1673 1378 26 1404 
1674 431 48 1424 
1675 48 499 1424 
1676 436 49 1426 
1677 49 449 1431 
1678 49 502 1426 
1679 502 49 1431 
1680 450 50 508 
1681 50 461 509 
1682 508 50 509 
1683 462 51 491 
1684 478 492 51 
1685 51 492 491 
1686 514 479 52 
1687 488 515 52 
1688 515 514 52 
1689 56 53 1435 
1690 53 495 1435 
1691 489 54 1427 
1692 54 523 1427 
1693 496 55 1410 
1694 55 516 1410 
1695 500 56 1387 
1696 1387 56 1388 
1697 1388 56 1435 
1698 57 543 517 
1699 524 58 1377 
1700 1377 58 1378 
1701 432 431 1407 
1702 1407 431 1424 
1703 484 433 432 
1704 484 432 1407 
1705 433 483 434 
1706 484 483 433 
1707 435 434 1391 
1708 434 483 1391 
1709 435 1391 1404 
1710 437 436 1418 
1711 436 501 1418 
1712 501 436 1426 
1713 438 437 1372 
1714 1372 437 1387 
1715 1387 437 1418 
1716 439 438 1433 
1717 438 1372 1381 
1718 438 1381 1433 
1719 440 439 1399 
1720 1399 439 1433 
1721 441 440 1419 
1722 440 1399 1419 
1723 442 441 1415 
1724 1415 441 1419 
1725 443 442 533 
1726 533 442 534 
1727 534 442 1415 
1728 444 443 1432 
1729 532 443 533 
1730 443 532 1432 
1731 445 444 1402 
1732 444 531 1402 
1733 531 444 1432 
1734 446 445 1375 
1735 1375 445 1394 
1736 1394 445 1402 
1737 447 446 1385 
1738 446 1375 1416 
1739 1385 446 1416 
1740 448 447 1403 
1741 447 1385 1403 
1742 449 448 1428 
1743 1396 448 1403 
1744 448 1396 1428 
1745 503 449 1428 
1746 449 503 1431 
1747 451 450 1397 
1748 507 450 508 
1749 450 507 1397 
1750 452 451 1392 
1751 1392 451 1397 
1752 453 452 1416 
1753 1385 452 1392 
1754 452 1385 1416 
1755 454 453 1406 
1756 1406 453 1416 
1757 455 454 1413 
1758 1383 454 1406 
1759 454 1383 1413 
1760 456 455 526 
1761 455 527 526 
1762 527 455 1413 
1763 457 456 525 
1764 456 526 525 
1765 458 457 1377 
1766 524 457 525 
1767 457 524 1377 
1768 459 458 1386 
1769 458 1377 1409 
1770 1386 458 1409 
1771 460 459 1408 
1772 1382 459 1386 
1773 459 1382 1408 
1774 461 460 1400 
1775 1400 460 1408 
1776 461 510 509 
1777 510 461 1400 
1778 463 462 1398 
1779 490 462 491 
1780 462 490 1398 
1781 464 463 1393 
1782 1393 463 1398 
1783 465 464 1434 
1784 464 1393 1434 
1785 466 465 520 
1786 520 465 521 
1787 521 465 1434 
1788 467 466 519 
1789 466 520 519 
1790 468 467 1420 
1791 467 519 1420 
1792 469 468 1412 
1793 468 1389 1412 
1794 1389 468 1420 
1795 470 469 541 
1796 541 469 1412 
1797 471 470 540 
1798 540 470 541 
1799 472 471 1423 
1800 471 540 539 
1801 471 539 1423 
1802 473 472 1425 
1803 472 1423 1425 
1804 474 473 1373 
1805 1373 473 1390 
1806 1390 473 1425 
1807 475 474 1384 
1808 474 1373 1384 
1809 476 475 1422 
1810 475 1384 1422 
1811 477 476 1376 
1812 1376 476 1422 
1813 478 477 1401 
1814 477 1376 1401 
1815 492 478 493 
1816 493 478 1401 
1817 480 479 1395 
1818 479 514 513 
1819 479 513 1395 
1820 481 480 1382 
1821 1382 480 1429 
1822 480 1395 1429 
1823 482 481 1421 
1824 481 1382 1386 
1825 481 1386 1421 
1826 483 482 1391 
1827 1391 482 1421 
1828 485 484 1407 
1829 486 485 1417 
1830 485 1407 1424 
1831 1417 485 1424 
1832 487 486 497 
1833 486 498 497 
1834 498 486 1417 
1835 488 487 1410 
1836 487 497 496 
1837 487 496 1410 
1838 488 516 515 
1839 516 488 1410 
1840 490 489 1398 
1841 1398 489 1427 
1842 494 493 1401 
1843 495 494 1411 
1844 494 1401 1411 
1845 495 1411 1435 
1846 499 498 1417 
1847 499 1417 1424 
1848 501 500 1418 
1849 500 1387 1418 
1850 502 501 1426 
1851 503 502 1431 
1852 504 503 1428 
1853 505 504 1396 
1854 1396 504 1428 
1855 506 505 1374 
1856 1374 505 1396 
1857 507 506 1397 
1858 506 1374 1397 
1859 511 510 1400 
1860 512 511 1379 
1861 1379 511 1400 
1862 513 512 1395 
1863 512 1379 1395 
1864 518 517 1420 
1865 517 543 1389 
1866 517 1389 1420 
1867 519 518 1420 
1868 522 521 1434 
1869 523 522 1393 
1870 1393 522 1434 
1871 523 1393 1427 
1872 528 527 1413 
1873 529 528 1383 
1874 1383 528 1413 
1875 530 529 1394 
1876 529 1383 1394 
1877 531 530 1402 
1878 530 1394 1402 
1879 532 531 1432 
1880 535 534 1415 
1881 536 535 1380 
1882 1380 535 1415 
1883 537 536 1430 
1884 536 1380 1430 
1885 538 537 1425 
1886 537 1390 1425 
1887 1390 537 1430 
1888 539 538 1423 
1889 1423 538 1425 
1890 542 541 1412 
1891 543 542 1412 
1892 1389 543 1412 
1893 1381 1372 1405 
1894 1372 1387 1388 
1895 1372 1388 1405 
1896 1384 1373 1399 
1897 1373 1390 1414 
1898 1399 1373 1414 
1899 1374 1392 1397 
1900 1392 1374 1403 
1901 1374 1396 1403 
1902 1375 1394 1406 
1903 1375 1406 1416 
1904 1388 1376 1405 
1905 1376 1388 1411 
1906 1401 1376 1411 
1907 1405 1376 1422 
1908 1377 1378 1409 
1909 1391 1378 1404 
1910 1378 1391 1421 
1911 1409 1378 1421 
1912 1395 1379 1429 
1913 1379 1400 1408 
1914 1379 1408 1429 
1915 1414 1380 1419 
1916 1380 1414 1430 
1917 1380 1415 1419 
1918 1384 1381 1422 
1919 1381 1384 1433 
1920 1381 1405 1422 
1921 1408 1382 1429 
1922 1394 1383 1406 
1923 1384 1399 1433 
1924 1385 1392 1403 
1925 1386 1409 1421 
1926 1411 1388 1435 
1927 1414 1390 1430 
1928 1393 1398 1427 
1929 1399 1414 1419 
2 19 2 322
1930 134 1554 5 
1931 5 1554 214 
1932 15 1511 12 
1933 12 1448 137 
1934 12 1466 1448 
1935 12 1511 1466 
1936 165 1477 15 
1937 15 1477 1455 
1938 1455 1511 15 
1939 17 1557 168 
1940 286 1557 17 
1941 212 1551 29 
1942 29 1551 573 
1943 34 1555 292 
1944 553 1555 34 
1945 36 1511 48 
1946 318 1446 36 
1947 1446 1466 36 
1948 1466 1511 36 
1949 37 1553 321 
1950 563 1553 37 
1951 48 1437 499 
1952 48 1455 1437 
1953 48 1511 1455 
1954 496 1556 55 
1955 55 1556 554 
1956 60 1563 544 
1957 560 1563 60 
1958 61 1552 561 
1959 564 1552 61 
1960 135 1453 134 
1961 1453 1554 134 
1962 136 1524 135 
1963 135 1524 1453 
1964 137 1536 136 
1965 136 1536 1524 
1966 1448 1536 137 
1967 166 1438 165 
1968 1438 1477 165 
1969 167 1509 166 
1970 166 1509 1438 
1971 168 1472 167 
1972 1472 1509 167 
1973 168 1557 1472 
1974 213 1471 212 
1975 1471 1551 212 
1976 214 1529 213 
1977 213 1529 1471 
1978 214 1554 1529 
1979 287 1528 286 
1980 1528 1557 286 
1981 288 1445 287 
1982 1445 1528 287 
1983 289 1516 288 
1984 288 1516 1445 
1985 290 1440 289 
1986 1440 1516 289 
1987 291 1517 290 
1988 290 1517 1440 
1989 292 1534 291 
1990 291 1534 1517 
1991 292 1555 1534 
1992 319 1549 318 
1993 318 1549 1446 
1994 320 1559 319 
1995 1480 1549 319 
1996 319 1559 1480 
1997 321 1454 320 
1998 1454 1559 320 
1999 321 1553 1454 
2000 497 1512 496 
2001 1512 1556 496 
2002 498 1450 497 
2003 1450 1512 497 
2004 499 1541 498 
2005 498 1541 1450 
2006 1437 1541 499 
2007 544 1452 545 
2008 544 1563 1452 
2009 545 1514 546 
2010 1452 1514 545 
2011 546 1441 547 
2012 546 1514 1441 
2013 547 1518 548 
2014 1441 1518 547 
2015 548 1436 549 
2016 548 1518 1436 
2017 549 1520 550 
2018 1436 1520 549 
2019 550 1442 551 
2020 550 1520 1442 
2021 551 1527 552 
2022 1442 1527 551 
2023 552 1451 553 
2024 552 1527 1451 
2025 1451 1555 553 
2026 554 1531 555 
2027 554 1556 1531 
2028 555 1443 556 
2029 555 1531 1443 
2030 556 1521 557 
2031 1443 1521 556 
2032 557 1439 558 
2033 557 1521 1439 
2034 558 1546 559 
2035 1439 1546 558 
2036 559 1550 560 
2037 559 1546 1503 
2038 1503 1550 559 
2039 1550 1563 560 
2040 561 1470 562 
2041 561 1552 1470 
2042 562 1530 563 
2043 1470 1530 562 
2044 1530 1553 563 
2045 565 1533 564 
2046 1533 1552 564 
2047 566 1447 565 
2048 1447 1533 565 
2049 567 1513 566 
2050 566 1513 1447 
2051 568 1538 567 
2052 567 1538 1513 
2053 569 1444 568 
2054 1444 1538 568 
2055 570 1545 569 
2056 569 1545 1444 
2057 571 1547 570 
2058 570 1547 1545 
2059 572 1449 571 
2060 1449 1547 571 
2061 573 1532 572 
2062 572 1532 1449 
2063 573 1551 1532 
2064 1436 1519 1495 
2065 1495 1520 1436 
2066 1518 1519 1436 
2067 1455 1456 1437 
2068 1456 1476 1437 
2069 1476 1541 1437 
2070 1438 1526 1477 
2071 1509 1537 1438 
2072 1438 1537 1526 
2073 1501 1546 1439 
2074 1439 1561 1501 
2075 1521 1561 1439 
2076 1440 1539 1516 
2077 1517 1562 1440 
2078 1440 1562 1539 
2079 1441 1515 1478 
2080 1478 1518 1441 
2081 1514 1515 1441 
2082 1442 1523 1508 
2083 1508 1527 1442 
2084 1520 1523 1442 
2085 1498 1521 1443 
2086 1443 1542 1498 
2087 1531 1542 1443 
2088 1484 1544 1444 
2089 1444 1545 1484 
2090 1444 1544 1538 
2091 1516 1540 1445 
2092 1522 1528 1445 
2093 1445 1540 1522 
2094 1446 1473 1466 
2095 1446 1474 1473 
2096 1446 1549 1474 
2097 1479 1481 1447 
2098 1447 1513 1479 
2099 1481 1533 1447 
2100 1466 1482 1448 
2101 1482 1483 1448 
2102 1483 1536 1448 
2103 1485 1547 1449 
2104 1449 1548 1485 
2105 1532 1560 1449 
2106 1449 1560 1548 
2107 1450 1542 1512 
2108 1541 1543 1450 
2109 1450 1543 1542 
2110 1527 1535 1451 
2111 1451 1535 1534 
2112 1534 1555 1451 
2113 1452 1503 1502 
2114 1502 1514 1452 
2115 1452 1550 1503 
2116 1452 1563 1550 
2117 1524 1525 1453 
2118 1525 1529 1453 
2119 1529 1554 1453 
2120 1454 1558 1481 
2121 1481 1559 1454 
2122 1454 1553 1530 
2123 1530 1558 1454 
2124 1455 1457 1456 
2125 1455 1477 1457 
2126 1457 1458 1456 
2127 1458 1459 1456 
2128 1459 1476 1456 
2129 1457 1487 1458 
2130 1477 1526 1457 
2131 1457 1526 1487 
2132 1458 1460 1459 
2133 1458 1461 1460 
2134 1458 1487 1461 
2135 1460 1462 1459 
2136 1462 1496 1459 
2137 1459 1496 1476 
2138 1461 1499 1460 
2139 1460 1463 1462 
2140 1460 1499 1463 
2141 1487 1488 1461 
2142 1488 1489 1461 
2143 1489 1499 1461 
2144 1463 1464 1462 
2145 1464 1465 1462 
2146 1465 1496 1462 
2147 1463 1467 1464 
2148 1463 1469 1467 
2149 1463 1499 1469 
2150 1464 1500 1465 
2151 1467 1468 1464 
2152 1468 1500 1464 
2153 1465 1497 1496 
2154 1465 1498 1497 
2155 1465 1500 1498 
2156 1473 1482 1466 
2157 1467 1515 1468 
2158 1469 1478 1467 
2159 1478 1515 1467 
2160 1468 1501 1500 
2161 1468 1502 1501 
2162 1468 1515 1502 
2163 1469 1519 1478 
2164 1469 1499 1494 
2165 1494 1519 1469 
2166 1470 1558 1530 
2167 1470 1552 1533 
2168 1533 1558 1470 
2169 1529 1560 1471 
2170 1532 1551 1471 
2171 1471 1560 1532 
2172 1472 1522 1509 
2173 1472 1528 1522 
2174 1472 1557 1528 
2175 1474 1475 1473 
2176 1475 1544 1473 
2177 1473 1544 1482 
2178 1474 1479 1475 
2179 1474 1480 1479 
2180 1474 1549 1480 
2181 1479 1513 1475 
2182 1513 1538 1475 
2183 1538 1544 1475 
2184 1496 1543 1476 
2185 1476 1543 1541 
2186 1478 1519 1518 
2187 1480 1481 1479 
2188 1480 1559 1481 
2189 1481 1558 1533 
2190 1482 1484 1483 
2191 1482 1544 1484 
2192 1484 1485 1483 
2193 1485 1486 1483 
2194 1486 1536 1483 
2195 1484 1545 1485 
2196 1485 1548 1486 
2197 1545 1547 1485 
2198 1486 1525 1524 
2199 1524 1536 1486 
2200 1486 1548 1525 
2201 1487 1510 1488 
2202 1487 1526 1510 
2203 1488 1490 1489 
2204 1488 1491 1490 
2205 1488 1510 1491 
2206 1490 1492 1489 
2207 1492 1494 1489 
2208 1494 1499 1489 
2209 1491 1504 1490 
2210 1490 1493 1492 
2211 1490 1504 1493 
2212 1491 1506 1504 
2213 1491 1507 1506 
2214 1491 1510 1507 
2215 1493 1523 1492 
2216 1492 1495 1494 
2217 1492 1523 1495 
2218 1504 1505 1493 
2219 1505 1508 1493 
2220 1508 1523 1493 
2221 1495 1519 1494 
2222 1495 1523 1520 
2223 1497 1543 1496 
2224 1498 1542 1497 
2225 1542 1543 1497 
2226 1500 1561 1498 
2227 1498 1561 1521 
2228 1501 1561 1500 
2229 1502 1503 1501 
2230 1503 1546 1501 
2231 1502 1515 1514 
2232 1504 1539 1505 
2233 1506 1539 1504 
2234 1505 1535 1508 
2235 1505 1562 1535 
2236 1539 1562 1505 
2237 1507 1540 1506 
2238 1516 1539 1506 
2239 1506 1540 1516 
2240 1510 1537 1507 
2241 1507 1537 1522 
2242 1522 1540 1507 
2243 1508 1535 1527 
2244 1522 1537 1509 
2245 1526 1537 1510 
2246 1512 1542 1531 
2247 1531 1556 1512 
2248 1534 1535 1517 
2249 1535 1562 1517 
2250 1525 1560 1529 
2251 1548 1560 1525 
2 20 2 186
2252 361 1629 37 
2253 37 1629 563 
2254 43 1625 377 
2255 576 1625 43 
2256 561 1626 61 
2257 61 1626 593 
2258 62 1628 574 
2259 577 1628 62 
2260 362 1612 361 
2261 1612 1629 361 
2262 363 1566 362 
2263 1566 1612 362 
2264 364 1607 363 
2265 363 1607 1566 
2266 365 1567 364 
2267 1567 1607 364 
2268 366 1587 365 
2269 365 1587 1567 
2270 367 1571 366 
2271 1571 1587 366 
2272 368 1622 367 
2273 367 1622 1571 
2274 369 1627 368 
2275 368 1627 1622 
2276 370 1564 369 
2277 1564 1627 369 
2278 371 1603 370 
2279 370 1603 1564 
2280 372 1598 371 
2281 1598 1603 371 
2282 373 1574 372 
2283 1574 1598 372 
2284 374 1604 373 
2285 373 1604 1574 
2286 375 1572 374 
2287 1572 1604 374 
2288 376 1615 375 
2289 375 1615 1572 
2290 377 1581 376 
2291 1581 1615 376 
2292 377 1625 1581 
2293 562 1578 561 
2294 1578 1626 561 
2295 563 1583 562 
2296 562 1583 1578 
2297 563 1629 1583 
2298 574 1579 575 
2299 574 1628 1579 
2300 575 1577 576 
2301 575 1579 1577 
2302 1577 1625 576 
2303 578 1611 577 
2304 1611 1628 577 
2305 579 1570 578 
2306 1570 1611 578 
2307 580 1605 579 
2308 579 1605 1570 
2309 581 1569 580 
2310 1569 1605 580 
2311 582 1624 581 
2312 581 1624 1569 
2313 583 1568 582 
2314 1568 1624 582 
2315 584 1609 583 
2316 583 1609 1568 
2317 585 1576 584 
2318 1576 1609 584 
2319 586 1591 585 
2320 585 1591 1576 
2321 587 1565 586 
2322 1565 1591 586 
2323 588 1608 587 
2324 587 1608 1565 
2325 589 1573 588 
2326 1573 1608 588 
2327 590 1623 589 
2328 589 1623 1573 
2329 591 1575 590 
2330 1575 1623 590 
2331 592 1616 591 
2332 591 1616 1575 
2333 593 1585 592 
2334 1585 1616 592 
2335 593 1626 1585 
2336 1595 1627 1564 
2337 1564 1634 1595 
2338 1603 1620 1564 
2339 1620 1634 1564 
2340 1565 1592 1591 
2341 1565 1593 1592 
2342 1565 1608 1593 
2343 1584 1612 1566 
2344 1566 1613 1584 
2345 1607 1613 1566 
2346 1587 1588 1567 
2347 1588 1589 1567 
2348 1589 1607 1567 
2349 1568 1621 1601 
2350 1601 1624 1568 
2351 1609 1635 1568 
2352 1568 1635 1621 
2353 1569 1624 1601 
2354 1601 1633 1569 
2355 1569 1606 1605 
2356 1569 1633 1606 
2357 1580 1611 1570 
2358 1570 1614 1580 
2359 1605 1614 1570 
2360 1571 1610 1587 
2361 1571 1622 1594 
2362 1594 1632 1571 
2363 1571 1632 1610 
2364 1572 1615 1582 
2365 1582 1617 1572 
2366 1572 1630 1604 
2367 1617 1630 1572 
2368 1573 1623 1590 
2369 1590 1631 1573 
2370 1573 1619 1608 
2371 1573 1631 1619 
2372 1574 1599 1598 
2373 1574 1600 1599 
2374 1574 1604 1600 
2375 1575 1616 1586 
2376 1586 1618 1575 
2377 1575 1618 1590 
2378 1590 1623 1575 
2379 1591 1596 1576 
2380 1596 1597 1576 
2381 1597 1609 1576 
2382 1579 1580 1577 
2383 1580 1581 1577 
2384 1581 1625 1577 
2385 1583 1584 1578 
2386 1584 1585 1578 
2387 1585 1626 1578 
2388 1579 1611 1580 
2389 1579 1628 1611 
2390 1580 1582 1581 
2391 1580 1614 1582 
2392 1582 1615 1581 
2393 1614 1617 1582 
2394 1583 1612 1584 
2395 1583 1629 1612 
2396 1584 1586 1585 
2397 1584 1613 1586 
2398 1586 1616 1585 
2399 1613 1618 1586 
2400 1587 1610 1588 
2401 1588 1590 1589 
2402 1588 1631 1590 
2403 1610 1631 1588 
2404 1590 1618 1589 
2405 1589 1613 1607 
2406 1589 1618 1613 
2407 1592 1596 1591 
2408 1593 1594 1592 
2409 1594 1595 1592 
2410 1595 1596 1592 
2411 1593 1632 1594 
2412 1608 1619 1593 
2413 1593 1619 1610 
2414 1610 1632 1593 
2415 1594 1622 1595 
2416 1595 1634 1596 
2417 1622 1627 1595 
2418 1596 1634 1597 
2419 1597 1620 1602 
2420 1602 1635 1597 
2421 1597 1635 1609 
2422 1597 1634 1620 
2423 1599 1602 1598 
2424 1602 1603 1598 
2425 1600 1601 1599 
2426 1601 1621 1599 
2427 1599 1621 1602 
2428 1600 1633 1601 
2429 1604 1630 1600 
2430 1630 1633 1600 
2431 1602 1620 1603 
2432 1621 1635 1602 
2433 1606 1614 1605 
2434 1606 1617 1614 
2435 1606 1630 1617 
2436 1606 1633 1630 
2437 1619 1631 1610 
2 21 2 380
2438 57 1793 543 
2439 594 1793 57 
2440 524 1791 58 
2441 58 1791 621 
2442 63 1794 600 
2443 620 1794 63 
2444 64 1792 601 
2445 627 1792 64 
2446 525 1772 524 
2447 1772 1791 524 
2448 526 1652 525 
2449 1652 1772 525 
2450 527 1786 526 
2451 526 1786 1652 
2452 528 1637 527 
2453 1637 1786 527 
2454 529 1784 528 
2455 528 1784 1637 
2456 530 1783 529 
2457 1783 1784 529 
2458 531 1644 530 
2459 1644 1783 530 
2460 532 1780 531 
2461 531 1780 1644 
2462 533 1777 532 
2463 1777 1780 532 
2464 534 1639 533 
2465 1639 1777 533 
2466 535 1767 534 
2467 534 1767 1639 
2468 536 1765 535 
2469 1765 1767 535 
2470 537 1640 536 
2471 1640 1765 536 
2472 538 1749 537 
2473 537 1749 1640 
2474 539 1657 538 
2475 1657 1749 538 
2476 540 1636 539 
2477 1636 1657 539 
2478 541 1755 540 
2479 540 1755 1636 
2480 542 1650 541 
2481 1650 1755 541 
2482 543 1753 542 
2483 542 1753 1650 
2484 543 1793 1753 
2485 595 1769 594 
2486 1769 1793 594 
2487 596 1653 595 
2488 1653 1769 595 
2489 597 1757 596 
2490 596 1757 1653 
2491 598 1645 597 
2492 1645 1757 597 
2493 599 1759 598 
2494 598 1759 1645 
2495 600 1771 599 
2496 599 1771 1759 
2497 600 1794 1771 
2498 601 1656 602 
2499 601 1792 1656 
2500 602 1752 603 
2501 1656 1752 602 
2502 603 1643 604 
2503 603 1752 1643 
2504 604 1750 605 
2505 1643 1750 604 
2506 605 1648 606 
2507 605 1750 1648 
2508 606 1751 607 
2509 1648 1751 606 
2510 607 1638 608 
2511 607 1751 1638 
2512 608 1754 609 
2513 1638 1754 608 
2514 609 1760 610 
2515 1754 1760 609 
2516 610 1647 611 
2517 610 1760 1647 
2518 611 1766 612 
2519 1647 1766 611 
2520 612 1642 613 
2521 612 1766 1642 
2522 613 1773 614 
2523 1642 1773 613 
2524 614 1775 615 
2525 1773 1775 614 
2526 615 1641 616 
2527 615 1775 1641 
2528 616 1781 617 
2529 1641 1781 616 
2530 617 1649 618 
2531 617 1781 1649 
2532 618 1776 619 
2533 1649 1776 618 
2534 619 1654 620 
2535 619 1776 1654 
2536 1654 1794 620 
2537 621 1655 622 
2538 621 1791 1655 
2539 622 1756 623 
2540 1655 1756 622 
2541 623 1646 624 
2542 623 1756 1646 
2543 624 1758 625 
2544 1646 1758 624 
2545 625 1651 626 
2546 625 1758 1651 
2547 626 1770 627 
2548 1651 1770 626 
2549 1770 1792 627 
2550 1636 1658 1657 
2551 1636 1699 1658 
2552 1636 1755 1699 
2553 1637 1785 1698 
2554 1698 1786 1637 
2555 1637 1784 1731 
2556 1731 1785 1637 
2557 1638 1745 1725 
2558 1725 1754 1638 
2559 1638 1751 1745 
2560 1639 1774 1728 
2561 1728 1777 1639 
2562 1767 1774 1639 
2563 1640 1762 1715 
2564 1715 1765 1640 
2565 1749 1762 1640 
2566 1641 1779 1713 
2567 1713 1781 1641 
2568 1775 1779 1641 
2569 1642 1768 1719 
2570 1719 1773 1642 
2571 1766 1768 1642 
2572 1643 1742 1734 
2573 1734 1750 1643 
2574 1643 1752 1742 
2575 1644 1782 1730 
2576 1730 1783 1644 
2577 1780 1782 1644 
2578 1645 1759 1708 
2579 1708 1796 1645 
2580 1645 1796 1757 
2581 1739 1758 1646 
2582 1646 1795 1739 
2583 1756 1795 1646 
2584 1647 1763 1722 
2585 1722 1766 1647 
2586 1760 1763 1647 
2587 1733 1736 1648 
2588 1648 1750 1733 
2589 1736 1751 1648 
2590 1713 1778 1649 
2591 1649 1781 1713 
2592 1649 1778 1776 
2593 1753 1764 1650 
2594 1650 1761 1755 
2595 1650 1764 1761 
2596 1743 1770 1651 
2597 1651 1789 1743 
2598 1758 1789 1651 
2599 1652 1786 1698 
2600 1698 1797 1652 
2601 1652 1787 1772 
2602 1652 1797 1787 
2603 1757 1790 1653 
2604 1764 1769 1653 
2605 1653 1790 1764 
2606 1654 1776 1709 
2607 1709 1788 1654 
2608 1654 1788 1771 
2609 1771 1794 1654 
2610 1738 1756 1655 
2611 1655 1787 1738 
2612 1772 1787 1655 
2613 1655 1791 1772 
2614 1743 1752 1656 
2615 1656 1770 1743 
2616 1656 1792 1770 
2617 1658 1659 1657 
2618 1659 1749 1657 
2619 1658 1660 1659 
2620 1658 1662 1660 
2621 1658 1699 1662 
2622 1660 1661 1659 
2623 1661 1762 1659 
2624 1659 1762 1749 
2625 1660 1663 1661 
2626 1662 1710 1660 
2627 1660 1710 1663 
2628 1663 1664 1661 
2629 1664 1714 1661 
2630 1714 1762 1661 
2631 1699 1700 1662 
2632 1700 1701 1662 
2633 1701 1710 1662 
2634 1663 1665 1664 
2635 1663 1666 1665 
2636 1663 1710 1666 
2637 1665 1667 1664 
2638 1667 1668 1664 
2639 1668 1714 1664 
2640 1666 1748 1665 
2641 1665 1688 1667 
2642 1665 1748 1688 
2643 1710 1711 1666 
2644 1711 1712 1666 
2645 1712 1748 1666 
2646 1667 1669 1668 
2647 1667 1718 1669 
2648 1688 1718 1667 
2649 1669 1670 1668 
2650 1670 1692 1668 
2651 1692 1714 1668 
2652 1669 1671 1670 
2653 1669 1695 1671 
2654 1669 1718 1695 
2655 1671 1672 1670 
2656 1672 1717 1670 
2657 1670 1717 1692 
2658 1671 1673 1672 
2659 1671 1721 1673 
2660 1695 1721 1671 
2661 1673 1674 1672 
2662 1674 1746 1672 
2663 1672 1746 1717 
2664 1673 1675 1674 
2665 1673 1723 1675 
2666 1721 1723 1673 
2667 1675 1676 1674 
2668 1676 1690 1674 
2669 1690 1746 1674 
2670 1675 1677 1676 
2671 1675 1691 1677 
2672 1675 1723 1691 
2673 1677 1678 1676 
2674 1678 1726 1676 
2675 1676 1726 1690 
2676 1677 1679 1678 
2677 1677 1744 1679 
2678 1691 1744 1677 
2679 1679 1680 1678 
2680 1680 1729 1678 
2681 1678 1729 1726 
2682 1679 1681 1680 
2683 1679 1694 1681 
2684 1679 1744 1694 
2685 1681 1682 1680 
2686 1682 1687 1680 
2687 1687 1729 1680 
2688 1681 1683 1682 
2689 1681 1732 1683 
2690 1694 1732 1681 
2691 1683 1684 1682 
2692 1684 1735 1682 
2693 1682 1735 1687 
2694 1683 1685 1684 
2695 1683 1693 1685 
2696 1683 1732 1693 
2697 1685 1686 1684 
2698 1686 1696 1684 
2699 1696 1735 1684 
2700 1685 1689 1686 
2701 1685 1741 1689 
2702 1693 1741 1685 
2703 1689 1737 1686 
2704 1686 1697 1696 
2705 1686 1737 1697 
2706 1687 1730 1729 
2707 1687 1731 1730 
2708 1687 1735 1731 
2709 1688 1719 1718 
2710 1688 1720 1719 
2711 1688 1748 1720 
2712 1689 1739 1737 
2713 1689 1740 1739 
2714 1689 1741 1740 
2715 1726 1727 1690 
2716 1727 1728 1690 
2717 1728 1746 1690 
2718 1723 1724 1691 
2719 1724 1725 1691 
2720 1725 1744 1691 
2721 1692 1715 1714 
2722 1692 1716 1715 
2723 1692 1717 1716 
2724 1732 1733 1693 
2725 1733 1734 1693 
2726 1734 1741 1693 
2727 1694 1736 1732 
2728 1694 1745 1736 
2729 1744 1745 1694 
2730 1718 1768 1695 
2731 1695 1722 1721 
2732 1695 1768 1722 
2733 1697 1698 1696 
2734 1698 1785 1696 
2735 1696 1785 1735 
2736 1697 1797 1698 
2737 1737 1738 1697 
2738 1738 1797 1697 
2739 1699 1761 1700 
2740 1755 1761 1699 
2741 1700 1702 1701 
2742 1700 1704 1702 
2743 1700 1761 1704 
2744 1702 1703 1701 
2745 1703 1711 1701 
2746 1701 1711 1710 
2747 1702 1705 1703 
2748 1704 1747 1702 
2749 1702 1747 1705 
2750 1705 1706 1703 
2751 1706 1707 1703 
2752 1707 1711 1703 
2753 1704 1790 1747 
2754 1761 1764 1704 
2755 1764 1790 1704 
2756 1705 1708 1706 
2757 1705 1796 1708 
2758 1747 1796 1705 
2759 1706 1778 1707 
2760 1708 1709 1706 
2761 1709 1778 1706 
2762 1707 1712 1711 
2763 1707 1713 1712 
2764 1707 1778 1713 
2765 1708 1788 1709 
2766 1759 1788 1708 
2767 1776 1778 1709 
2768 1713 1779 1712 
2769 1712 1779 1748 
2770 1715 1762 1714 
2771 1716 1765 1715 
2772 1717 1774 1716 
2773 1716 1767 1765 
2774 1716 1774 1767 
2775 1746 1774 1717 
2776 1719 1768 1718 
2777 1720 1773 1719 
2778 1748 1779 1720 
2779 1720 1775 1773 
2780 1720 1779 1775 
2781 1722 1763 1721 
2782 1721 1763 1723 
2783 1722 1768 1766 
2784 1723 1763 1724 
2785 1724 1754 1725 
2786 1724 1760 1754 
2787 1724 1763 1760 
2788 1725 1745 1744 
2789 1726 1782 1727 
2790 1729 1782 1726 
2791 1727 1777 1728 
2792 1727 1780 1777 
2793 1727 1782 1780 
2794 1728 1774 1746 
2795 1730 1782 1729 
2796 1731 1783 1730 
2797 1735 1785 1731 
2798 1731 1784 1783 
2799 1732 1736 1733 
2800 1733 1750 1734 
2801 1734 1742 1741 
2802 1745 1751 1736 
2803 1737 1795 1738 
2804 1739 1795 1737 
2805 1738 1795 1756 
2806 1787 1797 1738 
2807 1740 1789 1739 
2808 1739 1789 1758 
2809 1741 1742 1740 
2810 1742 1743 1740 
2811 1743 1789 1740 
2812 1742 1752 1743 
2813 1747 1790 1757 
2814 1757 1796 1747 
2815 1753 1769 1764 
2816 1753 1793 1769 
2817 1771 1788 1759 
2 22 2 216
2818 39 1868 346 
2819 630 1868 39 
2820 327 1867 40 
2821 40 1867 653 
2822 65 1874 628 
2823 631 1874 65 
2824 66 1875 650 
2825 651 1875 66 
2826 328 1821 327 
2827 1821 1867 327 
2828 329 1858 328 
2829 328 1858 1821 
2830 330 1806 329 
2831 1806 1858 329 
2832 331 1864 330 
2833 330 1864 1806 
2834 332 1800 331 
2835 1800 1864 331 
2836 333 1842 332 
2837 332 1842 1800 
2838 334 1803 333 
2839 1803 1842 333 
2840 335 1849 334 
2841 334 1849 1803 
2842 336 1805 335 
2843 1805 1849 335 
2844 337 1835 336 
2845 336 1835 1805 
2846 338 1802 337 
2847 1802 1835 337 
2848 339 1827 338 
2849 338 1827 1802 
2850 340 1846 339 
2851 339 1846 1827 
2852 341 1812 340 
2853 1812 1846 340 
2854 342 1865 341 
2855 341 1865 1812 
2856 343 1860 342 
2857 1860 1865 342 
2858 344 1799 343 
2859 1799 1860 343 
2860 345 1859 344 
2861 344 1859 1799 
2862 346 1817 345 
2863 1817 1859 345 
2864 346 1868 1817 
2865 628 1815 629 
2866 628 1874 1815 
2867 629 1813 630 
2868 629 1815 1813 
2869 1813 1868 630 
2870 632 1855 631 
2871 1855 1874 631 
2872 633 1808 632 
2873 1808 1855 632 
2874 634 1851 633 
2875 633 1851 1808 
2876 635 1844 634 
2877 1844 1851 634 
2878 636 1804 635 
2879 1804 1844 635 
2880 637 1836 636 
2881 636 1836 1804 
2882 638 1801 637 
2883 1801 1836 637 
2884 639 1878 638 
2885 638 1878 1801 
2886 640 1877 639 
2887 639 1877 1863 
2888 1863 1878 639 
2889 641 1810 640 
2890 1810 1877 640 
2891 642 1847 641 
2892 641 1847 1810 
2893 643 1807 642 
2894 1807 1847 642 
2895 644 1833 643 
2896 643 1833 1807 
2897 645 1811 644 
2898 1811 1833 644 
2899 646 1845 645 
2900 645 1845 1811 
2901 647 1809 646 
2902 1809 1845 646 
2903 648 1823 647 
2904 647 1823 1809 
2905 649 1798 648 
2906 1798 1823 648 
2907 650 1854 649 
2908 649 1854 1798 
2909 650 1875 1854 
2910 652 1819 651 
2911 1819 1875 651 
2912 653 1814 652 
2913 1814 1819 652 
2914 653 1867 1814 
2915 1798 1854 1820 
2916 1820 1856 1798 
2917 1798 1856 1823 
2918 1799 1859 1818 
2919 1818 1873 1799 
2920 1840 1860 1799 
2921 1799 1873 1840 
2922 1826 1864 1800 
2923 1800 1879 1826 
2924 1842 1843 1800 
2925 1843 1879 1800 
2926 1801 1853 1836 
2927 1801 1881 1853 
2928 1878 1881 1801 
2929 1827 1828 1802 
2930 1828 1829 1802 
2931 1829 1835 1802 
2932 1803 1869 1842 
2933 1849 1850 1803 
2934 1850 1869 1803 
2935 1836 1837 1804 
2936 1837 1838 1804 
2937 1838 1844 1804 
2938 1835 1861 1805 
2939 1805 1871 1849 
2940 1861 1871 1805 
2941 1822 1858 1806 
2942 1806 1866 1822 
2943 1806 1864 1826 
2944 1826 1866 1806 
2945 1833 1870 1807 
2946 1807 1848 1847 
2947 1807 1870 1848 
2948 1816 1855 1808 
2949 1808 1857 1816 
2950 1851 1857 1808 
2951 1823 1824 1809 
2952 1824 1825 1809 
2953 1825 1845 1809 
2954 1847 1852 1810 
2955 1852 1880 1810 
2956 1810 1880 1877 
2957 1811 1834 1833 
2958 1811 1872 1834 
2959 1845 1872 1811 
2960 1812 1865 1839 
2961 1839 1876 1812 
2962 1812 1862 1846 
2963 1812 1876 1862 
2964 1815 1816 1813 
2965 1816 1817 1813 
2966 1817 1868 1813 
2967 1814 1820 1819 
2968 1814 1821 1820 
2969 1814 1867 1821 
2970 1815 1855 1816 
2971 1815 1874 1855 
2972 1816 1818 1817 
2973 1816 1857 1818 
2974 1818 1859 1817 
2975 1857 1873 1818 
2976 1820 1854 1819 
2977 1854 1875 1819 
2978 1821 1822 1820 
2979 1822 1856 1820 
2980 1821 1858 1822 
2981 1822 1866 1856 
2982 1823 1856 1824 
2983 1824 1826 1825 
2984 1824 1866 1826 
2985 1856 1866 1824 
2986 1826 1879 1825 
2987 1843 1872 1825 
2988 1825 1879 1843 
2989 1825 1872 1845 
2990 1827 1830 1828 
2991 1827 1846 1830 
2992 1828 1831 1829 
2993 1830 1832 1828 
2994 1828 1832 1831 
2995 1831 1880 1829 
2996 1829 1861 1835 
2997 1852 1861 1829 
2998 1829 1880 1852 
2999 1830 1881 1832 
3000 1846 1862 1830 
3001 1830 1862 1853 
3002 1853 1881 1830 
3003 1832 1863 1831 
3004 1863 1877 1831 
3005 1877 1880 1831 
3006 1832 1878 1863 
3007 1832 1881 1878 
3008 1834 1870 1833 
3009 1843 1869 1834 
3010 1834 1872 1843 
3011 1834 1869 1850 
3012 1850 1870 1834 
3013 1836 1853 1837 
3014 1837 1839 1838 
3015 1837 1876 1839 
3016 1853 1876 1837 
3017 1839 1840 1838 
3018 1840 1841 1838 
3019 1841 1844 1838 
3020 1839 1860 1840 
3021 1839 1865 1860 
3022 1840 1873 1841 
3023 1841 1851 1844 
3024 1841 1857 1851 
3025 1841 1873 1857 
3026 1842 1869 1843 
3027 1848 1852 1847 
3028 1848 1870 1850 
3029 1850 1871 1848 
3030 1848 1861 1852 
3031 1848 1871 1861 
3032 1849 1871 1850 
3033 1862 1876 1853 
2 23 2 16
3034 58 621 59 
3035 621 654 59 
3036 67 627 64 
3037 660 627 67 
3038 622 654 621 
3039 623 655 622 
3040 622 655 654 
3041 657 623 624 
3042 656 655 623 
3043 656 623 657 
3044 624 625 657 
3045 659 625 626 
3046 657 625 658 
3047 659 658 625 
3048 659 626 627 
3049 659 627 660 
2 24 2 8
3050 39 38 630 
3051 630 38 663 
3052 68 65 628 
3053 661 68 628 
3054 662 628 629 
3055 662 661 628 
3056 630 662 629 
3057 663 662 630 
2 25 2 16
3058 59 198 26 
3059 67 27 660 
3060 660 27 204 
3061 654 198 59 
3062 198 655 199 
3063 654 655 198 
3064 199 655 200 
3065 656 201 200 
3066 655 656 200 
3067 202 201 657 
3068 657 201 656 
3069 202 658 203 
3070 657 658 202 
3071 203 659 204 
3072 658 659 203 
3073 659 660 204 
2 26 2 8
3074 195 22 68 
3075 38 23 197 
3076 663 38 197 
3077 661 195 68 
3078 195 662 196 
3079 661 662 195 
3080 196 662 197 
3081 197 662 663 
2 27 2 132
3082 70 1882 30 
3083 30 1882 218 
3084 31 1883 69 
3085 249 1883 31 
3086 69 1883 664 
3087 695 1882 70 
3088 218 1885 219 
3089 218 1882 695 
3090 695 1885 218 
3091 219 1884 220 
3092 694 1884 219 
3093 219 1885 694 
3094 220 1886 221 
3095 220 1884 693 
3096 693 1886 220 
3097 221 1887 222 
3098 221 1886 692 
3099 692 1887 221 
3100 222 1888 223 
3101 222 1887 691 
3102 691 1888 222 
3103 223 1889 224 
3104 223 1888 690 
3105 690 1889 223 
3106 224 1890 225 
3107 224 1889 689 
3108 689 1890 224 
3109 225 1891 226 
3110 225 1890 688 
3111 688 1891 225 
3112 226 1892 227 
3113 226 1891 687 
3114 687 1892 226 
3115 227 1893 228 
3116 227 1892 686 
3117 686 1893 227 
3118 228 1894 229 
3119 228 1893 685 
3120 685 1894 228 
3121 229 1895 230 
3122 229 1894 684 
3123 684 1895 229 
3124 230 1896 231 
3125 230 1895 683 
3126 683 1896 230 
3127 231 1897 232 
3128 231 1896 682 
3129 682 1897 231 
3130 232 1898 233 
3131 232 1897 681 
3132 681 1898 232 
3133 233 1899 234 
3134 233 1898 680 
3135 680 1899 233 
3136 234 1900 235 
3137 234 1899 679 
3138 679 1900 234 
3139 235 1901 236 
3140 235 1900 678 
3141 678 1901 235 
3142 236 1902 237 
3143 236 1901 677 
3144 677 1902 236 
3145 237 1903 238 
3146 237 1902 676 
3147 676 1903 237 
3148 238 1904 239 
3149 238 1903 675 
3150 675 1904 238 
3151 239 1905 240 
3152 239 1904 674 
3153 674 1905 239 
3154 240 1906 241 
3155 240 1905 673 
3156 673 1906 240 
3157 241 1907 242 
3158 241 1906 672 
3159 672 1907 241 
3160 242 1908 243 
3161 242 1907 671 
3162 671 1908 242 
3163 243 1909 244 
3164 243 1908 670 
3165 670 1909 243 
3166 244 1910 245 
3167 244 1909 669 
3168 669 1910 244 
3169 245 1911 246 
3170 245 1910 668 
3171 668 1911 245 
3172 246 1912 247 
3173 246 1911 667 
3174 667 1912 246 
3175 247 1913 248 
3176 247 1912 666 
3177 666 1913 247 
3178 248 1914 249 
3179 248 1913 665 
3180 665 1914 248 
3181 664 1883 249 
3182 249 1914 664 
3183 664 1914 665 
3184 665 1913 666 
3185 666 1912 667 
3186 667 1911 668 
3187 668 1910 669 
3188 669 1909 670 
3189 670 1908 671 
3190 671 1907 672 
3191 672 1906 673 
3192 673 1905 674 
3193 674 1904 675 
3194 675 1903 676 
3195 676 1902 677 
3196 677 1901 678 
3197 678 1900 679 
3198 679 1899 680 
3199 680 1898 681 
3200 681 1897 682 
3201 682 1896 683 
3202 683 1895 684 
3203 684 1894 685 
3204 685 1893 686 
3205 686 1892 687 
3206 687 1891 688 
3207 688 1890 689 
3208 689 1889 690 
3209 690 1888 691 
3210 691 1887 692 
3211 692 1886 693 
3212 693 1884 694 
3213 694 1885 695 
2 28 2 122
3214 696 69 664 
3215 695 70 697 
3216 696 1916 71 
3217 71 1916 698 
3218 72 1917 697 
3219 725 1917 72 
3220 665 1926 664 
3221 664 1916 696 
3222 664 1926 1916 
3223 666 1934 665 
3224 665 1934 1926 
3225 667 1942 666 
3226 666 1942 1934 
3227 668 1942 667 
3228 669 1936 668 
3229 1936 1942 668 
3230 670 1928 669 
3231 1928 1936 669 
3232 671 1920 670 
3233 1920 1928 670 
3234 672 1918 671 
3235 1918 1920 671 
3236 673 1924 672 
3237 672 1924 1918 
3238 674 1932 673 
3239 673 1932 1924 
3240 675 1940 674 
3241 674 1940 1932 
3242 676 1940 675 
3243 677 1938 676 
3244 1938 1940 676 
3245 678 1930 677 
3246 1930 1938 677 
3247 679 1922 678 
3248 1922 1930 678 
3249 680 1915 679 
3250 1915 1922 679 
3251 681 1923 680 
3252 680 1923 1915 
3253 682 1931 681 
3254 681 1931 1923 
3255 683 1939 682 
3256 682 1939 1931 
3257 684 1941 683 
3258 683 1941 1939 
3259 685 1941 684 
3260 686 1933 685 
3261 1933 1941 685 
3262 687 1925 686 
3263 1925 1933 686 
3264 688 1919 687 
3265 1919 1925 687 
3266 689 1921 688 
3267 688 1921 1919 
3268 690 1929 689 
3269 689 1929 1921 
3270 691 1937 690 
3271 690 1937 1929 
3272 692 1943 691 
3273 691 1943 1937 
3274 693 1943 692 
3275 694 1935 693 
3276 1935 1943 693 
3277 695 1927 694 
3278 1927 1935 694 
3279 697 1917 695 
3280 1917 1927 695 
3281 698 1926 699 
3282 1916 1926 698 
3283 699 1934 700 
3284 1926 1934 699 
3285 700 1942 701 
3286 1934 1942 700 
3287 701 1936 702 
3288 701 1942 1936 
3289 702 1928 703 
3290 702 1936 1928 
3291 703 1920 704 
3292 703 1928 1920 
3293 704 1918 705 
3294 704 1920 1918 
3295 705 1924 706 
3296 1918 1924 705 
3297 706 1932 707 
3298 1924 1932 706 
3299 707 1940 708 
3300 1932 1940 707 
3301 708 1938 709 
3302 708 1940 1938 
3303 709 1930 710 
3304 709 1938 1930 
3305 710 1922 711 
3306 710 1930 1922 
3307 711 1915 712 
3308 711 1922 1915 
3309 712 1923 713 
3310 1915 1923 712 
3311 713 1931 714 
3312 1923 1931 713 
3313 714 1939 715 
3314 1931 1939 714 
3315 715 1941 716 
3316 1939 1941 715 
3317 716 1933 717 
3318 716 1941 1933 
3319 717 1925 718 
3320 717 1933 1925 
3321 718 1919 719 
3322 718 1925 1919 
3323 719 1921 720 
3324 1919 1921 719 
3325 720 1929 721 
3326 1921 1929 720 
3327 721 1937 722 
3328 1929 1937 721 
3329 722 1943 723 
3330 1937 1943 722 
3331 723 1935 724 
3332 723 1943 1935 
3333 724 1927 725 
3334 724 1935 1927 
3335 725 1927 1917 
2 29 2 370
3336 698 726 71 
3337 739 725 72 
3338 732 2087 73 
3339 73 2087 740 
3340 74 2086 733 
3341 749 2086 74 
3342 699 2012 698 
3343 698 2012 726 
3344 700 1962 699 
3345 1962 2012 699 
3346 701 2063 700 
3347 700 2063 1962 
3348 702 1955 701 
3349 1955 2063 701 
3350 703 2073 702 
3351 702 2073 1955 
3352 704 2064 703 
3353 2064 2073 703 
3354 705 1947 704 
3355 1947 2064 704 
3356 706 2074 705 
3357 705 2074 1947 
3358 707 2084 706 
3359 706 2084 2074 
3360 708 1950 707 
3361 1950 2084 707 
3362 709 2080 708 
3363 708 2080 1950 
3364 710 2088 709 
3365 709 2088 2080 
3366 711 1960 710 
3367 1960 2088 710 
3368 712 2079 711 
3369 711 2079 1960 
3370 713 1953 712 
3371 1953 2079 712 
3372 714 2093 713 
3373 713 2093 1953 
3374 715 2068 714 
3375 2068 2093 714 
3376 716 1949 715 
3377 1949 2068 715 
3378 717 2090 716 
3379 716 2090 1949 
3380 718 2066 717 
3381 2066 2090 717 
3382 719 1946 718 
3383 1946 2066 718 
3384 720 2065 719 
3385 719 2065 1946 
3386 721 2069 720 
3387 720 2069 2065 
3388 722 1954 721 
3389 1954 2069 721 
3390 723 2067 722 
3391 722 2067 1954 
3392 724 1961 723 
3393 1961 2067 723 
3394 725 2011 724 
3395 724 2011 1961 
3396 739 2011 725 
3397 726 2012 727 
3398 727 1957 728 
3399 727 2012 1957 
3400 728 2052 729 
3401 1957 2052 728 
3402 729 1945 730 
3403 729 2052 1945 
3404 730 2050 731 
3405 1945 2050 730 
3406 731 2017 732 
3407 731 2050 2017 
3408 2017 2087 732 
3409 733 2051 734 
3410 733 2086 2051 
3411 734 2024 735 
3412 734 2051 2024 
3413 735 1944 736 
3414 735 2024 1944 
3415 736 2049 737 
3416 1944 2049 736 
3417 737 1956 738 
3418 737 2049 1956 
3419 738 2011 739 
3420 1956 2011 738 
3421 740 1958 741 
3422 740 2087 1958 
3423 741 1987 742 
3424 1958 1987 741 
3425 742 1951 743 
3426 742 1987 1951 
3427 743 2025 744 
3428 1951 2025 743 
3429 744 1948 745 
3430 744 2025 1948 
3431 745 1963 746 
3432 1948 1963 745 
3433 746 1952 747 
3434 746 2077 1952 
3435 1963 2077 746 
3436 747 1995 748 
3437 1952 1995 747 
3438 748 1959 749 
3439 748 1995 1959 
3440 1959 2086 749 
3441 2024 2058 1944 
3442 1944 2062 2049 
3443 2058 2062 1944 
3444 1945 2060 2050 
3445 2052 2085 1945 
3446 1945 2085 2060 
3447 2043 2066 1946 
3448 1946 2092 2043 
3449 2065 2092 1946 
3450 1947 2074 2026 
3451 2026 2078 1947 
3452 1947 2078 2064 
3453 1948 1965 1963 
3454 1948 1966 1965 
3455 1948 2025 1966 
3456 2044 2061 1949 
3457 1949 2090 2044 
3458 2061 2098 1949 
3459 1949 2098 2068 
3460 2053 2084 1950 
3461 1950 2101 2053 
3462 2080 2101 1950 
3463 1987 2004 1951 
3464 2004 2095 1951 
3465 1951 2095 2025 
3466 1964 2001 1952 
3467 1952 2077 1964 
3468 1952 2001 1995 
3469 2031 2079 1953 
3470 1953 2082 2031 
3471 2041 2082 1953 
3472 1953 2093 2041 
3473 2016 2069 1954 
3474 1954 2091 2016 
3475 2067 2091 1954 
3476 1955 2083 2063 
3477 2073 2100 1955 
3478 1955 2100 2083 
3479 1956 2047 2011 
3480 1956 2055 2047 
3481 2049 2055 1956 
3482 2012 2072 1957 
3483 2029 2052 1957 
3484 1957 2072 2029 
3485 1958 2028 1987 
3486 2017 2075 1958 
3487 1958 2087 2017 
3488 1958 2075 2028 
3489 1995 1996 1959 
3490 1996 1999 1959 
3491 1999 2051 1959 
3492 2051 2086 1959 
3493 1960 2079 2031 
3494 2031 2081 1960 
3495 2081 2088 1960 
3496 2011 2047 1961 
3497 2047 2048 1961 
3498 2048 2067 1961 
3499 1962 2072 2012 
3500 2063 2071 1962 
3501 2071 2072 1962 
3502 1964 2077 1963 
3503 1963 2089 1964 
3504 1965 2089 1963 
3505 1964 2015 2001 
3506 1964 2030 2015 
3507 1964 2089 2030 
3508 1966 1967 1965 
3509 1967 2054 1965 
3510 2054 2089 1965 
3511 1966 1968 1967 
3512 1966 2042 1968 
3513 2025 2042 1966 
3514 1968 1969 1967 
3515 1969 1970 1967 
3516 1970 2054 1967 
3517 1968 1971 1969 
3518 1968 1972 1971 
3519 1968 2042 1972 
3520 1969 1978 1970 
3521 1971 2037 1969 
3522 1969 2037 1978 
3523 1978 1979 1970 
3524 1979 1980 1970 
3525 1980 2054 1970 
3526 1972 1973 1971 
3527 1973 1977 1971 
3528 1977 2037 1971 
3529 1972 1974 1973 
3530 1972 2056 1974 
3531 2042 2056 1972 
3532 1974 1975 1973 
3533 1975 2033 1973 
3534 1973 2033 1977 
3535 1974 1976 1975 
3536 1974 2046 1976 
3537 1974 2056 2046 
3538 1976 1983 1975 
3539 1983 2002 1975 
3540 2002 2033 1975 
3541 1976 1984 1983 
3542 1976 1985 1984 
3543 1976 2046 1985 
3544 2033 2034 1977 
3545 2034 2035 1977 
3546 2035 2037 1977 
3547 1978 2009 1979 
3548 1978 2010 2009 
3549 1978 2037 2010 
3550 1979 1981 1980 
3551 1979 2040 1981 
3552 2009 2040 1979 
3553 1981 1982 1980 
3554 1982 2030 1980 
3555 2030 2054 1980 
3556 1981 1991 1982 
3557 1981 2005 1991 
3558 1981 2040 2005 
3559 1991 1992 1982 
3560 1992 2045 1982 
3561 1982 2045 2030 
3562 1984 2032 1983 
3563 1983 2026 2002 
3564 1983 2032 2026 
3565 1985 1986 1984 
3566 1986 1988 1984 
3567 1988 2032 1984 
3568 1985 1990 1986 
3569 1985 2057 1990 
3570 2046 2057 1985 
3571 1986 1989 1988 
3572 1986 2038 1989 
3573 1990 2038 1986 
3574 1987 2057 2004 
3575 2028 2057 1987 
3576 1989 2018 1988 
3577 2018 2021 1988 
3578 2021 2032 1988 
3579 1989 2019 2018 
3580 1989 2020 2019 
3581 1989 2038 2020 
3582 2028 2039 1990 
3583 1990 2057 2028 
3584 1990 2039 2038 
3585 1991 1993 1992 
3586 1991 2061 1993 
3587 2005 2061 1991 
3588 1993 1994 1992 
3589 1994 1997 1992 
3590 1997 2045 1992 
3591 1993 2043 1994 
3592 1993 2044 2043 
3593 1993 2061 2044 
3594 1994 1998 1997 
3595 1994 2006 1998 
3596 1994 2043 2006 
3597 1995 2094 1996 
3598 2001 2094 1995 
3599 1996 2000 1999 
3600 1996 2003 2000 
3601 1996 2094 2003 
3602 1998 2076 1997 
3603 1997 2059 2045 
3604 1997 2076 2059 
3605 2006 2007 1998 
3606 2007 2096 1998 
3607 1998 2096 2076 
3608 2000 2058 1999 
3609 2024 2051 1999 
3610 1999 2058 2024 
3611 2003 2013 2000 
3612 2013 2014 2000 
3613 2014 2058 2000 
3614 2015 2059 2001 
3615 2059 2094 2001 
3616 2026 2027 2002 
3617 2027 2053 2002 
3618 2002 2053 2033 
3619 2003 2076 2013 
3620 2059 2076 2003 
3621 2003 2094 2059 
3622 2046 2056 2004 
3623 2004 2057 2046 
3624 2056 2095 2004 
3625 2040 2041 2005 
3626 2041 2098 2005 
3627 2005 2098 2061 
3628 2006 2008 2007 
3629 2006 2092 2008 
3630 2043 2092 2006 
3631 2008 2016 2007 
3632 2016 2022 2007 
3633 2022 2096 2007 
3634 2008 2069 2016 
3635 2065 2069 2008 
3636 2008 2092 2065 
3637 2010 2031 2009 
3638 2031 2082 2009 
3639 2009 2082 2040 
3640 2010 2081 2031 
3641 2010 2037 2035 
3642 2035 2081 2010 
3643 2013 2022 2014 
3644 2013 2096 2022 
3645 2076 2096 2013 
3646 2022 2023 2014 
3647 2023 2062 2014 
3648 2014 2062 2058 
3649 2030 2045 2015 
3650 2045 2059 2015 
3651 2016 2070 2022 
3652 2016 2091 2070 
3653 2050 2097 2017 
3654 2017 2097 2075 
3655 2019 2083 2018 
3656 2018 2100 2021 
3657 2083 2100 2018 
3658 2020 2029 2019 
3659 2029 2071 2019 
3660 2071 2083 2019 
3661 2020 2085 2029 
3662 2038 2060 2020 
3663 2060 2085 2020 
3664 2021 2078 2032 
3665 2021 2073 2064 
3666 2064 2078 2021 
3667 2021 2100 2073 
3668 2022 2070 2023 
3669 2055 2062 2023 
3670 2023 2099 2055 
3671 2070 2099 2023 
3672 2025 2095 2042 
3673 2026 2074 2027 
3674 2032 2078 2026 
3675 2027 2084 2053 
3676 2074 2084 2027 
3677 2028 2075 2039 
3678 2029 2085 2052 
3679 2029 2072 2071 
3680 2030 2089 2054 
3681 2033 2053 2034 
3682 2034 2036 2035 
3683 2034 2101 2036 
3684 2053 2101 2034 
3685 2036 2081 2035 
3686 2080 2088 2036 
3687 2036 2101 2080 
3688 2036 2088 2081 
3689 2039 2060 2038 
3690 2039 2097 2060 
3691 2075 2097 2039 
3692 2040 2082 2041 
3693 2041 2093 2068 
3694 2068 2098 2041 
3695 2042 2095 2056 
3696 2044 2066 2043 
3697 2044 2090 2066 
3698 2047 2099 2048 
3699 2055 2099 2047 
3700 2048 2091 2067 
3701 2070 2091 2048 
3702 2048 2099 2070 
3703 2049 2062 2055 
3704 2060 2097 2050 
3705 2063 2083 2071 
2 30 2 61
3706 73 740 750 
3707 749 74 755 
3708 752 2104 75 
3709 75 2119 753 
3710 2104 2119 75 
3711 741 2109 740 
3712 740 2109 750 
3713 742 2117 741 
3714 741 2117 2109 
3715 743 2106 742 
3716 2106 2117 742 
3717 744 2112 743 
3718 743 2112 2106 
3719 745 2102 744 
3720 2102 2112 744 
3721 746 2118 745 
3722 745 2118 2102 
3723 747 2107 746 
3724 2107 2118 746 
3725 748 2116 747 
3726 747 2116 2107 
3727 749 2108 748 
3728 2108 2116 748 
3729 755 2108 749 
3730 750 2123 751 
3731 2109 2123 750 
3732 751 2105 752 
3733 751 2123 2105 
3734 752 2115 2104 
3735 2105 2115 752 
3736 753 2103 754 
3737 753 2119 2103 
3738 754 2108 755 
3739 2103 2108 754 
3740 2102 2113 2112 
3741 2102 2121 2113 
3742 2118 2121 2102 
3743 2103 2110 2108 
3744 2103 2111 2110 
3745 2103 2119 2111 
3746 2115 2122 2104 
3747 2104 2122 2119 
3748 2114 2115 2105 
3749 2105 2120 2114 
3750 2105 2123 2120 
3751 2112 2113 2106 
3752 2113 2114 2106 
3753 2114 2120 2106 
3754 2106 2120 2117 
3755 2110 2111 2107 
3756 2107 2116 2110 
3757 2111 2121 2107 
3758 2107 2121 2118 
3759 2110 2116 2108 
3760 2117 2120 2109 
3761 2120 2123 2109 
3762 2119 2122 2111 
3763 2111 2122 2121 
3764 2113 2115 2114 
3765 2113 2122 2115 
3766 2121 2122 2113 
2 31 2 841
3767 22 21 2136 
3768 21 315 2143 
3769 2136 21 2164 
3770 21 2143 2164 
3771 22 65 68 
3772 65 22 2125 
3773 2125 22 2136 
3774 215 29 2468 
3775 29 573 2468 
3776 70 30 2471 
3777 30 217 2137 
3778 30 2137 2173 
3779 30 2173 2299 
3780 30 2299 2471 
3781 31 69 2444 
3782 250 31 2253 
3783 2253 31 2272 
3784 2272 31 2398 
3785 2398 31 2444 
3786 316 32 250 
3787 296 35 2450 
3788 35 317 2450 
3789 564 61 2456 
3790 61 593 2456 
3791 62 76 2406 
3792 577 62 2135 
3793 2135 62 2159 
3794 2159 62 2406 
3795 631 65 2125 
3796 763 66 650 
3797 69 696 2444 
3798 697 70 2471 
3799 696 71 2398 
3800 71 726 2156 
3801 71 2156 2175 
3802 71 2175 2398 
3803 72 697 2299 
3804 739 72 2131 
3805 2131 72 2299 
3806 732 73 2439 
3807 73 750 2439 
3808 74 733 2438 
3809 755 74 2438 
3810 752 75 2130 
3811 75 753 2207 
3812 2130 75 2207 
3813 76 762 2406 
3814 756 77 2465 
3815 77 770 2465 
3816 216 215 2395 
3817 2395 215 2468 
3818 217 216 2411 
3819 216 2395 2411 
3820 2137 217 2411 
3821 316 250 2253 
3822 297 296 2180 
3823 2180 296 2450 
3824 298 297 2374 
3825 297 2180 2374 
3826 299 298 2200 
3827 2200 298 2374 
3828 300 299 2370 
3829 299 2200 2370 
3830 301 300 2141 
3831 2141 300 2370 
3832 302 301 2452 
3833 301 2141 2452 
3834 303 302 2459 
3835 2346 302 2452 
3836 302 2346 2459 
3837 304 303 2127 
3838 2127 303 2459 
3839 305 304 2372 
3840 304 2127 2372 
3841 306 305 2150 
3842 2150 305 2372 
3843 307 306 2413 
3844 306 2150 2413 
3845 308 307 2371 
3846 2371 307 2413 
3847 309 308 2126 
3848 2126 308 2371 
3849 310 309 2424 
3850 309 2126 2424 
3851 311 310 2373 
3852 2373 310 2424 
3853 312 311 2132 
3854 2132 311 2373 
3855 313 312 2420 
3856 312 2132 2420 
3857 314 313 2151 
3858 2151 313 2420 
3859 315 314 2320 
3860 314 2151 2320 
3861 2143 315 2320 
3862 317 316 2408 
3863 316 2253 2408 
3864 317 2408 2450 
3865 565 564 2197 
3866 2197 564 2456 
3867 566 565 2363 
3868 565 2197 2363 
3869 567 566 2147 
3870 2147 566 2363 
3871 568 567 2366 
3872 567 2147 2366 
3873 569 568 2165 
3874 2165 568 2366 
3875 570 569 2426 
3876 569 2165 2426 
3877 571 570 2148 
3878 2148 570 2426 
3879 572 571 2364 
3880 571 2148 2364 
3881 573 572 2194 
3882 2194 572 2364 
3883 573 2194 2468 
3884 578 577 2415 
3885 577 2135 2415 
3886 579 578 2145 
3887 2145 578 2415 
3888 580 579 2368 
3889 579 2145 2368 
3890 581 580 2397 
3891 580 2368 2397 
3892 582 581 2140 
3893 2140 581 2397 
3894 583 582 2443 
3895 582 2140 2443 
3896 584 583 2157 
3897 2157 583 2443 
3898 585 584 2313 
3899 584 2157 2313 
3900 586 585 2394 
3901 585 2313 2394 
3902 587 586 2144 
3903 2144 586 2394 
3904 588 587 2412 
3905 587 2144 2412 
3906 589 588 2158 
3907 2158 588 2412 
3908 590 589 2335 
3909 589 2158 2335 
3910 591 590 2146 
3911 2146 590 2335 
3912 592 591 2367 
3913 591 2146 2367 
3914 593 592 2401 
3915 592 2367 2401 
3916 593 2401 2456 
3917 632 631 2323 
3918 631 2125 2337 
3919 2323 631 2337 
3920 633 632 2163 
3921 2163 632 2323 
3922 634 633 2375 
3923 633 2163 2375 
3924 635 634 2142 
3925 2142 634 2375 
3926 636 635 2342 
3927 635 2142 2342 
3928 637 636 2416 
3929 636 2342 2416 
3930 638 637 2152 
3931 2152 637 2416 
3932 639 638 2393 
3933 638 2152 2393 
3934 640 639 2138 
3935 2138 639 2393 
3936 641 640 2410 
3937 640 2138 2410 
3938 642 641 2418 
3939 641 2410 2418 
3940 643 642 2153 
3941 2153 642 2418 
3942 644 643 2421 
3943 643 2153 2421 
3944 645 644 2128 
3945 2128 644 2421 
3946 646 645 2396 
3947 645 2128 2396 
3948 647 646 2322 
3949 2322 646 2396 
3950 648 647 2149 
3951 2149 647 2322 
3952 649 648 2359 
3953 648 2149 2359 
3954 650 649 2268 
3955 2268 649 2359 
3956 763 650 2435 
3957 650 2268 2435 
3958 696 2398 2444 
3959 2299 697 2471 
3960 726 727 2431 
3961 2156 726 2431 
3962 727 728 2154 
3963 727 2154 2431 
3964 728 729 2385 
3965 2154 728 2385 
3966 729 730 2133 
3967 729 2133 2385 
3968 730 731 2382 
3969 2133 730 2382 
3970 731 732 2404 
3971 2382 731 2404 
3972 2404 732 2439 
3973 733 734 2188 
3974 733 2188 2438 
3975 734 735 2384 
3976 2188 734 2384 
3977 735 736 2124 
3978 735 2124 2384 
3979 736 737 2419 
3980 2124 736 2419 
3981 737 738 2155 
3982 737 2155 2419 
3983 738 739 2383 
3984 2155 738 2383 
3985 739 2131 2383 
3986 750 751 2172 
3987 750 2172 2439 
3988 751 752 2256 
3989 2172 751 2256 
3990 752 2130 2256 
3991 753 754 2139 
3992 753 2139 2207 
3993 754 755 2271 
3994 2139 754 2271 
3995 2271 755 2438 
3996 757 756 2376 
3997 2376 756 2465 
3998 758 757 2189 
3999 2189 757 2376 
4000 759 758 2428 
4001 758 2189 2428 
4002 760 759 2134 
4003 2134 759 2428 
4004 761 760 2434 
4005 760 2134 2434 
4006 762 761 2447 
4007 761 2434 2447 
4008 2406 762 2447 
4009 764 763 2435 
4010 765 764 2177 
4011 2177 764 2435 
4012 766 765 2461 
4013 765 2177 2461 
4014 767 766 2129 
4015 2129 766 2461 
4016 768 767 2392 
4017 767 2129 2392 
4018 769 768 2162 
4019 2162 768 2392 
4020 770 769 2403 
4021 769 2162 2403 
4022 770 2403 2465 
4023 2306 2124 2419 
4024 2124 2306 2445 
4025 2384 2124 2445 
4026 2125 2136 2166 
4027 2125 2166 2174 
4028 2125 2174 2337 
4029 2126 2273 2424 
4030 2273 2126 2470 
4031 2126 2371 2470 
4032 2372 2127 2391 
4033 2391 2127 2433 
4034 2433 2127 2459 
4035 2128 2326 2405 
4036 2326 2128 2421 
4037 2396 2128 2405 
4038 2380 2129 2381 
4039 2129 2380 2457 
4040 2381 2129 2461 
4041 2392 2129 2457 
4042 2130 2207 2321 
4043 2256 2130 2432 
4044 2130 2321 2432 
4045 2131 2299 2462 
4046 2383 2131 2473 
4047 2131 2462 2473 
4048 2132 2369 2420 
4049 2369 2132 2463 
4050 2132 2373 2463 
4051 2133 2382 2477 
4052 2385 2133 2389 
4053 2389 2133 2477 
4054 2314 2134 2428 
4055 2134 2314 2430 
4056 2325 2134 2430 
4057 2134 2325 2434 
4058 2135 2159 2160 
4059 2135 2160 2311 
4060 2135 2311 2415 
4061 2136 2164 2441 
4062 2166 2136 2441 
4063 2173 2137 2198 
4064 2198 2137 2276 
4065 2276 2137 2411 
4066 2300 2138 2402 
4067 2138 2300 2410 
4068 2138 2393 2402 
4069 2207 2139 2208 
4070 2208 2139 2209 
4071 2209 2139 2271 
4072 2312 2140 2423 
4073 2140 2312 2443 
4074 2343 2140 2397 
4075 2140 2343 2423 
4076 2141 2345 2452 
4077 2345 2141 2466 
4078 2141 2370 2417 
4079 2141 2417 2466 
4080 2142 2340 2341 
4081 2340 2142 2375 
4082 2142 2341 2342 
4083 2164 2143 2170 
4084 2170 2143 2171 
4085 2171 2143 2320 
4086 2316 2144 2386 
4087 2144 2316 2412 
4088 2386 2144 2394 
4089 2368 2145 2475 
4090 2145 2415 2448 
4091 2145 2448 2475 
4092 2330 2146 2334 
4093 2146 2330 2367 
4094 2334 2146 2335 
4095 2147 2363 2458 
4096 2366 2147 2407 
4097 2407 2147 2458 
4098 2317 2148 2426 
4099 2148 2317 2478 
4100 2364 2148 2365 
4101 2365 2148 2478 
4102 2149 2307 2309 
4103 2307 2149 2322 
4104 2149 2309 2359 
4105 2355 2150 2372 
4106 2150 2355 2451 
4107 2413 2150 2451 
4108 2320 2151 2469 
4109 2347 2151 2420 
4110 2151 2347 2469 
4111 2305 2152 2378 
4112 2152 2305 2393 
4113 2378 2152 2416 
4114 2301 2153 2418 
4115 2153 2301 2425 
4116 2421 2153 2425 
4117 2154 2385 2453 
4118 2154 2390 2431 
4119 2390 2154 2453 
4120 2306 2155 2399 
4121 2155 2306 2419 
4122 2155 2383 2399 
4123 2175 2156 2178 
4124 2178 2156 2259 
4125 2259 2156 2431 
4126 2312 2157 2443 
4127 2157 2312 2464 
4128 2313 2157 2464 
4129 2335 2158 2437 
4130 2158 2412 2437 
4131 2160 2159 2161 
4132 2161 2159 2201 
4133 2201 2159 2406 
4134 2160 2161 2167 
4135 2160 2167 2169 
4136 2160 2169 2311 
4137 2167 2161 2168 
4138 2168 2161 2324 
4139 2161 2201 2324 
4140 2162 2377 2403 
4141 2377 2162 2409 
4142 2162 2392 2409 
4143 2163 2277 2279 
4144 2277 2163 2323 
4145 2163 2279 2375 
4146 2164 2170 2179 
4147 2164 2179 2251 
4148 2164 2251 2441 
4149 2165 2366 2455 
4150 2426 2165 2474 
4151 2165 2455 2474 
4152 2174 2166 2176 
4153 2176 2166 2193 
4154 2193 2166 2441 
4155 2167 2168 2181 
4156 2169 2167 2400 
4157 2167 2181 2400 
4158 2181 2168 2182 
4159 2182 2168 2183 
4160 2183 2168 2324 
4161 2311 2169 2429 
4162 2169 2400 2422 
4163 2169 2422 2429 
4164 2170 2171 2387 
4165 2179 2170 2479 
4166 2170 2387 2479 
4167 2298 2171 2320 
4168 2171 2298 2436 
4169 2387 2171 2436 
4170 2172 2256 2257 
4171 2172 2257 2258 
4172 2172 2258 2404 
4173 2172 2404 2439 
4174 2173 2198 2199 
4175 2173 2199 2270 
4176 2173 2270 2299 
4177 2174 2176 2190 
4178 2174 2190 2191 
4179 2174 2191 2337 
4180 2175 2178 2264 
4181 2175 2264 2272 
4182 2175 2272 2398 
4183 2190 2176 2192 
4184 2192 2176 2327 
4185 2176 2193 2327 
4186 2177 2379 2381 
4187 2379 2177 2476 
4188 2177 2381 2461 
4189 2177 2435 2476 
4190 2178 2259 2318 
4191 2264 2178 2388 
4192 2178 2318 2388 
4193 2251 2179 2252 
4194 2252 2179 2254 
4195 2254 2179 2479 
4196 2374 2180 2440 
4197 2180 2408 2440 
4198 2408 2180 2450 
4199 2181 2182 2205 
4200 2181 2205 2206 
4201 2181 2206 2400 
4202 2182 2183 2184 
4203 2182 2184 2338 
4204 2205 2182 2338 
4205 2184 2183 2185 
4206 2185 2183 2333 
4207 2183 2324 2333 
4208 2184 2185 2186 
4209 2184 2186 2195 
4210 2184 2195 2338 
4211 2186 2185 2187 
4212 2187 2185 2202 
4213 2202 2185 2333 
4214 2186 2187 2339 
4215 2195 2186 2196 
4216 2196 2186 2339 
4217 2187 2202 2203 
4218 2187 2203 2204 
4219 2187 2204 2339 
4220 2271 2188 2302 
4221 2188 2271 2438 
4222 2302 2188 2384 
4223 2314 2189 2377 
4224 2189 2314 2428 
4225 2189 2376 2377 
4226 2191 2190 2260 
4227 2190 2192 2334 
4228 2260 2190 2334 
4229 2191 2260 2261 
4230 2191 2261 2262 
4231 2191 2262 2337 
4232 2192 2327 2328 
4233 2192 2328 2330 
4234 2192 2330 2334 
4235 2327 2193 2329 
4236 2329 2193 2454 
4237 2193 2441 2454 
4238 2194 2276 2395 
4239 2276 2194 2442 
4240 2194 2364 2442 
4241 2194 2395 2468 
4242 2195 2196 2307 
4243 2195 2307 2308 
4244 2195 2308 2338 
4245 2307 2196 2309 
4246 2309 2196 2310 
4247 2310 2196 2339 
4248 2197 2331 2363 
4249 2331 2197 2401 
4250 2401 2197 2456 
4251 2199 2198 2332 
4252 2198 2276 2427 
4253 2332 2198 2427 
4254 2270 2199 2319 
4255 2319 2199 2387 
4256 2199 2332 2387 
4257 2264 2200 2374 
4258 2200 2264 2388 
4259 2370 2200 2388 
4260 2324 2201 2325 
4261 2325 2201 2447 
4262 2201 2406 2447 
4263 2203 2202 2314 
4264 2314 2202 2430 
4265 2202 2333 2430 
4266 2204 2203 2409 
4267 2203 2314 2377 
4268 2203 2377 2409 
4269 2339 2204 2380 
4270 2380 2204 2457 
4271 2204 2409 2457 
4272 2206 2205 2326 
4273 2326 2205 2405 
4274 2205 2338 2405 
4275 2206 2315 2400 
4276 2315 2206 2425 
4277 2206 2326 2425 
4278 2207 2208 2467 
4279 2321 2207 2467 
4280 2208 2209 2210 
4281 2208 2210 2211 
4282 2208 2211 2467 
4283 2210 2209 2303 
4284 2209 2271 2302 
4285 2209 2302 2303 
4286 2211 2210 2212 
4287 2212 2210 2213 
4288 2213 2210 2303 
4289 2211 2212 2214 
4290 2211 2214 2225 
4291 2211 2225 2467 
4292 2212 2213 2215 
4293 2214 2212 2358 
4294 2212 2215 2358 
4295 2215 2213 2216 
4296 2216 2213 2336 
4297 2213 2303 2336 
4298 2225 2214 2226 
4299 2226 2214 2360 
4300 2214 2358 2360 
4301 2215 2216 2217 
4302 2215 2217 2221 
4303 2215 2221 2358 
4304 2217 2216 2218 
4305 2218 2216 2219 
4306 2219 2216 2336 
4307 2217 2218 2356 
4308 2221 2217 2222 
4309 2222 2217 2356 
4310 2218 2219 2220 
4311 2218 2220 2223 
4312 2218 2223 2356 
4313 2220 2219 2246 
4314 2246 2219 2249 
4315 2249 2219 2336 
4316 2223 2220 2224 
4317 2224 2220 2351 
4318 2220 2246 2351 
4319 2221 2222 2265 
4320 2221 2265 2266 
4321 2221 2266 2358 
4322 2265 2222 2273 
4323 2273 2222 2357 
4324 2222 2356 2357 
4325 2223 2224 2241 
4326 2223 2241 2269 
4327 2223 2269 2356 
4328 2241 2224 2242 
4329 2242 2224 2243 
4330 2243 2224 2351 
4331 2225 2226 2227 
4332 2225 2227 2472 
4333 2225 2321 2467 
4334 2321 2225 2472 
4335 2227 2226 2228 
4336 2228 2226 2235 
4337 2235 2226 2360 
4338 2227 2228 2229 
4339 2227 2229 2245 
4340 2227 2245 2472 
4341 2229 2228 2230 
4342 2230 2228 2353 
4343 2228 2235 2353 
4344 2229 2230 2231 
4345 2229 2231 2352 
4346 2245 2229 2352 
4347 2231 2230 2232 
4348 2232 2230 2238 
4349 2238 2230 2353 
4350 2231 2232 2233 
4351 2231 2233 2236 
4352 2231 2236 2352 
4353 2233 2232 2234 
4354 2234 2232 2350 
4355 2232 2238 2350 
4356 2233 2234 2237 
4357 2236 2233 2348 
4358 2233 2237 2348 
4359 2237 2234 2239 
4360 2239 2234 2247 
4361 2247 2234 2350 
4362 2353 2235 2354 
4363 2354 2235 2361 
4364 2235 2360 2361 
4365 2236 2348 2349 
4366 2236 2349 2414 
4367 2352 2236 2414 
4368 2237 2239 2240 
4369 2237 2240 2248 
4370 2237 2248 2348 
4371 2350 2238 2391 
4372 2238 2353 2355 
4373 2238 2355 2391 
4374 2240 2239 2250 
4375 2239 2247 2345 
4376 2250 2239 2345 
4377 2248 2240 2390 
4378 2240 2250 2449 
4379 2390 2240 2449 
4380 2241 2242 2347 
4381 2269 2241 2369 
4382 2241 2347 2369 
4383 2242 2243 2244 
4384 2242 2244 2298 
4385 2242 2298 2347 
4386 2244 2243 2274 
4387 2274 2243 2275 
4388 2275 2243 2351 
4389 2244 2274 2319 
4390 2298 2244 2436 
4391 2244 2319 2436 
4392 2245 2352 2446 
4393 2432 2245 2446 
4394 2245 2432 2472 
4395 2246 2249 2306 
4396 2246 2306 2399 
4397 2351 2246 2399 
4398 2345 2247 2346 
4399 2346 2247 2433 
4400 2247 2350 2433 
4401 2348 2248 2389 
4402 2389 2248 2453 
4403 2248 2390 2453 
4404 2304 2249 2336 
4405 2249 2304 2445 
4406 2306 2249 2445 
4407 2318 2250 2417 
4408 2250 2318 2449 
4409 2250 2345 2466 
4410 2417 2250 2466 
4411 2251 2252 2255 
4412 2251 2255 2454 
4413 2441 2251 2454 
4414 2252 2254 2478 
4415 2255 2252 2317 
4416 2317 2252 2478 
4417 2253 2272 2408 
4418 2254 2332 2427 
4419 2332 2254 2479 
4420 2365 2254 2427 
4421 2254 2365 2478 
4422 2255 2317 2474 
4423 2454 2255 2455 
4424 2455 2255 2474 
4425 2257 2256 2446 
4426 2256 2432 2446 
4427 2258 2257 2414 
4428 2257 2352 2414 
4429 2352 2257 2446 
4430 2404 2258 2460 
4431 2258 2414 2460 
4432 2318 2259 2449 
4433 2390 2259 2431 
4434 2259 2390 2449 
4435 2261 2260 2437 
4436 2260 2334 2335 
4437 2260 2335 2437 
4438 2262 2261 2263 
4439 2263 2261 2316 
4440 2316 2261 2437 
4441 2262 2263 2277 
4442 2262 2277 2323 
4443 2262 2323 2337 
4444 2277 2263 2278 
4445 2278 2263 2386 
4446 2263 2316 2386 
4447 2272 2264 2440 
4448 2264 2374 2440 
4449 2266 2265 2267 
4450 2267 2265 2470 
4451 2265 2273 2470 
4452 2266 2267 2361 
4453 2358 2266 2360 
4454 2360 2266 2361 
4455 2361 2267 2362 
4456 2362 2267 2371 
4457 2371 2267 2470 
4458 2268 2359 2476 
4459 2435 2268 2476 
4460 2356 2269 2357 
4461 2357 2269 2463 
4462 2269 2369 2463 
4463 2299 2270 2462 
4464 2270 2319 2462 
4465 2408 2272 2440 
4466 2273 2357 2373 
4467 2273 2373 2424 
4468 2274 2275 2473 
4469 2319 2274 2462 
4470 2462 2274 2473 
4471 2275 2351 2399 
4472 2383 2275 2399 
4473 2275 2383 2473 
4474 2395 2276 2411 
4475 2427 2276 2442 
4476 2277 2278 2279 
4477 2279 2278 2280 
4478 2280 2278 2281 
4479 2281 2278 2386 
4480 2279 2280 2340 
4481 2279 2340 2375 
4482 2280 2281 2282 
4483 2280 2282 2283 
4484 2280 2283 2340 
4485 2282 2281 2313 
4486 2313 2281 2394 
4487 2281 2386 2394 
4488 2283 2282 2284 
4489 2284 2282 2464 
4490 2282 2313 2464 
4491 2283 2284 2285 
4492 2283 2285 2341 
4493 2340 2283 2341 
4494 2285 2284 2286 
4495 2286 2284 2312 
4496 2312 2284 2464 
4497 2285 2286 2287 
4498 2285 2287 2294 
4499 2285 2294 2341 
4500 2287 2286 2288 
4501 2288 2286 2423 
4502 2286 2312 2423 
4503 2287 2288 2289 
4504 2287 2289 2378 
4505 2294 2287 2378 
4506 2289 2288 2290 
4507 2290 2288 2343 
4508 2343 2288 2423 
4509 2289 2290 2291 
4510 2289 2291 2305 
4511 2289 2305 2378 
4512 2291 2290 2292 
4513 2292 2290 2297 
4514 2297 2290 2343 
4515 2291 2292 2293 
4516 2291 2293 2402 
4517 2305 2291 2402 
4518 2293 2292 2295 
4519 2295 2292 2344 
4520 2292 2297 2344 
4521 2293 2295 2296 
4522 2293 2296 2300 
4523 2293 2300 2402 
4524 2341 2294 2342 
4525 2342 2294 2416 
4526 2294 2378 2416 
4527 2296 2295 2422 
4528 2295 2344 2429 
4529 2422 2295 2429 
4530 2300 2296 2301 
4531 2301 2296 2315 
4532 2315 2296 2422 
4533 2297 2343 2368 
4534 2344 2297 2475 
4535 2297 2368 2475 
4536 2298 2320 2469 
4537 2347 2298 2469 
4538 2300 2301 2410 
4539 2301 2315 2425 
4540 2410 2301 2418 
4541 2303 2302 2304 
4542 2304 2302 2384 
4543 2303 2304 2336 
4544 2304 2384 2445 
4545 2393 2305 2402 
4546 2308 2307 2322 
4547 2308 2322 2396 
4548 2338 2308 2405 
4549 2308 2396 2405 
4550 2309 2310 2379 
4551 2359 2309 2379 
4552 2310 2339 2380 
4553 2379 2310 2381 
4554 2310 2380 2381 
4555 2415 2311 2448 
4556 2311 2429 2448 
4557 2400 2315 2422 
4558 2412 2316 2437 
4559 2317 2426 2474 
4560 2388 2318 2417 
4561 2319 2387 2436 
4562 2432 2321 2472 
4563 2324 2325 2333 
4564 2333 2325 2430 
4565 2434 2325 2447 
4566 2326 2421 2425 
4567 2328 2327 2407 
4568 2327 2329 2407 
4569 2330 2328 2331 
4570 2331 2328 2458 
4571 2328 2407 2458 
4572 2329 2366 2407 
4573 2366 2329 2455 
4574 2329 2454 2455 
4575 2330 2331 2367 
4576 2363 2331 2458 
4577 2367 2331 2401 
4578 2387 2332 2479 
4579 2368 2343 2397 
4580 2429 2344 2448 
4581 2448 2344 2475 
4582 2345 2346 2452 
4583 2346 2433 2459 
4584 2369 2347 2420 
4585 2349 2348 2389 
4586 2349 2389 2477 
4587 2414 2349 2460 
4588 2460 2349 2477 
4589 2350 2391 2433 
4590 2353 2354 2355 
4591 2355 2354 2451 
4592 2354 2361 2362 
4593 2354 2362 2451 
4594 2355 2372 2391 
4595 2373 2357 2463 
4596 2359 2379 2476 
4597 2362 2371 2413 
4598 2362 2413 2451 
4599 2364 2365 2442 
4600 2365 2427 2442 
4601 2370 2388 2417 
4602 2377 2376 2403 
4603 2403 2376 2465 
4604 2382 2404 2460 
4605 2382 2460 2477 
4606 2385 2389 2453 
4607 2409 2392 2457 
2 32 2 256
4608 40 2564 353 
4609 653 2564 40 
4610 41 774 54 
4611 347 2501 41 
4612 41 2560 774 
4613 2501 2560 41 
4614 54 2499 523 
4615 774 775 54 
4616 775 2562 54 
4617 54 2562 2499 
4618 517 2567 57 
4619 57 2567 594 
4620 600 2572 63 
4621 63 2572 783 
4622 66 2573 651 
4623 763 2573 66 
4624 77 2570 770 
4625 771 2570 77 
4626 78 2571 782 
4627 790 2571 78 
4628 348 2565 347 
4629 347 2565 2501 
4630 349 2494 348 
4631 2494 2565 348 
4632 350 2540 349 
4633 349 2540 2494 
4634 351 2493 350 
4635 2493 2540 350 
4636 352 2563 351 
4637 351 2563 2493 
4638 353 2508 352 
4639 2508 2563 352 
4640 353 2564 2508 
4641 518 2550 517 
4642 2550 2567 517 
4643 519 2489 518 
4644 2489 2550 518 
4645 520 2547 519 
4646 519 2547 2489 
4647 521 2483 520 
4648 2483 2547 520 
4649 522 2557 521 
4650 521 2557 2483 
4651 523 2490 522 
4652 2490 2557 522 
4653 523 2499 2490 
4654 594 2497 595 
4655 594 2567 2497 
4656 595 2548 596 
4657 2497 2548 595 
4658 596 2482 597 
4659 596 2548 2482 
4660 597 2535 598 
4661 2482 2535 597 
4662 598 2491 599 
4663 598 2535 2491 
4664 599 2510 600 
4665 2491 2510 599 
4666 2510 2572 600 
4667 651 2506 652 
4668 651 2573 2506 
4669 652 2496 653 
4670 652 2506 2496 
4671 2496 2564 653 
4672 764 2549 763 
4673 2549 2573 763 
4674 765 2486 764 
4675 2486 2549 764 
4676 766 2543 765 
4677 765 2543 2486 
4678 767 2487 766 
4679 2487 2543 766 
4680 768 2575 767 
4681 767 2575 2487 
4682 769 2488 768 
4683 2488 2575 768 
4684 770 2546 769 
4685 769 2546 2488 
4686 770 2570 2546 
4687 772 2556 771 
4688 2556 2570 771 
4689 773 2495 772 
4690 2495 2556 772 
4691 774 2560 773 
4692 773 2560 2495 
4693 776 2562 775 
4694 777 2498 776 
4695 2498 2562 776 
4696 778 2537 777 
4697 777 2537 2498 
4698 779 2481 778 
4699 2481 2537 778 
4700 780 2539 779 
4701 779 2539 2481 
4702 781 2492 780 
4703 2492 2539 780 
4704 782 2538 781 
4705 781 2538 2492 
4706 782 2571 2538 
4707 783 2551 784 
4708 783 2572 2551 
4709 784 2485 785 
4710 784 2551 2485 
4711 785 2541 786 
4712 2485 2541 785 
4713 786 2480 787 
4714 786 2541 2480 
4715 787 2542 788 
4716 2480 2542 787 
4717 788 2484 789 
4718 788 2542 2484 
4719 789 2553 790 
4720 2484 2553 789 
4721 2553 2571 790 
4722 2480 2541 2528 
4723 2528 2559 2480 
4724 2480 2559 2542 
4725 2481 2566 2537 
4726 2539 2569 2481 
4727 2481 2569 2566 
4728 2531 2545 2482 
4729 2482 2548 2531 
4730 2482 2545 2535 
4731 2526 2547 2483 
4732 2483 2577 2526 
4733 2557 2577 2483 
4734 2484 2542 2525 
4735 2525 2554 2484 
4736 2484 2554 2553 
4737 2485 2551 2511 
4738 2511 2558 2485 
4739 2485 2558 2541 
4740 2507 2549 2486 
4741 2486 2555 2507 
4742 2543 2555 2486 
4743 2487 2575 2509 
4744 2509 2576 2487 
4745 2487 2544 2543 
4746 2487 2576 2544 
4747 2503 2504 2488 
4748 2488 2546 2503 
4749 2504 2509 2488 
4750 2509 2575 2488 
4751 2547 2574 2489 
4752 2489 2552 2550 
4753 2489 2574 2552 
4754 2499 2578 2490 
4755 2500 2534 2490 
4756 2490 2578 2500 
4757 2534 2557 2490 
4758 2491 2511 2510 
4759 2491 2512 2511 
4760 2491 2535 2512 
4761 2492 2554 2524 
4762 2524 2568 2492 
4763 2538 2554 2492 
4764 2492 2568 2539 
4765 2536 2561 2493 
4766 2493 2563 2536 
4767 2493 2561 2540 
4768 2494 2504 2502 
4769 2502 2565 2494 
4770 2494 2505 2504 
4771 2494 2540 2505 
4772 2501 2502 2495 
4773 2495 2560 2501 
4774 2502 2503 2495 
4775 2503 2556 2495 
4776 2506 2507 2496 
4777 2507 2508 2496 
4778 2508 2564 2496 
4779 2497 2552 2548 
4780 2550 2552 2497 
4781 2497 2567 2550 
4782 2499 2562 2498 
4783 2498 2578 2499 
4784 2498 2566 2500 
4785 2500 2578 2498 
4786 2537 2566 2498 
4787 2529 2533 2500 
4788 2500 2566 2529 
4789 2533 2534 2500 
4790 2501 2565 2502 
4791 2502 2504 2503 
4792 2546 2556 2503 
4793 2505 2509 2504 
4794 2505 2576 2509 
4795 2540 2561 2505 
4796 2561 2576 2505 
4797 2506 2549 2507 
4798 2506 2573 2549 
4799 2507 2536 2508 
4800 2507 2555 2536 
4801 2536 2563 2508 
4802 2511 2551 2510 
4803 2551 2572 2510 
4804 2512 2513 2511 
4805 2513 2558 2511 
4806 2512 2514 2513 
4807 2512 2545 2514 
4808 2535 2545 2512 
4809 2514 2515 2513 
4810 2515 2528 2513 
4811 2528 2558 2513 
4812 2514 2516 2515 
4813 2514 2530 2516 
4814 2514 2545 2530 
4815 2516 2517 2515 
4816 2517 2532 2515 
4817 2515 2532 2528 
4818 2516 2518 2517 
4819 2516 2521 2518 
4820 2516 2530 2521 
4821 2518 2519 2517 
4822 2519 2520 2517 
4823 2520 2532 2517 
4824 2518 2533 2519 
4825 2521 2523 2518 
4826 2523 2533 2518 
4827 2519 2522 2520 
4828 2519 2529 2522 
4829 2519 2533 2529 
4830 2522 2524 2520 
4831 2524 2525 2520 
4832 2525 2532 2520 
4833 2521 2526 2523 
4834 2521 2527 2526 
4835 2521 2530 2527 
4836 2522 2568 2524 
4837 2529 2569 2522 
4838 2522 2569 2568 
4839 2526 2577 2523 
4840 2523 2534 2533 
4841 2523 2577 2534 
4842 2524 2554 2525 
4843 2525 2559 2532 
4844 2542 2559 2525 
4845 2527 2574 2526 
4846 2526 2574 2547 
4847 2530 2531 2527 
4848 2531 2552 2527 
4849 2552 2574 2527 
4850 2532 2559 2528 
4851 2541 2558 2528 
4852 2566 2569 2529 
4853 2530 2545 2531 
4854 2548 2552 2531 
4855 2534 2577 2557 
4856 2536 2555 2544 
4857 2544 2561 2536 
4858 2553 2554 2538 
4859 2538 2571 2553 
4860 2568 2569 2539 
4861 2544 2555 2543 
4862 2544 2576 2561 
4863 2546 2570 2556 
2 33 2 238
4864 76 2670 762 
4865 791 2670 76 
4866 756 2671 77 
4867 77 2671 771 
4868 782 2672 78 
4869 78 2672 803 
4870 79 2667 802 
4871 809 2667 79 
4872 757 2592 756 
4873 2592 2671 756 
4874 758 2654 757 
4875 757 2654 2592 
4876 759 2583 758 
4877 2583 2654 758 
4878 760 2641 759 
4879 759 2641 2583 
4880 761 2590 760 
4881 2590 2641 760 
4882 762 2593 761 
4883 761 2593 2590 
4884 762 2670 2593 
4885 771 2660 772 
4886 771 2671 2660 
4887 772 2646 773 
4888 772 2660 2646 
4889 773 2586 774 
4890 773 2646 2586 
4891 774 2643 775 
4892 2586 2643 774 
4893 775 2581 776 
4894 775 2643 2581 
4895 776 2645 777 
4896 2581 2645 776 
4897 777 2655 778 
4898 2645 2655 777 
4899 778 2579 779 
4900 778 2655 2579 
4901 779 2657 780 
4902 2579 2657 779 
4903 780 2588 781 
4904 780 2657 2588 
4905 781 2659 782 
4906 2588 2659 781 
4907 2659 2672 782 
4908 792 2662 791 
4909 2662 2670 791 
4910 793 2587 792 
4911 2587 2662 792 
4912 794 2644 793 
4913 793 2644 2587 
4914 795 2580 794 
4915 2580 2644 794 
4916 796 2640 795 
4917 795 2640 2580 
4918 797 2666 796 
4919 796 2666 2640 
4920 798 2582 797 
4921 2582 2666 797 
4922 799 2668 798 
4923 798 2668 2582 
4924 800 2585 799 
4925 2585 2668 799 
4926 801 2665 800 
4927 800 2665 2585 
4928 802 2677 801 
4929 801 2677 2665 
4930 2667 2677 802 
4931 803 2642 804 
4932 803 2672 2642 
4933 804 2589 805 
4934 804 2642 2589 
4935 805 2647 806 
4936 2589 2647 805 
4937 806 2584 807 
4938 806 2647 2584 
4939 807 2648 808 
4940 2584 2648 807 
4941 808 2591 809 
4942 808 2648 2591 
4943 2591 2667 809 
4944 2638 2657 2579 
4945 2579 2675 2638 
4946 2655 2675 2579 
4947 2616 2644 2580 
4948 2580 2664 2616 
4949 2640 2664 2580 
4950 2643 2676 2581 
4951 2581 2674 2645 
4952 2658 2674 2581 
4953 2581 2676 2658 
4954 2582 2635 2625 
4955 2625 2636 2582 
4956 2582 2668 2635 
4957 2636 2666 2582 
4958 2583 2652 2623 
4959 2623 2654 2583 
4960 2641 2652 2583 
4961 2584 2647 2633 
4962 2633 2650 2584 
4963 2584 2650 2648 
4964 2585 2634 2632 
4965 2632 2635 2585 
4966 2585 2665 2634 
4967 2635 2668 2585 
4968 2586 2653 2643 
4969 2646 2669 2586 
4970 2586 2669 2653 
4971 2594 2662 2587 
4972 2587 2663 2594 
4973 2644 2663 2587 
4974 2651 2659 2588 
4975 2588 2673 2651 
4976 2657 2673 2588 
4977 2642 2651 2589 
4978 2589 2649 2647 
4979 2589 2651 2649 
4980 2593 2594 2590 
4981 2594 2595 2590 
4982 2595 2641 2590 
4983 2591 2648 2637 
4984 2637 2656 2591 
4985 2656 2677 2591 
4986 2591 2677 2667 
4987 2654 2661 2592 
4988 2592 2661 2660 
4989 2660 2671 2592 
4990 2593 2662 2594 
4991 2593 2670 2662 
4992 2594 2596 2595 
4993 2594 2663 2596 
4994 2596 2597 2595 
4995 2597 2652 2595 
4996 2595 2652 2641 
4997 2596 2598 2597 
4998 2596 2616 2598 
4999 2596 2663 2616 
5000 2598 2599 2597 
5001 2599 2613 2597 
5002 2613 2652 2597 
5003 2598 2600 2599 
5004 2598 2618 2600 
5005 2616 2618 2598 
5006 2600 2601 2599 
5007 2601 2620 2599 
5008 2599 2620 2613 
5009 2600 2602 2601 
5010 2600 2603 2602 
5011 2600 2618 2603 
5012 2602 2626 2601 
5013 2601 2622 2620 
5014 2601 2626 2622 
5015 2603 2604 2602 
5016 2604 2605 2602 
5017 2605 2626 2602 
5018 2603 2624 2604 
5019 2618 2619 2603 
5020 2619 2624 2603 
5021 2604 2606 2605 
5022 2604 2607 2606 
5023 2604 2624 2607 
5024 2606 2628 2605 
5025 2605 2627 2626 
5026 2605 2628 2627 
5027 2607 2608 2606 
5028 2608 2609 2606 
5029 2609 2628 2606 
5030 2607 2639 2608 
5031 2624 2625 2607 
5032 2625 2639 2607 
5033 2608 2610 2609 
5034 2608 2611 2610 
5035 2608 2639 2611 
5036 2610 2612 2609 
5037 2612 2615 2609 
5038 2615 2628 2609 
5039 2611 2630 2610 
5040 2610 2614 2612 
5041 2610 2630 2614 
5042 2611 2631 2630 
5043 2611 2632 2631 
5044 2611 2639 2632 
5045 2614 2617 2612 
5046 2612 2638 2615 
5047 2617 2638 2612 
5048 2620 2621 2613 
5049 2621 2623 2613 
5050 2623 2652 2613 
5051 2614 2649 2617 
5052 2630 2633 2614 
5053 2633 2649 2614 
5054 2615 2629 2628 
5055 2615 2675 2629 
5056 2638 2675 2615 
5057 2616 2664 2618 
5058 2616 2663 2644 
5059 2617 2673 2638 
5060 2649 2651 2617 
5061 2651 2673 2617 
5062 2618 2664 2619 
5063 2619 2636 2624 
5064 2619 2640 2636 
5065 2619 2664 2640 
5066 2620 2653 2621 
5067 2622 2653 2620 
5068 2621 2661 2623 
5069 2653 2669 2621 
5070 2621 2669 2661 
5071 2626 2658 2622 
5072 2622 2676 2653 
5073 2658 2676 2622 
5074 2623 2661 2654 
5075 2624 2636 2625 
5076 2635 2639 2625 
5077 2627 2658 2626 
5078 2628 2629 2627 
5079 2629 2674 2627 
5080 2627 2674 2658 
5081 2629 2655 2645 
5082 2645 2674 2629 
5083 2629 2675 2655 
5084 2631 2650 2630 
5085 2630 2650 2633 
5086 2632 2634 2631 
5087 2634 2637 2631 
5088 2637 2650 2631 
5089 2632 2639 2635 
5090 2647 2649 2633 
5091 2634 2656 2637 
5092 2634 2665 2656 
5093 2640 2666 2636 
5094 2648 2650 2637 
5095 2638 2673 2657 
5096 2642 2659 2651 
5097 2642 2672 2659 
5098 2653 2676 2643 
5099 2660 2661 2646 
5100 2661 2669 2646 
5101 2665 2677 2656 
2 34 2 50
5102 42 2679 43 
5103 53 2678 42 
5104 42 2678 794 
5105 794 2679 42 
5106 43 2679 576 
5107 56 2680 53 
5108 795 2678 53 
5109 53 2680 795 
5110 810 2680 56 
5111 62 2681 76 
5112 574 2681 62 
5113 76 2681 791 
5114 79 2682 80 
5115 802 2682 79 
5116 80 2682 816 
5117 575 2684 574 
5118 791 2681 574 
5119 574 2684 791 
5120 576 2687 575 
5121 792 2684 575 
5122 575 2687 792 
5123 576 2679 793 
5124 793 2687 576 
5125 791 2684 792 
5126 792 2687 793 
5127 793 2679 794 
5128 794 2678 795 
5129 795 2680 796 
5130 811 797 796 
5131 796 810 811 
5132 796 2680 810 
5133 797 812 798 
5134 811 812 797 
5135 798 2688 799 
5136 812 2688 798 
5137 799 2686 800 
5138 813 2686 799 
5139 799 2688 813 
5140 800 2685 801 
5141 814 2685 800 
5142 800 2686 814 
5143 801 2683 802 
5144 815 2683 801 
5145 801 2685 815 
5146 816 2682 802 
5147 802 2683 816 
5148 813 2688 812 
5149 814 2686 813 
5150 815 2685 814 
5151 816 2683 815 
2 35 2 328
5152 55 2825 516 
5153 554 2825 55 
5154 500 2823 56 
5155 56 2823 810 
5156 60 2824 560 
5157 833 2824 60 
5158 816 2822 80 
5159 80 2822 817 
5160 501 2706 500 
5161 2706 2823 500 
5162 502 2784 501 
5163 501 2784 2706 
5164 503 2696 502 
5165 2696 2784 502 
5166 504 2818 503 
5167 503 2818 2696 
5168 505 2817 504 
5169 2817 2818 504 
5170 506 2690 505 
5171 2690 2817 505 
5172 507 2814 506 
5173 506 2814 2690 
5174 508 2813 507 
5175 2813 2814 507 
5176 509 2689 508 
5177 2689 2813 508 
5178 510 2811 509 
5179 509 2811 2689 
5180 511 2810 510 
5181 2810 2811 510 
5182 512 2691 511 
5183 2691 2810 511 
5184 513 2808 512 
5185 512 2808 2691 
5186 514 2699 513 
5187 2699 2808 513 
5188 515 2804 514 
5189 514 2804 2699 
5190 516 2704 515 
5191 2704 2804 515 
5192 516 2825 2704 
5193 555 2802 554 
5194 2802 2825 554 
5195 556 2797 555 
5196 2797 2802 555 
5197 557 2697 556 
5198 2697 2797 556 
5199 558 2795 557 
5200 557 2795 2697 
5201 559 2703 558 
5202 2703 2795 558 
5203 560 2803 559 
5204 559 2803 2703 
5205 560 2824 2803 
5206 810 2801 811 
5207 810 2823 2801 
5208 811 2701 812 
5209 811 2801 2701 
5210 812 2790 813 
5211 2701 2790 812 
5212 813 2698 814 
5213 813 2790 2698 
5214 814 2791 815 
5215 2698 2791 814 
5216 815 2705 816 
5217 815 2791 2705 
5218 2705 2822 816 
5219 817 2805 818 
5220 817 2822 2805 
5221 818 2702 819 
5222 818 2805 2702 
5223 819 2786 820 
5224 2702 2786 819 
5225 820 2692 821 
5226 820 2786 2692 
5227 821 2787 822 
5228 2692 2787 821 
5229 822 2782 823 
5230 822 2787 2782 
5231 823 2694 824 
5232 823 2782 2694 
5233 824 2783 825 
5234 2694 2783 824 
5235 825 2707 826 
5236 825 2783 2707 
5237 826 2693 827 
5238 826 2707 2693 
5239 827 2788 828 
5240 2693 2788 827 
5241 828 2793 829 
5242 2788 2793 828 
5243 829 2695 830 
5244 829 2793 2695 
5245 830 2798 831 
5246 2695 2798 830 
5247 831 2700 832 
5248 831 2798 2700 
5249 832 2781 833 
5250 2700 2781 832 
5251 2781 2824 833 
5252 2689 2811 2752 
5253 2752 2812 2689 
5254 2689 2812 2754 
5255 2754 2813 2689 
5256 2690 2814 2755 
5257 2755 2816 2690 
5258 2690 2816 2770 
5259 2770 2817 2690 
5260 2691 2809 2756 
5261 2756 2810 2691 
5262 2808 2809 2691 
5263 2692 2786 2776 
5264 2776 2789 2692 
5265 2692 2789 2787 
5266 2707 2708 2693 
5267 2708 2709 2693 
5268 2709 2788 2693 
5269 2694 2782 2774 
5270 2774 2792 2694 
5271 2694 2792 2783 
5272 2695 2796 2763 
5273 2763 2798 2695 
5274 2793 2796 2695 
5275 2696 2818 2771 
5276 2771 2819 2696 
5277 2696 2819 2784 
5278 2753 2797 2697 
5279 2697 2827 2753 
5280 2795 2827 2697 
5281 2790 2799 2698 
5282 2698 2821 2791 
5283 2799 2821 2698 
5284 2699 2807 2766 
5285 2766 2808 2699 
5286 2804 2807 2699 
5287 2700 2806 2781 
5288 2798 2800 2700 
5289 2800 2806 2700 
5290 2701 2801 2785 
5291 2785 2815 2701 
5292 2701 2815 2790 
5293 2780 2786 2702 
5294 2702 2794 2780 
5295 2702 2805 2794 
5296 2703 2826 2795 
5297 2803 2806 2703 
5298 2806 2826 2703 
5299 2757 2804 2704 
5300 2704 2820 2757 
5301 2802 2820 2704 
5302 2704 2825 2802 
5303 2791 2794 2705 
5304 2794 2805 2705 
5305 2805 2822 2705 
5306 2784 2785 2706 
5307 2785 2801 2706 
5308 2801 2823 2706 
5309 2707 2758 2708 
5310 2707 2783 2758 
5311 2708 2710 2709 
5312 2708 2711 2710 
5313 2708 2758 2711 
5314 2710 2712 2709 
5315 2712 2748 2709 
5316 2748 2788 2709 
5317 2711 2761 2710 
5318 2710 2713 2712 
5319 2710 2761 2713 
5320 2758 2759 2711 
5321 2759 2778 2711 
5322 2711 2778 2761 
5323 2713 2714 2712 
5324 2714 2760 2712 
5325 2712 2760 2748 
5326 2713 2715 2714 
5327 2713 2720 2715 
5328 2713 2761 2720 
5329 2715 2716 2714 
5330 2716 2717 2714 
5331 2717 2760 2714 
5332 2715 2764 2716 
5333 2720 2722 2715 
5334 2722 2764 2715 
5335 2716 2718 2717 
5336 2716 2744 2718 
5337 2716 2764 2744 
5338 2718 2719 2717 
5339 2719 2762 2717 
5340 2717 2762 2760 
5341 2718 2721 2719 
5342 2718 2765 2721 
5343 2744 2765 2718 
5344 2721 2723 2719 
5345 2723 2724 2719 
5346 2724 2762 2719 
5347 2720 2725 2722 
5348 2720 2726 2725 
5349 2720 2761 2726 
5350 2721 2750 2723 
5351 2721 2751 2750 
5352 2721 2765 2751 
5353 2725 2752 2722 
5354 2752 2756 2722 
5355 2756 2764 2722 
5356 2723 2749 2724 
5357 2723 2767 2749 
5358 2750 2767 2723 
5359 2749 2800 2724 
5360 2724 2763 2762 
5361 2724 2800 2763 
5362 2726 2727 2725 
5363 2727 2812 2725 
5364 2725 2812 2752 
5365 2726 2728 2727 
5366 2726 2778 2728 
5367 2761 2778 2726 
5368 2728 2729 2727 
5369 2729 2754 2727 
5370 2754 2812 2727 
5371 2728 2730 2729 
5372 2728 2731 2730 
5373 2728 2778 2731 
5374 2730 2768 2729 
5375 2729 2755 2754 
5376 2729 2768 2755 
5377 2731 2732 2730 
5378 2732 2733 2730 
5379 2733 2768 2730 
5380 2731 2779 2732 
5381 2731 2778 2759 
5382 2759 2779 2731 
5383 2732 2734 2733 
5384 2732 2741 2734 
5385 2732 2779 2741 
5386 2734 2735 2733 
5387 2735 2769 2733 
5388 2733 2769 2768 
5389 2734 2736 2735 
5390 2734 2772 2736 
5391 2741 2772 2734 
5392 2736 2737 2735 
5393 2737 2740 2735 
5394 2740 2769 2735 
5395 2736 2738 2737 
5396 2736 2775 2738 
5397 2772 2775 2736 
5398 2738 2739 2737 
5399 2739 2777 2737 
5400 2737 2777 2740 
5401 2738 2742 2739 
5402 2738 2743 2742 
5403 2738 2775 2743 
5404 2742 2746 2739 
5405 2746 2747 2739 
5406 2747 2777 2739 
5407 2740 2770 2769 
5408 2740 2771 2770 
5409 2740 2777 2771 
5410 2741 2773 2772 
5411 2741 2774 2773 
5412 2741 2779 2774 
5413 2743 2745 2742 
5414 2745 2799 2742 
5415 2742 2799 2746 
5416 2743 2780 2745 
5417 2775 2776 2743 
5418 2776 2780 2743 
5419 2764 2809 2744 
5420 2744 2766 2765 
5421 2744 2809 2766 
5422 2780 2794 2745 
5423 2794 2821 2745 
5424 2745 2821 2799 
5425 2746 2815 2747 
5426 2746 2799 2790 
5427 2790 2815 2746 
5428 2747 2819 2777 
5429 2747 2815 2785 
5430 2785 2819 2747 
5431 2760 2796 2748 
5432 2748 2793 2788 
5433 2748 2796 2793 
5434 2767 2826 2749 
5435 2749 2806 2800 
5436 2749 2826 2806 
5437 2751 2753 2750 
5438 2753 2827 2750 
5439 2750 2827 2767 
5440 2751 2757 2753 
5441 2751 2807 2757 
5442 2765 2807 2751 
5443 2752 2810 2756 
5444 2752 2811 2810 
5445 2757 2820 2753 
5446 2753 2820 2797 
5447 2755 2814 2754 
5448 2754 2814 2813 
5449 2768 2816 2755 
5450 2756 2809 2764 
5451 2757 2807 2804 
5452 2758 2792 2759 
5453 2783 2792 2758 
5454 2759 2792 2779 
5455 2762 2796 2760 
5456 2763 2796 2762 
5457 2763 2800 2798 
5458 2766 2807 2765 
5459 2766 2809 2808 
5460 2795 2826 2767 
5461 2767 2827 2795 
5462 2769 2816 2768 
5463 2770 2816 2769 
5464 2771 2818 2770 
5465 2770 2818 2817 
5466 2777 2819 2771 
5467 2773 2789 2772 
5468 2772 2789 2775 
5469 2774 2782 2773 
5470 2782 2787 2773 
5471 2787 2789 2773 
5472 2779 2792 2774 
5473 2775 2789 2776 
5474 2776 2786 2780 
5475 2781 2806 2803 
5476 2803 2824 2781 
5477 2784 2819 2785 
5478 2791 2821 2794 
5479 2797 2820 2802 
2 36 2 378
5480 18 2983 188 
5481 205 2983 18 
5482 169 2984 19 
5483 19 2984 854 
5484 28 2986 211 
5485 853 2986 28 
5486 81 2985 834 
5487 860 2985 81 
5488 170 2944 169 
5489 2944 2984 169 
5490 171 2843 170 
5491 2843 2944 170 
5492 172 2957 171 
5493 171 2957 2843 
5494 173 2830 172 
5495 2830 2957 172 
5496 174 2965 173 
5497 173 2965 2830 
5498 175 2968 174 
5499 174 2968 2965 
5500 176 2831 175 
5501 2831 2968 175 
5502 177 2972 176 
5503 176 2972 2831 
5504 178 2973 177 
5505 177 2973 2972 
5506 179 2840 178 
5507 2840 2973 178 
5508 180 2975 179 
5509 179 2975 2840 
5510 181 2832 180 
5511 2832 2975 180 
5512 182 2977 181 
5513 181 2977 2832 
5514 183 2838 182 
5515 2838 2977 182 
5516 184 2979 183 
5517 183 2979 2838 
5518 185 2833 184 
5519 2833 2979 184 
5520 186 2942 185 
5521 185 2942 2833 
5522 187 2845 186 
5523 2845 2942 186 
5524 188 2962 187 
5525 187 2962 2845 
5526 188 2983 2962 
5527 206 2848 205 
5528 2848 2983 205 
5529 207 2982 206 
5530 206 2982 2848 
5531 208 2837 207 
5532 2837 2982 207 
5533 209 2970 208 
5534 208 2970 2837 
5535 210 2844 209 
5536 2844 2970 209 
5537 211 2960 210 
5538 210 2960 2844 
5539 211 2986 2960 
5540 834 2847 835 
5541 834 2985 2847 
5542 835 2963 836 
5543 2847 2963 835 
5544 836 2841 837 
5545 836 2963 2841 
5546 837 2955 838 
5547 2841 2955 837 
5548 838 2834 839 
5549 838 2955 2834 
5550 839 2952 840 
5551 2834 2952 839 
5552 840 2941 841 
5553 840 2952 2941 
5554 841 2839 842 
5555 841 2941 2839 
5556 842 2850 843 
5557 2839 2850 842 
5558 843 2829 844 
5559 843 2850 2829 
5560 844 2943 845 
5561 2829 2943 844 
5562 845 2842 846 
5563 845 2943 2842 
5564 846 2939 847 
5565 2842 2939 846 
5566 847 2828 848 
5567 847 2939 2828 
5568 848 2946 849 
5569 2828 2946 848 
5570 849 2940 850 
5571 849 2946 2940 
5572 850 2835 851 
5573 850 2940 2835 
5574 851 2947 852 
5575 2835 2947 851 
5576 852 2849 853 
5577 852 2947 2849 
5578 2849 2986 853 
5579 854 2959 855 
5580 854 2984 2959 
5581 855 2846 856 
5582 855 2959 2846 
5583 856 2950 857 
5584 2846 2950 856 
5585 857 2836 858 
5586 857 2950 2836 
5587 858 2951 859 
5588 2836 2951 858 
5589 859 2961 860 
5590 2951 2961 859 
5591 2961 2985 860 
5592 2923 2946 2828 
5593 2828 2949 2923 
5594 2939 2949 2828 
5595 2850 2937 2829 
5596 2829 2937 2914 
5597 2914 2943 2829 
5598 2908 2964 2830 
5599 2830 2965 2908 
5600 2830 2964 2957 
5601 2906 2971 2831 
5602 2831 2972 2906 
5603 2831 2971 2968 
5604 2917 2975 2832 
5605 2832 2976 2917 
5606 2921 2976 2832 
5607 2832 2977 2921 
5608 2929 2979 2833 
5609 2833 2980 2929 
5610 2942 2980 2833 
5611 2927 2954 2834 
5612 2834 2955 2927 
5613 2834 2954 2952 
5614 2835 2938 2905 
5615 2905 2947 2835 
5616 2835 2940 2938 
5617 2950 2967 2836 
5618 2836 2987 2951 
5619 2967 2987 2836 
5620 2910 2934 2837 
5621 2837 2970 2910 
5622 2934 2935 2837 
5623 2935 2982 2837 
5624 2921 2977 2838 
5625 2838 2978 2921 
5626 2838 2979 2978 
5627 2839 2851 2850 
5628 2839 2852 2851 
5629 2839 2941 2852 
5630 2907 2973 2840 
5631 2840 2974 2907 
5632 2917 2974 2840 
5633 2840 2975 2917 
5634 2932 2958 2841 
5635 2841 2963 2932 
5636 2841 2958 2955 
5637 2919 2939 2842 
5638 2842 2948 2919 
5639 2943 2948 2842 
5640 2909 2945 2843 
5641 2843 2957 2909 
5642 2843 2945 2944 
5643 2844 2960 2953 
5644 2953 2988 2844 
5645 2844 2988 2970 
5646 2845 2981 2942 
5647 2845 2962 2956 
5648 2956 2981 2845 
5649 2846 2959 2945 
5650 2945 2966 2846 
5651 2846 2966 2950 
5652 2961 2969 2847 
5653 2847 2985 2961 
5654 2847 2969 2963 
5655 2935 2956 2848 
5656 2848 2982 2935 
5657 2956 2962 2848 
5658 2962 2983 2848 
5659 2947 2953 2849 
5660 2953 2960 2849 
5661 2960 2986 2849 
5662 2851 2937 2850 
5663 2852 2853 2851 
5664 2853 2854 2851 
5665 2854 2937 2851 
5666 2852 2855 2853 
5667 2852 2901 2855 
5668 2852 2941 2901 
5669 2853 2856 2854 
5670 2855 2912 2853 
5671 2853 2912 2856 
5672 2856 2857 2854 
5673 2857 2913 2854 
5674 2913 2937 2854 
5675 2901 2911 2855 
5676 2911 2936 2855 
5677 2855 2936 2912 
5678 2856 2858 2857 
5679 2856 2861 2858 
5680 2856 2912 2861 
5681 2858 2859 2857 
5682 2859 2860 2857 
5683 2860 2913 2857 
5684 2858 2915 2859 
5685 2861 2875 2858 
5686 2875 2915 2858 
5687 2859 2862 2860 
5688 2859 2900 2862 
5689 2859 2915 2900 
5690 2862 2863 2860 
5691 2863 2878 2860 
5692 2878 2913 2860 
5693 2861 2880 2875 
5694 2861 2881 2880 
5695 2861 2912 2881 
5696 2862 2864 2863 
5697 2862 2916 2864 
5698 2900 2916 2862 
5699 2864 2865 2863 
5700 2865 2918 2863 
5701 2863 2918 2878 
5702 2864 2866 2865 
5703 2864 2899 2866 
5704 2864 2916 2899 
5705 2866 2867 2865 
5706 2867 2879 2865 
5707 2879 2918 2865 
5708 2866 2868 2867 
5709 2866 2920 2868 
5710 2899 2920 2866 
5711 2868 2869 2867 
5712 2869 2922 2867 
5713 2867 2922 2879 
5714 2868 2870 2869 
5715 2868 2897 2870 
5716 2868 2920 2897 
5717 2870 2871 2869 
5718 2871 2876 2869 
5719 2876 2922 2869 
5720 2870 2872 2871 
5721 2870 2928 2872 
5722 2897 2928 2870 
5723 2872 2873 2871 
5724 2873 2933 2871 
5725 2871 2933 2876 
5726 2872 2874 2873 
5727 2872 2896 2874 
5728 2872 2928 2896 
5729 2874 2877 2873 
5730 2877 2895 2873 
5731 2895 2933 2873 
5732 2874 2934 2877 
5733 2896 2898 2874 
5734 2898 2934 2874 
5735 2880 2906 2875 
5736 2906 2907 2875 
5737 2907 2915 2875 
5738 2876 2923 2922 
5739 2876 2924 2923 
5740 2876 2933 2924 
5741 2877 2904 2895 
5742 2877 2910 2904 
5743 2877 2934 2910 
5744 2878 2914 2913 
5745 2878 2948 2914 
5746 2918 2948 2878 
5747 2879 2919 2918 
5748 2879 2949 2919 
5749 2922 2949 2879 
5750 2881 2882 2880 
5751 2882 2971 2880 
5752 2880 2971 2906 
5753 2881 2883 2882 
5754 2881 2936 2883 
5755 2912 2936 2881 
5756 2883 2884 2882 
5757 2884 2903 2882 
5758 2903 2971 2882 
5759 2883 2885 2884 
5760 2883 2886 2885 
5761 2883 2936 2886 
5762 2885 2925 2884 
5763 2884 2908 2903 
5764 2884 2925 2908 
5765 2886 2887 2885 
5766 2887 2888 2885 
5767 2888 2925 2885 
5768 2886 2926 2887 
5769 2911 2926 2886 
5770 2886 2936 2911 
5771 2887 2889 2888 
5772 2887 2891 2889 
5773 2887 2926 2891 
5774 2889 2890 2888 
5775 2890 2893 2888 
5776 2893 2925 2888 
5777 2889 2930 2890 
5778 2891 2892 2889 
5779 2892 2930 2889 
5780 2890 2894 2893 
5781 2890 2902 2894 
5782 2890 2930 2902 
5783 2891 2958 2892 
5784 2926 2927 2891 
5785 2927 2958 2891 
5786 2892 2931 2930 
5787 2892 2932 2931 
5788 2892 2958 2932 
5789 2894 2909 2893 
5790 2909 2964 2893 
5791 2893 2964 2925 
5792 2902 2966 2894 
5793 2894 2945 2909 
5794 2894 2966 2945 
5795 2904 2905 2895 
5796 2905 2938 2895 
5797 2895 2938 2933 
5798 2896 2981 2898 
5799 2928 2980 2896 
5800 2980 2981 2896 
5801 2920 2978 2897 
5802 2897 2929 2928 
5803 2897 2978 2929 
5804 2898 2935 2934 
5805 2898 2956 2935 
5806 2898 2981 2956 
5807 2916 2976 2899 
5808 2899 2921 2920 
5809 2899 2976 2921 
5810 2915 2974 2900 
5811 2900 2917 2916 
5812 2900 2974 2917 
5813 2901 2954 2911 
5814 2941 2952 2901 
5815 2952 2954 2901 
5816 2930 2967 2902 
5817 2950 2966 2902 
5818 2902 2967 2950 
5819 2908 2965 2903 
5820 2965 2968 2903 
5821 2968 2971 2903 
5822 2904 2953 2905 
5823 2910 2988 2904 
5824 2904 2988 2953 
5825 2905 2953 2947 
5826 2906 2972 2907 
5827 2907 2974 2915 
5828 2972 2973 2907 
5829 2925 2964 2908 
5830 2957 2964 2909 
5831 2970 2988 2910 
5832 2911 2954 2926 
5833 2914 2937 2913 
5834 2914 2948 2943 
5835 2917 2976 2916 
5836 2919 2948 2918 
5837 2919 2949 2939 
5838 2921 2978 2920 
5839 2923 2949 2922 
5840 2924 2946 2923 
5841 2933 2938 2924 
5842 2938 2940 2924 
5843 2940 2946 2924 
5844 2926 2954 2927 
5845 2955 2958 2927 
5846 2929 2980 2928 
5847 2978 2979 2929 
5848 2931 2967 2930 
5849 2932 2969 2931 
5850 2931 2987 2967 
5851 2969 2987 2931 
5852 2963 2969 2932 
5853 2942 2981 2980 
5854 2945 2959 2944 
5855 2959 2984 2944 
5856 2951 2969 2961 
5857 2951 2987 2969 
2 37 2 62
5858 19 3006 190 
5859 854 3006 19 
5860 189 3005 20 
5861 20 3005 254 
5862 260 3004 33 
5863 33 3004 861 
5864 81 3007 860 
5865 862 3007 81 
5866 190 2989 189 
5867 2989 3005 189 
5868 190 3006 2989 
5869 254 2999 255 
5870 254 3005 2999 
5871 255 2993 256 
5872 255 2999 2993 
5873 256 2995 257 
5874 2993 2995 256 
5875 257 3002 258 
5876 2995 3002 257 
5877 258 2991 259 
5878 258 3002 2991 
5879 259 2998 260 
5880 2991 2998 259 
5881 2998 3004 260 
5882 855 3000 854 
5883 3000 3006 854 
5884 856 2997 855 
5885 2997 3000 855 
5886 857 2992 856 
5887 2992 2997 856 
5888 858 3003 857 
5889 857 3003 2992 
5890 859 2994 858 
5891 2994 3003 858 
5892 860 3001 859 
5893 859 3001 2994 
5894 860 3007 3001 
5895 861 2990 862 
5896 861 3004 2990 
5897 2990 3007 862 
5898 2999 3005 2989 
5899 2989 3009 2999 
5900 2989 3006 3000 
5901 3000 3009 2989 
5902 2990 3004 2998 
5903 2998 3008 2990 
5904 3001 3007 2990 
5905 2990 3008 3001 
5906 2991 2996 2994 
5907 2994 3008 2991 
5908 2991 3002 2996 
5909 2991 3008 2998 
5910 2992 2996 2995 
5911 2995 2997 2992 
5912 2992 3003 2996 
5913 2993 2997 2995 
5914 2993 3009 2997 
5915 2999 3009 2993 
5916 2996 3003 2994 
5917 3001 3008 2994 
5918 2996 3002 2995 
5919 2997 3009 3000 
2 38 2 657
5920 27 3015 28 
5921 64 27 67 
5922 64 3010 27 
5923 3010 3015 27 
5924 28 3272 853 
5925 3015 3018 28 
5926 3018 3077 28 
5927 3077 3272 28 
5928 33 3270 285 
5929 861 3270 33 
5930 261 3261 34 
5931 34 3261 553 
5932 544 3262 60 
5933 60 3262 833 
5934 63 783 620 
5935 601 3010 64 
5936 78 3269 790 
5937 803 3269 78 
5938 80 3223 79 
5939 79 3223 809 
5940 817 3014 80 
5941 3014 3030 80 
5942 3030 3223 80 
5943 834 3259 81 
5944 81 3259 862 
5945 262 3083 261 
5946 3083 3261 261 
5947 263 3176 262 
5948 262 3176 3083 
5949 264 3036 263 
5950 3036 3176 263 
5951 265 3187 264 
5952 264 3187 3036 
5953 266 3045 265 
5954 3045 3187 265 
5955 267 3183 266 
5956 266 3183 3045 
5957 268 3048 267 
5958 3048 3183 267 
5959 269 3168 268 
5960 268 3168 3048 
5961 270 3052 269 
5962 3052 3168 269 
5963 271 3209 270 
5964 270 3209 3052 
5965 272 3054 271 
5966 3054 3209 271 
5967 273 3180 272 
5968 272 3180 3054 
5969 274 3064 273 
5970 3064 3180 273 
5971 275 3177 274 
5972 274 3177 3064 
5973 276 3070 275 
5974 3070 3177 275 
5975 277 3188 276 
5976 276 3188 3070 
5977 278 3074 277 
5978 3074 3188 277 
5979 279 3185 278 
5980 278 3185 3074 
5981 280 3076 279 
5982 3076 3185 279 
5983 281 3184 280 
5984 280 3184 3076 
5985 282 3085 281 
5986 3085 3184 281 
5987 283 3182 282 
5988 282 3182 3085 
5989 284 3092 283 
5990 3092 3182 283 
5991 285 3226 284 
5992 284 3226 3092 
5993 285 3270 3226 
5994 545 3073 544 
5995 3073 3262 544 
5996 546 3164 545 
5997 545 3164 3073 
5998 547 3023 546 
5999 3023 3164 546 
6000 548 3165 547 
6001 547 3165 3023 
6002 549 3038 548 
6003 3038 3165 548 
6004 550 3241 549 
6005 549 3241 3038 
6006 551 3258 550 
6007 550 3258 3241 
6008 552 3028 551 
6009 3028 3258 551 
6010 553 3219 552 
6011 552 3219 3028 
6012 553 3261 3219 
6013 602 3142 601 
6014 601 3155 3010 
6015 3142 3155 601 
6016 603 3034 602 
6017 3034 3142 602 
6018 604 3199 603 
6019 603 3199 3034 
6020 605 3019 604 
6021 3019 3199 604 
6022 606 3200 605 
6023 605 3200 3019 
6024 607 3026 606 
6025 3026 3200 606 
6026 608 3201 607 
6027 607 3201 3026 
6028 609 3212 608 
6029 608 3212 3201 
6030 610 3016 609 
6031 3016 3212 609 
6032 611 3228 610 
6033 610 3228 3016 
6034 612 3235 611 
6035 611 3235 3228 
6036 613 3025 612 
6037 3025 3235 612 
6038 614 3236 613 
6039 613 3236 3025 
6040 615 3011 614 
6041 3011 3236 614 
6042 616 3215 615 
6043 615 3215 3011 
6044 617 3141 616 
6045 3141 3215 616 
6046 618 3024 617 
6047 3024 3141 617 
6048 619 3163 618 
6049 618 3163 3024 
6050 620 3097 619 
6051 3097 3163 619 
6052 783 3250 620 
6053 620 3250 3097 
6054 784 3250 783 
6055 785 3050 784 
6056 3050 3250 784 
6057 786 3266 785 
6058 785 3266 3050 
6059 787 3012 786 
6060 3012 3266 786 
6061 788 3211 787 
6062 787 3211 3012 
6063 789 3033 788 
6064 3033 3211 788 
6065 790 3221 789 
6066 789 3221 3033 
6067 790 3269 3221 
6068 804 3202 803 
6069 3202 3269 803 
6070 805 3062 804 
6071 3062 3202 804 
6072 806 3240 805 
6073 805 3240 3062 
6074 807 3013 806 
6075 3013 3240 806 
6076 808 3248 807 
6077 807 3248 3013 
6078 809 3256 808 
6079 808 3256 3248 
6080 3223 3256 809 
6081 818 3233 817 
6082 817 3233 3014 
6083 819 3021 818 
6084 3021 3233 818 
6085 820 3167 819 
6086 819 3167 3021 
6087 821 3216 820 
6088 820 3216 3167 
6089 822 3017 821 
6090 3017 3216 821 
6091 823 3253 822 
6092 822 3253 3017 
6093 824 3027 823 
6094 3027 3253 823 
6095 825 3131 824 
6096 824 3131 3027 
6097 826 3213 825 
6098 825 3213 3131 
6099 827 3020 826 
6100 3020 3213 826 
6101 828 3229 827 
6102 827 3229 3020 
6103 829 3029 828 
6104 3029 3229 828 
6105 830 3154 829 
6106 829 3154 3029 
6107 831 3022 830 
6108 3022 3154 830 
6109 832 3166 831 
6110 831 3166 3022 
6111 833 3218 832 
6112 832 3218 3166 
6113 833 3262 3218 
6114 835 3075 834 
6115 3075 3259 834 
6116 836 3192 835 
6117 835 3192 3075 
6118 837 3069 836 
6119 3069 3192 836 
6120 838 3197 837 
6121 837 3197 3069 
6122 839 3063 838 
6123 3063 3197 838 
6124 840 3214 839 
6125 839 3214 3063 
6126 841 3053 840 
6127 3053 3214 840 
6128 842 3193 841 
6129 841 3193 3053 
6130 843 3051 842 
6131 3051 3193 842 
6132 844 3196 843 
6133 843 3196 3051 
6134 845 3047 844 
6135 3047 3196 844 
6136 846 3195 845 
6137 845 3195 3047 
6138 847 3041 846 
6139 3041 3195 846 
6140 848 3190 847 
6141 847 3190 3041 
6142 849 3039 848 
6143 3039 3190 848 
6144 850 3208 849 
6145 849 3208 3039 
6146 851 3037 850 
6147 3037 3208 850 
6148 852 3189 851 
6149 851 3189 3037 
6150 853 3035 852 
6151 3035 3189 852 
6152 853 3272 3035 
6153 862 3140 861 
6154 3140 3270 861 
6155 862 3259 3140 
6156 3010 3040 3015 
6157 3010 3046 3040 
6158 3010 3155 3046 
6159 3011 3222 3145 
6160 3145 3236 3011 
6161 3215 3222 3011 
6162 3205 3206 3012 
6163 3012 3264 3205 
6164 3206 3266 3012 
6165 3211 3264 3012 
6166 3133 3240 3013 
6167 3013 3245 3133 
6168 3144 3245 3013 
6169 3013 3248 3144 
6170 3014 3031 3030 
6171 3014 3129 3031 
6172 3014 3233 3129 
6173 3015 3138 3018 
6174 3040 3138 3015 
6175 3123 3220 3016 
6176 3016 3228 3123 
6177 3016 3220 3212 
6178 3130 3238 3017 
6179 3017 3253 3130 
6180 3161 3216 3017 
6181 3017 3238 3161 
6182 3018 3078 3077 
6183 3018 3079 3078 
6184 3018 3138 3079 
6185 3121 3158 3019 
6186 3019 3200 3121 
6187 3158 3199 3019 
6188 3139 3207 3020 
6189 3020 3229 3139 
6190 3207 3213 3020 
6191 3167 3276 3021 
6192 3021 3257 3233 
6193 3021 3276 3257 
6194 3149 3153 3022 
6195 3022 3166 3149 
6196 3153 3154 3022 
6197 3023 3265 3164 
6198 3165 3224 3023 
6199 3224 3265 3023 
6200 3024 3127 3125 
6201 3125 3141 3024 
6202 3024 3163 3127 
6203 3124 3235 3025 
6204 3025 3239 3124 
6205 3236 3239 3025 
6206 3026 3160 3159 
6207 3159 3200 3026 
6208 3026 3201 3160 
6209 3130 3253 3027 
6210 3027 3268 3130 
6211 3131 3268 3027 
6212 3122 3258 3028 
6213 3028 3278 3122 
6214 3219 3278 3028 
6215 3154 3251 3029 
6216 3029 3251 3229 
6217 3031 3032 3030 
6218 3032 3084 3030 
6219 3084 3223 3030 
6220 3031 3042 3032 
6221 3031 3044 3042 
6222 3031 3129 3044 
6223 3042 3043 3032 
6224 3043 3143 3032 
6225 3032 3143 3084 
6226 3033 3221 3203 
6227 3203 3227 3033 
6228 3033 3227 3211 
6229 3034 3102 3100 
6230 3100 3142 3034 
6231 3034 3199 3102 
6232 3035 3246 3189 
6233 3243 3246 3035 
6234 3035 3272 3243 
6235 3036 3267 3176 
6236 3187 3232 3036 
6237 3232 3267 3036 
6238 3172 3208 3037 
6239 3037 3273 3172 
6240 3189 3273 3037 
6241 3152 3225 3038 
6242 3038 3241 3152 
6243 3038 3275 3165 
6244 3225 3275 3038 
6245 3039 3208 3175 
6246 3175 3210 3039 
6247 3039 3210 3190 
6248 3046 3049 3040 
6249 3049 3068 3040 
6250 3068 3138 3040 
6251 3190 3191 3041 
6252 3191 3254 3041 
6253 3041 3254 3195 
6254 3042 3055 3043 
6255 3044 3217 3042 
6256 3042 3217 3055 
6257 3055 3056 3043 
6258 3056 3057 3043 
6259 3057 3143 3043 
6260 3129 3244 3044 
6261 3044 3237 3217 
6262 3044 3244 3237 
6263 3136 3187 3045 
6264 3045 3249 3136 
6265 3183 3249 3045 
6266 3046 3065 3049 
6267 3046 3066 3065 
6268 3046 3155 3066 
6269 3195 3198 3047 
6270 3047 3274 3196 
6271 3198 3274 3047 
6272 3168 3169 3048 
6273 3169 3170 3048 
6274 3170 3183 3048 
6275 3065 3067 3049 
6276 3067 3146 3049 
6277 3049 3146 3068 
6278 3050 3206 3204 
6279 3204 3277 3050 
6280 3050 3266 3206 
6281 3050 3277 3250 
6282 3051 3196 3179 
6283 3179 3231 3051 
6284 3051 3231 3193 
6285 3052 3173 3168 
6286 3052 3174 3173 
6287 3052 3209 3174 
6288 3053 3194 3186 
6289 3186 3214 3053 
6290 3193 3194 3053 
6291 3180 3247 3054 
6292 3054 3230 3209 
6293 3054 3247 3230 
6294 3055 3089 3056 
6295 3055 3090 3089 
6296 3055 3217 3090 
6297 3056 3058 3057 
6298 3056 3156 3058 
6299 3089 3156 3056 
6300 3058 3059 3057 
6301 3059 3151 3057 
6302 3057 3151 3143 
6303 3058 3060 3059 
6304 3058 3071 3060 
6305 3058 3156 3071 
6306 3060 3061 3059 
6307 3061 3086 3059 
6308 3086 3151 3059 
6309 3060 3157 3061 
6310 3071 3072 3060 
6311 3072 3157 3060 
6312 3061 3087 3086 
6313 3061 3088 3087 
6314 3061 3157 3088 
6315 3133 3203 3062 
6316 3062 3240 3133 
6317 3062 3203 3202 
6318 3063 3242 3197 
6319 3214 3234 3063 
6320 3234 3242 3063 
6321 3177 3263 3064 
6322 3064 3181 3180 
6323 3064 3263 3181 
6324 3066 3093 3065 
6325 3065 3153 3067 
6326 3093 3153 3065 
6327 3066 3094 3093 
6328 3066 3095 3094 
6329 3066 3155 3095 
6330 3067 3147 3146 
6331 3067 3149 3147 
6332 3067 3153 3149 
6333 3068 3255 3138 
6334 3146 3148 3068 
6335 3148 3255 3068 
6336 3069 3260 3192 
6337 3197 3252 3069 
6338 3252 3260 3069 
6339 3070 3178 3177 
6340 3070 3179 3178 
6341 3070 3188 3179 
6342 3071 3125 3072 
6343 3071 3126 3125 
6344 3071 3156 3126 
6345 3125 3127 3072 
6346 3127 3128 3072 
6347 3128 3157 3072 
6348 3073 3164 3150 
6349 3150 3218 3073 
6350 3218 3262 3073 
6351 3185 3194 3074 
6352 3074 3231 3188 
6353 3194 3231 3074 
6354 3075 3226 3140 
6355 3140 3259 3075 
6356 3192 3271 3075 
6357 3075 3271 3226 
6358 3184 3234 3076 
6359 3076 3186 3185 
6360 3076 3234 3186 
6361 3078 3082 3077 
6362 3082 3243 3077 
6363 3243 3272 3077 
6364 3079 3080 3078 
6365 3080 3135 3078 
6366 3078 3135 3082 
6367 3079 3081 3080 
6368 3079 3091 3081 
6369 3079 3138 3091 
6370 3081 3098 3080 
6371 3098 3099 3080 
6372 3099 3135 3080 
6373 3091 3152 3081 
6374 3081 3122 3098 
6375 3081 3152 3122 
6376 3135 3136 3082 
6377 3136 3137 3082 
6378 3137 3243 3082 
6379 3083 3176 3132 
6380 3132 3219 3083 
6381 3219 3261 3083 
6382 3143 3144 3084 
6383 3144 3256 3084 
6384 3084 3256 3223 
6385 3182 3252 3085 
6386 3085 3242 3184 
6387 3085 3252 3242 
6388 3087 3133 3086 
6389 3133 3245 3086 
6390 3086 3245 3151 
6391 3088 3227 3087 
6392 3087 3203 3133 
6393 3087 3227 3203 
6394 3157 3205 3088 
6395 3205 3264 3088 
6396 3088 3264 3227 
6397 3090 3145 3089 
6398 3145 3222 3089 
6399 3089 3222 3156 
6400 3090 3217 3134 
6401 3134 3239 3090 
6402 3090 3239 3145 
6403 3138 3255 3091 
6404 3091 3225 3152 
6405 3091 3255 3225 
6406 3092 3260 3182 
6407 3226 3271 3092 
6408 3092 3271 3260 
6409 3094 3251 3093 
6410 3093 3154 3153 
6411 3093 3251 3154 
6412 3095 3096 3094 
6413 3096 3139 3094 
6414 3139 3251 3094 
6415 3095 3100 3096 
6416 3095 3142 3100 
6417 3095 3155 3142 
6418 3100 3101 3096 
6419 3101 3207 3096 
6420 3096 3207 3139 
6421 3097 3277 3163 
6422 3250 3277 3097 
6423 3098 3132 3099 
6424 3122 3278 3098 
6425 3098 3278 3132 
6426 3132 3267 3099 
6427 3099 3232 3135 
6428 3099 3267 3232 
6429 3100 3102 3101 
6430 3102 3103 3101 
6431 3103 3104 3101 
6432 3104 3207 3101 
6433 3102 3158 3103 
6434 3102 3199 3158 
6435 3103 3105 3104 
6436 3103 3106 3105 
6437 3103 3158 3106 
6438 3105 3131 3104 
6439 3131 3213 3104 
6440 3104 3213 3207 
6441 3106 3107 3105 
6442 3107 3268 3105 
6443 3105 3268 3131 
6444 3106 3108 3107 
6445 3106 3121 3108 
6446 3106 3158 3121 
6447 3108 3109 3107 
6448 3109 3130 3107 
6449 3130 3268 3107 
6450 3108 3110 3109 
6451 3108 3159 3110 
6452 3121 3159 3108 
6453 3110 3111 3109 
6454 3111 3238 3109 
6455 3109 3238 3130 
6456 3110 3112 3111 
6457 3110 3160 3112 
6458 3159 3160 3110 
6459 3112 3113 3111 
6460 3113 3161 3111 
6461 3161 3238 3111 
6462 3112 3114 3113 
6463 3112 3117 3114 
6464 3112 3160 3117 
6465 3114 3115 3113 
6466 3115 3120 3113 
6467 3120 3161 3113 
6468 3114 3116 3115 
6469 3114 3220 3116 
6470 3117 3220 3114 
6471 3116 3118 3115 
6472 3118 3162 3115 
6473 3115 3162 3120 
6474 3116 3119 3118 
6475 3116 3123 3119 
6476 3116 3220 3123 
6477 3160 3201 3117 
6478 3201 3212 3117 
6479 3212 3220 3117 
6480 3119 3237 3118 
6481 3118 3244 3162 
6482 3237 3244 3118 
6483 3123 3124 3119 
6484 3124 3134 3119 
6485 3134 3237 3119 
6486 3120 3167 3161 
6487 3162 3276 3120 
6488 3120 3276 3167 
6489 3121 3200 3159 
6490 3152 3241 3122 
6491 3241 3258 3122 
6492 3123 3228 3124 
6493 3124 3239 3134 
6494 3228 3235 3124 
6495 3126 3141 3125 
6496 3126 3215 3141 
6497 3156 3222 3126 
6498 3126 3222 3215 
6499 3127 3204 3128 
6500 3163 3204 3127 
6501 3128 3205 3157 
6502 3204 3206 3128 
6503 3128 3206 3205 
6504 3233 3257 3129 
6505 3129 3257 3244 
6506 3176 3267 3132 
6507 3132 3278 3219 
6508 3217 3237 3134 
6509 3135 3232 3136 
6510 3136 3249 3137 
6511 3136 3232 3187 
6512 3170 3246 3137 
6513 3137 3249 3170 
6514 3137 3246 3243 
6515 3229 3251 3139 
6516 3226 3270 3140 
6517 3143 3151 3144 
6518 3151 3245 3144 
6519 3248 3256 3144 
6520 3145 3239 3236 
6521 3147 3224 3146 
6522 3146 3224 3148 
6523 3149 3150 3147 
6524 3150 3265 3147 
6525 3147 3265 3224 
6526 3148 3224 3165 
6527 3165 3275 3148 
6528 3225 3255 3148 
6529 3148 3275 3225 
6530 3149 3166 3150 
6531 3164 3265 3150 
6532 3166 3218 3150 
6533 3167 3216 3161 
6534 3244 3257 3162 
6535 3257 3276 3162 
6536 3163 3277 3204 
6537 3168 3173 3169 
6538 3169 3171 3170 
6539 3169 3172 3171 
6540 3169 3173 3172 
6541 3171 3246 3170 
6542 3170 3249 3183 
6543 3172 3273 3171 
6544 3189 3246 3171 
6545 3171 3273 3189 
6546 3173 3175 3172 
6547 3175 3208 3172 
6548 3174 3175 3173 
6549 3174 3210 3175 
6550 3209 3230 3174 
6551 3174 3230 3210 
6552 3178 3263 3177 
6553 3179 3274 3178 
6554 3198 3263 3178 
6555 3178 3274 3198 
6556 3188 3231 3179 
6557 3196 3274 3179 
6558 3181 3247 3180 
6559 3191 3247 3181 
6560 3181 3254 3191 
6561 3198 3254 3181 
6562 3181 3263 3198 
6563 3182 3260 3252 
6564 3184 3242 3234 
6565 3186 3194 3185 
6566 3186 3234 3214 
6567 3190 3210 3191 
6568 3210 3230 3191 
6569 3230 3247 3191 
6570 3260 3271 3192 
6571 3193 3231 3194 
6572 3195 3254 3198 
6573 3242 3252 3197 
6574 3203 3221 3202 
6575 3221 3269 3202 
6576 3227 3264 3211 
3 1 4 18981
6577 1795 1738 3617 3865 
6578 151 3524 3660 3808 
6579 2767 3742 3398 4469 
6580 2767 3398 4070 4469 
6581 3424 2976 4052 4381 
6582 152 151 3660 3808 
6583 2777 3721 3538 4136 
6584 3587 4052 2976 4381 
6585 3619 3316 3849 4362 
6586 3283 3665 3582 4090 
6587 3424 4052 3587 4381 
6588 3283 3582 3665 4021 
6589 2763 3759 3506 3760 
6590 1722 3764 3785 4022 
6591 2881 3963 3402 4474 
6592 3069 3197 2955 4335 
6593 3297 3579 3408 4034 
6594 866 3953 3741 4523 
6595 3588 3923 1490 4498 
6596 3369 3741 3465 3953 
6597 3711 3884 1189 4379 
6598 2454 3942 3359 4047 
6599 2532 3680 4061 4686 
6600 1103 4043 3713 4055 
6601 3288 3549 3590 4164 
6602 3741 3953 3369 3958 
6603 152 3602 970 3808 
6604 98 3412 931 3811 
6605 3662 4046 3297 4338 
6606 3432 3582 3339 3665 
6607 3426 3887 3753 4058 
6608 3400 3790 3294 3846 
6609 3430 3883 3499 3977 
6610 152 3660 3602 3808 
6611 2970 3795 3419 3864 
6612 3430 3883 3977 4327 
6613 1880 3837 3638 3838 
6614 3745 3874 3477 4298 
6615 3460 3857 3322 4341 
6616 3438 3874 3745 4298 
6617 3317 3647 3627 4266 
6618 3204 4210 3992 4317 
6619 3442 3551 3308 4146 
6620 3174 4027 3713 4599 
6621 2606 3609 3494 4023 
6622 151 150 928 4506 
6623 3197 3492 2955 4335 
6624 2948 3719 3798 3921 
6625 3289 3745 3477 4298 
6626 3477 3745 3438 3874 
6627 3624 3677 2229 4160 
6628 3308 3485 3464 3641 
6629 3509 3603 3018 4480 
6630 3425 4078 3555 4567 
6631 2439 2109 2087 3507 
6632 475 3703 3596 4048 
6633 93 3714 3446 3744 
6634 2942 3575 955 3880 
6635 3425 3854 4078 4567 
6636 3297 4338 4046 4552 
6637 3485 3768 3649 4632 
6638 3460 3322 3895 4341 
6639 3530 3290 4360 4418 
6640 2881 3723 3402 3963 
6641 3394 4046 4338 4552 
6642 1113 2993 3644 3670 
6643 3853 4360 3290 4418 
6644 3505 3334 3862 4082 
6645 2000 4241 3554 4439 
6646 389 390 3393 4305 
6647 2860 3632 3552 3937 
6648 3297 3408 3579 4001 
6649 3816 4133 3802 4314 
6650 153 3602 3660 4195 
6651 2191 3971 3898 4294 
6652 1725 3737 3987 4509 
6653 153 3660 4158 4195 
6654 3680 4240 2513 4317 
6655 954 3485 3641 3829 
6656 147 4052 3572 4623 
6657 3577 4233 3807 4342 
6658 3680 4061 3620 4620 
6659 2532 4061 2559 4686 
6660 3425 3854 3555 4078 
6661 1880 3838 3638 4161 
6662 3494 3609 2628 4765 
6663 3296 4454 3620 4617 
6664 3430 3977 3499 4327 
6665 1321 448 447 3712 
6666 3778 4091 4002 4262 
6667 3366 4061 3680 4686 
6668 90 939 91 3627 
6669 153 3602 152 3660 
6670 1756 1795 1738 3617 
6671 3413 4520 4147 4659 
6672 954 3641 3485 3976 
6673 3462 3642 2262 4522 
6674 2003 3541 3554 4241 
6675 228 4295 3559 4322 
6676 3573 4150 1588 4278 
6677 3435 3322 3857 4341 
6678 1066 3768 3894 4632 
6679 3609 4145 2628 4765 
6680 2202 3706 3753 4058 
6681 152 153 3660 4158 
6682 2454 3359 3964 4047 
6683 2863 3632 2860 3937 
6684 3572 4052 3424 4623 
6685 3406 3326 3635 3951 
6686 1844 3527 1804 4369 
6687 3463 3809 3608 4562 
6688 4050 4119 3897 4624 
6689 3291 3539 4437 4458 
6690 3291 3539 3504 4437 
6691 2844 210 4307 4663 
6692 3280 3586 3653 4400 
6693 3624 3681 3331 4088 
6694 3126 4147 4520 4659 
6695 2976 3424 2916 4381 
6696 3681 4088 3624 4228 
6697 3778 4002 3296 4262 
6698 2767 2827 2750 3398 
6699 2356 3941 3699 4007 
6700 3702 3788 1602 3913 
6701 3586 3974 3426 4178 
6702 3419 3308 3551 4146 
6703 3322 3809 3463 4562 
6704 4052 4398 3424 4623 
6705 3359 3942 2454 4675 
6706 3620 4454 3366 4617 
6707 2173 218 2270 3666 
6708 3505 3862 3334 4186 
6709 3534 4133 3816 4314 
6710 931 3811 3412 4264 
6711 1988 3455 3647 3845 
6712 2714 3708 3511 4325 
6713 3652 3513 4336 4362 
6714 3563 4312 3550 4461 
6715 2937 3996 3401 4201 
6716 3419 3690 3325 3720 
6717 3419 3551 3308 4321 
6718 3582 3665 3432 4090 
6719 1597 3913 3788 3922 
6720 3297 4046 3662 4552 
6721 3800 4426 1283 4540 
6722 3625 4064 3651 4162 
6723 2881 2936 3963 4474 
6724 3505 4082 3862 4326 
6725 2628 3494 2606 3609 
6726 3406 3635 3326 4191 
6727 3314 3571 3490 3630 
6728 3538 3721 2819 4393 
6729 2844 4307 3864 4663 
6730 3751 1283 4426 4540 
6731 3405 3821 3742 4275 
6732 2606 3609 4023 4537 
6733 3289 3477 3874 4298 
6734 3851 4113 4005 4394 
6735 3472 3624 2229 4160 
6736 3898 3971 2191 4184 
6737 3703 4048 475 4448 
6738 2844 3864 3521 4663 
6739 3599 4097 4016 4108 
6740 1725 3737 1638 3987 
6741 2833 2942 955 3880 
6742 3651 4064 3377 4162 
6743 3369 3698 3465 3741 
6744 3359 2454 3964 4675 
6745 3464 3485 3308 3955 
6746 3443 3550 4312 4461 
6747 2767 3398 3742 4386 
6748 3369 3698 3741 3958 
6749 3291 4437 3504 4458 
6750 3387 3882 3459 4098 
6751 2844 2960 210 4663 
6752 3395 3590 3549 4164 
6753 931 3412 98 4264 
6754 3198 3798 3522 3921 
6755 3459 3882 3310 4098 
6756 1984 3455 1988 3845 
6757 1110 4464 1073 4632 
6758 3158 3854 3555 4303 
6759 3317 3627 3647 4172 
6760 3596 3703 3343 4048 
6761 3741 3953 866 4425 
6762 231 3470 714 3844 
6763 3430 3499 4141 4327 
6764 1465 1462 3794 3874 
6765 3406 3326 3951 4391 
6766 3297 3408 3817 4034 
6767 3851 3375 4113 4394 
6768 3549 3395 4164 4219 
6769 3754 4575 3571 4791 
6770 3395 3355 3737 4418 
6771 3355 3395 3737 4084 
6772 3395 4084 3355 4418 
6773 3495 4201 4014 4422 
6774 2841 3069 2955 4335 
6775 2761 3466 4242 4549 
6776 3584 3585 1047 4003 
6777 3599 3338 4097 4108 
6778 2855 3427 3830 3982 
6779 3436 4059 1375 4114 
6780 3953 3958 3741 4523 
6781 3018 3509 211 3603 
6782 1809 3789 2322 3876 
6783 3459 3663 3310 4342 
6784 3634 4364 2219 4365 
6785 2528 4061 3680 4620 
6786 3292 3595 3438 3978 
6787 2841 2955 3492 4335 
6788 3802 4133 3367 4314 
6789 4145 4461 2628 4765 
6790 3494 2628 4461 4765 
6791 3116 3764 3590 4282 
6792 3086 3715 3883 4066 
6793 3292 3438 3595 3745 
6794 3419 3325 3690 4163 
6795 2114 4065 3562 4420 
6796 3349 3619 3849 4362 
6797 3423 3650 3360 3792 
6798 3407 1674 3863 4046 
6799 3294 3400 3846 4185 
6800 3577 3807 3285 4342 
6801 3428 4072 3414 4271 
6802 3314 3420 3836 3853 
6803 3214 3982 2952 4208 
6804 1804 2142 3527 4013 
6805 3280 3484 3586 4400 
6806 3126 4147 3924 4520 
6807 2229 3624 2228 3677 
6808 2000 3554 4009 4439 
6809 3439 3978 3292 4203 
6810 3439 3855 432 4081 
6811 3557 4346 3481 4553 
6812 3393 3625 389 4064 
6813 2914 2937 3401 4201 
6814 2777 2819 3538 3721 
6815 3341 3977 3883 4327 
6816 3738 4002 3778 4091 
6817 3280 3653 3586 4633 
6818 3851 4005 3756 4394 
6819 390 3797 3393 4305 
6820 3393 4064 389 4305 
6821 3282 3564 3704 4465 
6822 3308 3551 3442 4621 
6823 432 3855 3439 4015 
6824 3323 3393 4177 4689 
6825 3414 3428 3763 4072 
6826 1674 3407 3863 4494 
6827 3862 4186 3505 4326 
6828 2914 3401 2937 3996 
6829 3204 4077 4210 4317 
6830 2302 3787 3554 3928 
6831 476 3703 475 4448 
6832 1042 4346 3557 4553 
6833 3349 3849 3619 4260 
6834 441 3517 440 4428 
6835 3595 3923 1461 3978 
6836 151 152 970 3808 
6837 1804 3527 2142 4369 
6838 3694 3822 1525 3881 
6839 1674 4046 3407 4494 
6840 1917 2299 218 3666 
6841 3323 3682 3589 3800 
6842 3326 3486 3470 4629 
6843 3357 3949 3784 4360 
6844 3977 4141 3499 4327 
6845 3903 4275 3477 4411 
6846 3383 95 3803 4088 
6847 3810 4190 3867 4358 
6848 3339 3665 3582 4021 
6849 2767 3398 2750 4070 
6850 3559 3570 3300 4295 
6851 3494 3563 3550 4461 
6852 3558 3851 3414 4271 
6853 3300 3693 3453 3705 
6854 2848 2983 3498 3641 
6855 3649 3955 3485 4017 
6856 3620 3680 3366 4061 
6857 203 3888 3409 4121 
6858 3490 3836 3420 3853 
6859 89 937 3850 3911 
6860 3662 3863 1674 4046 
6861 3148 3607 3540 3903 
6862 3375 3851 3756 4394 
6863 2800 3506 2763 3759 
6864 2623 4058 3426 4178 
6865 3558 3972 3851 4271 
6866 2003 3554 2000 4241 
6867 3382 3840 3460 4401 
6868 1154 3744 888 4109 
6869 4078 4167 3555 4567 
6870 1809 1823 2149 3789 
6871 1809 1824 1823 3789 
6872 3282 3704 3463 4465 
6873 3214 3483 3982 4208 
6874 3323 3625 3393 4689 
6875 3652 3653 3513 4362 
6876 1189 3884 3711 3907 
6877 2917 4052 2975 4398 
6878 3688 3980 1077 4149 
6879 1066 3768 3718 3894 
6880 3428 3763 1979 4010 
6881 3296 3592 3620 4454 
6882 3407 4046 3662 4338 
6883 3326 3406 4191 4391 
6884 3459 4098 3866 4151 
6885 3517 3579 440 4428 
6886 3480 4016 3945 4097 
6887 2262 3462 2277 3642 
6888 1838 4013 3527 4033 
6889 1135 3492 1119 4421 
6890 1460 3595 1461 3978 
6891 3310 3866 3459 4098 
6892 3009 3644 2993 3670 
6893 3411 3368 3661 4294 
6894 3294 3846 3790 4125 
6895 3395 3737 3758 4418 
6896 3323 3800 3589 4188 
6897 1880 1829 3838 4161 
6898 3388 3923 3588 4498 
6899 3387 4098 3459 4151 
6900 105 866 3741 4523 
6901 1988 3647 3455 4169 
6902 1035 3052 3713 4043 
6903 3664 141 4239 4280 
6904 3475 2513 4240 4317 
6905 3296 3778 3410 4240 
6906 3576 4016 3480 4097 
6907 3534 3367 4133 4314 
6908 3322 3435 3633 4341 
6909 234 3495 3879 4442 
6910 3453 3693 3344 3705 
6911 2736 4478 3749 4626 
6912 1597 1602 3788 3913 
6913 2577 3962 3418 4154 
6914 2714 3511 3708 4062 
6915 92 3446 93 3714 
6916 3368 3411 3661 4198 
6917 3619 3653 3316 4362 
6918 3494 4023 3609 4732 
6919 3352 3566 3472 3730 
6920 3589 3682 3323 4103 
6921 1490 3728 3588 4498 
6922 3619 4336 3653 4362 
6923 205 956 2983 3641 
6924 3439 4006 3978 4203 
6925 463 1393 3917 3962 
6926 3866 4098 3390 4151 
6927 3383 4088 3681 4228 
6928 3778 3410 4240 4611 
6929 3550 4461 3443 4765 
6930 3653 4336 3513 4362 
6931 2952 3982 3483 4208 
6932 3321 3532 3561 3724 
6933 3494 4461 3550 4765 
6934 1084 3585 3567 4256 
6935 1135 3557 3492 4421 
6936 3322 3463 4407 4562 
6937 3468 3907 98 4174 
6938 3699 3941 2356 4202 
6939 3559 3300 3693 4295 
6940 93 3744 3446 3961 
6941 3342 4030 3774 4071 
6942 3473 3927 439 4034 
6943 3425 4303 3854 4413 
6944 3490 3571 3314 3853 
6945 2532 2528 2559 4061 
6946 1590 1631 1588 3820 
6947 3126 3924 3071 4520 
6948 3572 4374 4104 4623 
6949 1618 4050 3411 4612 
6950 1588 4150 1589 4278 
6951 3446 3714 3335 3744 
6952 3898 3971 3368 4294 
6953 3395 3606 4164 4219 
6954 3126 3071 3924 4147 
6955 1525 3694 3881 4000 
6956 3417 4123 3785 4205 
6957 3554 3787 2302 4365 
6958 2215 3478 3732 4397 
6959 3528 3942 3359 4519 
6960 3461 3696 2247 3948 
6961 3664 4239 3893 4280 
6962 3649 3768 3485 3955 
6963 1103 1035 3713 4043 
6964 2844 3521 2960 4663 
6965 3554 4009 2302 4462 
6966 3636 3722 3363 4513 
6967 2623 3426 3983 4178 
6968 2277 3642 3462 4690 
6969 2827 3398 2767 4386 
6970 439 3579 3473 4034 
6971 2792 3836 3630 4242 
6972 3495 3401 4014 4201 
6973 3302 3519 3511 3761 
6974 3370 3788 3702 3913 
6975 3495 3552 3401 4201 
6976 3749 4478 3431 4626 
6977 2975 4052 969 4398 
6978 2652 4058 2623 4178 
6979 1988 3455 1984 4169 
6980 3468 4007 3354 4310 
6981 3302 3511 3519 4135 
6982 3766 3397 3894 4319 
6983 3468 3699 3354 4007 
6984 2870 3493 2872 3869 
6985 2173 218 3666 3908 
6986 1092 3881 3451 4000 
6987 3307 3442 3878 3916 
6988 3833 4437 3539 4458 
6989 2870 3669 3493 3869 
6990 955 3880 3575 4768 
6991 1844 1838 1804 3527 
6992 2855 3830 2901 3982 
6993 3393 3651 3625 4064 
6994 3442 3916 3516 4789 
6995 481 4190 3810 4358 
6996 3418 3962 2483 4392 
6997 3766 3804 3397 4319 
6998 3485 3894 3768 4632 
6999 3363 3722 3636 4006 
7000 3395 3735 3606 4219 
7001 3291 3833 3539 4458 
7002 1620 1597 1602 3788 
7003 3288 3549 4164 4219 
7004 3636 3363 3867 4513 
7005 1012 209 3746 3859 
7006 3284 3851 3972 4271 
7007 1353 47 4333 4565 
7008 3405 3821 4275 4583 
7009 2729 3871 3421 4603 
7010 3322 3703 3435 3796 
7011 3790 3846 3529 4125 
7012 3915 4021 3582 4036 
7013 3355 3758 3737 4418 
7014 3342 3774 3773 4071 
7015 463 3962 3917 4795 
7016 1809 1824 3789 3876 
7017 2800 2724 2763 3506 
7018 3663 3866 1977 3994 
7019 3198 3522 3254 3921 
7020 3402 3628 3313 4745 
7021 196 3827 3755 3971 
7022 151 3660 3524 4506 
7023 3158 3555 3854 4078 
7024 1346 3513 412 3926 
7025 3722 3867 3363 4513 
7026 3284 3851 3558 3972 
7027 3636 4006 3722 4513 
7028 3492 4213 2841 4335 
7029 2270 2299 218 2173 
7030 3679 4500 3692 4550 
7031 98 3468 904 3907 
7032 3714 3929 91 4261 
7033 941 4142 3437 4280 
7034 3369 3958 3953 4523 
7035 3433 3352 3507 3616 
7036 2277 4690 3462 4788 
7037 231 1931 714 3470 
7038 3285 3730 3472 4447 
7039 3383 3331 3681 4088 
7040 2871 2872 2870 3493 
7041 3315 3605 3413 3658 
7042 3389 3354 4007 4310 
7043 2874 3491 3869 4008 
7044 2637 3499 3569 3840 
7045 3590 3987 3114 4019 
7046 2999 2993 3009 3644 
7047 1071 1113 2999 3644 
7048 3426 3887 2623 3983 
7049 3419 3864 3720 4402 
7050 159 3829 3416 3855 
7051 3692 3679 4550 4708 
7052 3271 3192 3075 3567 
7053 3361 3944 3916 4115 
7054 3401 4116 4014 4605 
7055 3311 3431 4136 4541 
7056 3311 3826 3431 4541 
7057 3438 3978 4006 4203 
7058 412 1346 411 3513 
7059 3493 3669 2870 4053 
7060 3589 4103 3323 4188 
7061 1984 3455 3845 3914 
7062 3713 4027 3210 4179 
7063 2763 3760 3506 4453 
7064 3470 3486 3326 4391 
7065 2514 3925 2512 4240 
7066 1119 3492 4335 4421 
7067 3357 3673 3949 4360 
7068 2853 2855 2852 3427 
7069 3382 3977 3840 4401 
7070 3201 1638 3737 3987 
7071 3426 3753 3706 4058 
7072 3322 3596 3703 3809 
7073 1838 1837 4013 4033 
7074 141 4142 941 4280 
7075 2914 3798 3401 3996 
7076 3322 3703 3796 3809 
7077 3375 4374 4436 4623 
7078 3296 3410 3778 4617 
7079 1544 3997 3975 4452 
7080 2299 2270 218 3666 
7081 2623 3887 3426 4058 
7082 1748 3658 3605 3875 
7083 3630 4128 2792 4242 
7084 3552 4201 3495 4422 
7085 888 3744 1154 3984 
7086 3198 3195 3798 3921 
7087 3389 3354 3941 4007 
7088 93 92 3714 3744 
7089 2871 3493 2870 4053 
7090 3407 3863 3662 4046 
7091 3473 3579 439 4316 
7092 3300 3453 3693 4359 
7093 3437 941 4280 4550 
7094 1962 3774 4030 4071 
7095 1530 1558 1470 4214 
7096 3292 3923 3595 3978 
7097 3699 3941 3354 4007 
7098 105 866 104 3741 
7099 3430 4066 3715 4139 
7100 3433 3507 3352 4227 
7101 407 3716 4260 4769 
7102 1012 3746 3479 3859 
7103 2916 3424 3632 4381 
7104 2999 1113 2993 3644 
7105 3323 3393 3783 4177 
7106 407 4260 3619 4769 
7107 3201 3987 3737 4625 
7108 2397 4196 3783 4628 
7109 3692 4500 3679 4708 
7110 3709 3778 3410 4617 
7111 3075 3567 2847 3814 
7112 3442 3955 3916 4789 
7113 2003 3554 3541 4152 
7114 2844 3720 3521 3864 
7115 3328 3873 3422 3877 
7116 234 3495 1922 3879 
7117 1084 3567 3814 4256 
7118 3344 3504 3705 4229 
7119 1722 4022 3785 4588 
7120 3291 3539 3833 3990 
7121 3433 4065 2114 4420 
7122 2532 3680 2528 4061 
7123 3338 3785 3764 4022 
7124 1844 1804 2142 4369 
7125 2637 3569 3499 4496 
7126 3451 3822 3694 3881 
7127 2852 3427 2855 3982 
7128 3663 3839 3310 4342 
7129 3433 3352 3914 4227 
7130 3195 2842 3798 3921 
7131 3404 3634 3478 4365 
7132 3296 3778 3709 4617 
7133 3292 3439 4203 4488 
7134 3524 3660 3387 4506 
7135 3700 4074 2521 4154 
7136 228 1933 4295 4322 
7137 3426 3332 3706 3753 
7138 3459 1977 3866 3994 
7139 3408 3579 4001 4274 
7140 2516 2521 4074 4154 
7141 3433 4420 2114 4511 
7142 3293 3649 3442 4404 
7143 92 934 93 3446 
7144 3402 3707 3628 4745 
7145 2841 3492 2958 4213 
7146 1268 389 4064 4305 
7147 3435 3322 3796 3857 
7148 3293 3916 3955 4789 
7149 3556 3781 3431 4541 
7150 3637 4002 3475 4210 
7151 3437 4142 941 4550 
7152 1927 219 218 1885 
7153 2914 3401 3937 4201 
7154 203 3746 3409 3888 
7155 3293 3916 3442 3955 
7156 3092 3567 3271 3814 
7157 2612 3684 2615 4328 
7158 1749 3919 3656 4766 
7159 3431 3781 4136 4541 
7160 440 3579 3517 4316 
7161 3733 3942 193 4519 
7162 2514 4074 3925 4240 
7163 3441 3564 3373 3691 
7164 3444 3983 405 3999 
7165 2612 2609 2615 3684 
7166 3198 3254 3195 3921 
7167 105 3741 3958 4523 
7168 3747 4401 3309 4751 
7169 3102 3854 4303 4413 
7170 2724 2763 3506 4453 
7171 3426 3332 3753 4517 
7172 3633 4063 1401 4596 
7173 2149 2322 1809 3789 
7174 3326 3905 3486 4629 
7175 2841 2955 2958 3492 
7176 3435 3322 3633 3703 
7177 2247 3696 3461 4126 
7178 1485 3822 3694 4080 
7179 383 3838 3683 3900 
7180 1683 3842 3933 4332 
7181 2619 3633 493 4596 
7182 3692 4500 3848 4550 
7183 2911 3483 2901 3830 
7184 3711 4007 3884 4379 
7185 407 408 3619 4260 
7186 3744 4109 1154 4650 
7187 1300 3930 576 4337 
7188 1929 4142 3664 4722 
7189 3596 3796 3703 3809 
7190 3323 4103 3682 4622 
7191 3303 3386 3667 4135 
7192 3713 4027 3379 4599 
7193 3449 4027 3799 4487 
7194 3292 3645 3923 3978 
7195 2385 2154 2453 3904 
7196 3375 4374 4104 4436 
7197 3239 3785 4123 4205 
7198 1558 1470 4214 4573 
7199 1618 3411 1613 4612 
7200 3487 3649 4464 4632 
7201 2247 3948 3696 4339 
7202 2713 3708 2714 4325 
7203 3423 3360 3650 4016 
7204 94 95 3383 4088 
7205 1749 1659 3919 4766 
7206 1613 3411 1618 4150 
7207 3352 3730 3472 4380 
7208 2297 3657 3783 4177 
7209 1603 3788 3702 4516 
7210 235 4014 3495 4442 
7211 1076 3878 3688 4149 
7212 2871 2873 3493 3799 
7213 3320 4209 3568 4645 
7214 1613 3411 4150 4612 
7215 2331 3897 4050 4119 
7216 3321 3561 3532 4555 
7217 2853 3427 2852 4039 
7218 1671 4022 3578 4046 
7219 904 3468 3884 3907 
7220 3717 4057 3535 4660 
7221 3416 3829 159 4363 
7222 2516 4154 4074 4773 
7223 1066 1057 3768 4632 
7224 2253 249 1234 3757 
7225 3677 4160 3624 4781 
7226 3079 4284 3509 4480 
7227 3462 2262 3898 4522 
7228 3359 3942 3733 4519 
7229 3431 4175 3606 4618 
7230 3630 4128 4242 4731 
7231 3343 4048 3703 4448 
7232 629 196 3755 3971 
7233 2652 2623 2613 4178 
7234 3402 3313 3723 4745 
7235 3460 3840 3382 4140 
7236 2853 2855 3427 3963 
7237 3528 3359 3936 4519 
7238 3421 3981 2729 4603 
7239 2863 2862 2860 3632 
7240 1711 3918 3605 4091 
7241 3567 3585 2969 4256 
7242 2917 3424 4052 4398 
7243 3472 3624 4160 4781 
7244 3400 4104 3572 4374 
7245 2809 3471 3643 3940 
7246 3684 4083 3305 4328 
7247 3314 3836 3490 3853 
7248 2911 2954 2901 3483 
7249 2948 3798 2842 3921 
7250 3468 3884 3711 4007 
7251 196 3827 3971 4582 
7252 3495 3552 4257 4442 
7253 3756 3851 3412 4005 
7254 2302 4009 3554 4365 
7255 2483 3418 2577 3962 
7256 1485 3694 4018 4080 
7257 3101 3854 4413 4609 
7258 2631 3840 4140 4141 
7259 3320 3568 4113 4645 
7260 3477 3304 3595 3745 
7261 3839 3877 3689 4271 
7262 3396 4132 4117 4443 
7263 1569 4196 2397 4628 
7264 2759 3836 2792 4242 
7265 891 888 3744 4109 
7266 2641 4166 4058 4281 
7267 4104 4374 3375 4623 
7268 3300 3705 3453 4359 
7269 3305 3709 4057 4660 
7270 3192 3069 2841 4335 
7271 3938 4176 3399 4669 
7272 2623 3983 2613 4178 
7273 3433 3352 3807 3914 
7274 3393 3625 3323 3797 
7275 3430 3341 3883 4327 
7276 210 3746 1013 3859 
7277 229 3844 1895 4322 
7278 1880 1852 3837 3838 
7279 3285 3472 3858 4447 
7280 3492 3557 1135 4346 
7281 3709 3535 4057 4660 
7282 1110 1130 1073 4521 
7283 2970 2837 3419 3795 
7284 2360 3752 4217 4504 
7285 1706 3475 4002 4210 
7286 3620 3680 2528 4317 
7287 2027 3762 3536 4054 
7288 3360 3792 3650 4144 
7289 3302 3381 3519 4545 
7290 207 3464 206 4288 
7291 3335 3446 3744 3961 
7292 3559 4295 3693 4322 
7293 3827 4198 424 4778 
7294 493 3633 1401 4596 
7295 3102 3854 3158 4303 
7296 3394 4338 4311 4552 
7297 3296 3620 3680 4617 
7298 1035 3052 3209 3713 
7299 3471 3810 3867 4358 
7300 814 3650 2698 3747 
7301 151 3524 3808 4159 
7302 3462 4690 3780 4788 
7303 3514 3910 3726 4273 
7304 3413 3315 3658 4147 
7305 3411 3899 3897 4278 
7306 3328 3422 3621 3877 
7307 3651 3743 2288 4472 
7308 3526 3938 3399 4669 
7309 207 206 3464 4287 
7310 970 975 2831 3602 
7311 2874 3869 2872 4008 
7312 2948 3798 3719 3937 
7313 3713 4043 3379 4055 
7314 2288 3743 3651 4614 
7315 3472 3566 3352 4112 
7316 3282 3691 3564 4450 
7317 3628 3707 3313 4745 
7318 2721 3429 2718 3966 
7319 1980 1979 3428 3763 
7320 3522 3798 3719 3921 
7321 4044 4049 3332 4715 
7322 3760 3862 3334 4082 
7323 2871 2933 2873 3799 
7324 3619 4260 3716 4769 
7325 3873 4113 3568 4645 
7326 3508 3980 3688 4149 
7327 1804 2342 2142 4013 
7328 3339 3432 3668 4726 
7329 3773 3774 699 4071 
7330 1473 3975 3434 4247 
7331 3975 3997 3501 4452 
7332 3937 4257 3552 4442 
7333 3347 4014 4201 4422 
7334 3349 4336 3619 4362 
7335 3514 3726 2885 4273 
7336 1980 3428 1979 4685 
7337 2896 2874 3491 3869 
7338 3126 3156 3071 4147 
7339 2736 2738 3749 4478 
7340 3401 3798 2914 3937 
7341 228 4051 3559 4295 
7342 2154 3904 2385 4763 
7343 2628 3609 2605 4145 
7344 3642 3668 3432 4726 
7345 3436 4114 1375 4171 
7346 1504 3588 3728 4187 
7347 3402 3723 2881 3952 
7348 3291 3990 3833 4458 
7349 3210 3713 3174 4027 
7350 2863 3632 3937 4301 
7351 1803 1295 3654 4718 
7352 3348 3385 3751 4366 
7353 3627 3647 3336 4266 
7354 3385 3348 3751 3816 
7355 3483 3830 2911 4329 
7356 3992 4210 3475 4317 
7357 2713 3440 3708 4325 
7358 3385 3348 3816 4366 
7359 3116 3123 3764 4282 
7360 3271 3567 3075 3814 
7361 3079 3509 3018 4480 
7362 3763 3851 3312 4576 
7363 2896 3869 3491 4564 
7364 3296 3475 3620 3992 
7365 3726 3910 3514 4011 
7366 4012 4283 3964 4635 
7367 2229 3624 3472 4038 
7368 150 3890 3524 4398 
7369 3508 3916 3361 3944 
7370 1567 1244 1260 3573 
7371 3802 3816 3348 4133 
7372 3917 3962 3443 4795 
7373 3369 4527 3813 4784 
7374 3524 3544 3299 3697 
7375 3323 3682 3800 4622 
7376 3532 3561 3367 4235 
7377 2357 3389 2463 3941 
7378 4083 4328 3684 4559 
7379 2487 3546 2129 3831 
7380 224 3664 3574 4532 
7381 1353 4565 4333 4566 
7382 2202 3753 3706 4245 
7383 383 3683 382 3900 
7384 2483 3989 3418 4392 
7385 4150 4612 3411 4782 
7386 1706 4002 3637 4210 
7387 3428 3763 3312 4576 
7388 3434 3964 4283 4635 
7389 3365 3694 3451 3822 
7390 3322 3633 3895 4341 
7391 3400 3529 3790 3846 
7392 3348 3467 4049 4118 
7393 2237 3696 2233 4204 
7394 1490 4498 3923 4786 
7395 2872 3869 3493 4008 
7396 1214 3711 1189 4379 
7397 3293 3442 3916 4404 
7398 3503 3812 2038 3845 
7399 3516 3859 3640 4115 
7400 2954 3483 2911 4329 
7401 3304 3477 3595 4411 
7402 3477 3540 3304 3607 
7403 3296 4002 3778 4240 
7404 2574 3515 3700 3989 
7405 3410 3680 3296 4240 
7406 3623 3678 1182 3819 
7407 2002 3536 3762 4220 
7408 2233 3696 3566 4204 
7409 4022 4046 1673 4494 
7410 3204 3992 3620 4317 
7411 2718 3429 2721 4254 
7412 2736 2738 2775 3749 
7413 3585 4003 2836 4256 
7414 2336 3478 3634 4365 
7415 3792 4226 3129 4419 
7416 2038 3812 3503 4431 
7417 1044 3585 3584 4421 
7418 105 3741 104 3958 
7419 2523 2526 3700 3989 
7420 205 1011 4093 4363 
7421 4044 3332 4400 4715 
7422 3421 4211 3981 4603 
7423 3486 4125 3470 4629 
7424 2463 3941 3389 4251 
7425 4311 4338 3860 4552 
7426 3321 3560 3724 4400 
7427 3418 3676 3675 4412 
7428 2853 3793 3427 4039 
7429 211 3015 1014 4415 
7430 3442 3516 4146 4789 
7431 3839 3882 3310 4342 
7432 3333 3606 4175 4618 
7433 3608 4562 3809 4569 
7434 3434 4012 3964 4635 
7435 3480 4097 3945 4594 
7436 3093 3862 3760 4082 
7437 1154 3984 3744 4650 
7438 3506 3759 2800 4469 
7439 3888 4153 3761 4585 
7440 3368 3971 3898 4184 
7441 3348 3751 3750 4366 
7442 1569 2397 3783 4628 
7443 3572 3424 4067 4643 
7444 159 3829 3855 4533 
7445 3530 3606 3290 4418 
7446 3317 4169 3647 4266 
7447 3692 3848 3437 4550 
7448 3286 3945 4097 4594 
7449 3277 3204 4077 4210 
7450 3323 3783 3393 3797 
7451 1044 4421 3584 4674 
7452 3419 2910 3864 4402 
7453 3325 3720 3690 4749 
7454 3005 992 1128 3644 
7455 3513 3653 3619 4336 
7456 2859 3542 4120 4292 
7457 3486 3905 4132 4643 
7458 2916 3632 3424 4292 
7459 46 3974 3586 4178 
7460 1504 4187 3728 4701 
7461 424 3827 3661 4198 
7462 2619 493 2603 4596 
7463 1191 1189 3884 4379 
7464 3892 4158 3660 4195 
7465 2173 3908 3666 4526 
7466 3720 3864 2910 4402 
7467 223 3664 1929 4142 
7468 3452 3885 3315 4561 
7469 3940 4513 3471 4545 
7470 2942 3575 2981 4032 
7471 3556 3431 3826 4541 
7472 3349 3652 4336 4362 
7473 4023 4537 3609 4732 
7474 1620 1602 1603 3788 
7475 2809 3643 3471 4107 
7476 3294 3790 3400 4185 
7477 3742 3821 1502 4275 
7478 1605 3783 3657 4199 
7479 3630 4242 3836 4731 
7480 2729 3421 3871 3981 
7481 1413 3736 1383 4463 
7482 3315 3413 3605 4568 
7483 3463 3809 3322 3857 
7484 3383 3681 3331 3803 
7485 430 3622 3287 4193 
7486 3464 3641 206 4288 
7487 2263 2262 3642 4522 
7488 3490 3571 3333 3754 
7489 2002 2027 3536 4220 
7490 2543 2487 2129 3831 
7491 3792 4144 2791 4613 
7492 891 1154 888 4109 
7493 2110 3672 3928 4290 
7494 3386 3303 3959 4135 
7495 3192 2841 3567 4335 
7496 3367 3534 3474 4314 
7497 3587 4067 3424 4643 
7498 248 1117 3757 3868 
7499 2287 2288 3743 4472 
7500 1749 1659 1657 3919 
7501 1158 3931 3465 4318 
7502 3156 3924 3071 4147 
7503 3505 4592 4134 4609 
7504 1666 3605 1711 3918 
7505 3320 3583 4209 4645 
7506 3443 3917 2674 4127 
7507 3459 3310 3882 4342 
7508 3924 4147 3413 4520 
7509 1858 3652 411 3870 
7510 3750 3751 3385 4366 
7511 4076 4493 4017 4789 
7512 1499 1461 1460 3595 
7513 2758 2792 4128 4242 
7514 4104 4374 3310 4436 
7515 3620 4240 3680 4317 
7516 1450 3648 486 4483 
7517 1828 4102 4075 4734 
7518 3114 3590 3220 3987 
7519 3544 4436 4374 4623 
7520 3333 4175 3431 4618 
7521 3052 3174 3713 4043 
7522 1478 4275 3903 4411 
7523 1828 4161 4102 4734 
7524 2336 3634 3478 4202 
7525 3608 4407 3463 4562 
7526 3337 3598 3589 4103 
7527 3452 3564 3885 4561 
7528 3496 3305 4083 4328 
7529 1092 3451 3881 4456 
7530 931 99 3811 4264 
7531 3344 3705 3504 4437 
7532 1012 202 201 3479 
7533 3587 4132 3905 4643 
7534 3308 3419 3795 4146 
7535 1767 441 4595 4607 
7536 1465 3794 1462 4300 
7537 3327 3675 3676 4412 
7538 3348 4049 3614 4118 
7539 419 3467 4049 4337 
7540 3413 3992 4262 4695 
7541 2925 3514 2885 4273 
7542 3689 3839 3378 3877 
7543 3463 3857 3322 4407 
7544 3567 3585 1084 4421 
7545 3282 3564 3809 4450 
7546 2901 3830 3483 3982 
7547 3031 3129 4226 4419 
7548 4117 4132 2978 4443 
7549 3469 3803 95 4088 
7550 2925 2888 2885 3514 
7551 3307 3442 3916 4146 
7552 1719 4205 3875 4588 
7553 3332 3426 3706 3872 
7554 234 235 3495 4442 
7555 1999 4009 3554 4462 
7556 2297 3657 4177 4296 
7557 2896 3491 2874 4564 
7558 3416 4093 1011 4363 
7559 1602 3702 1603 3788 
7560 3472 3335 3730 4038 
7561 3309 3945 3747 4751 
7562 3368 3411 3899 4294 
7563 3409 3746 203 4415 
7564 1401 493 2619 3633 
7565 3464 4076 4017 4789 
7566 2002 3536 2027 3762 
7567 2173 3666 2270 4526 
7568 3528 3936 3359 4047 
7569 3684 4327 3717 4746 
7570 3647 4172 3627 4738 
7571 1824 4221 3789 4434 
7572 3442 4146 3955 4789 
7573 2624 3633 2619 4537 
7574 3304 3595 3906 4411 
7575 3299 3553 3529 3790 
7576 2881 3402 3952 4474 
7577 3549 3764 1723 4022 
7578 90 91 3929 4261 
7579 2931 3585 3567 4672 
7580 3285 3807 3577 4781 
7581 1605 1606 3783 4199 
7582 3386 3526 3959 4546 
7583 2429 4361 4296 4366 
7584 2712 2709 2748 3505 
7585 1026 3567 3092 3814 
7586 3444 3974 405 3983 
7587 2712 3708 3505 4062 
7588 3566 3639 3298 4204 
7589 1639 1767 441 4595 
7590 1021 3718 82 3894 
7591 1980 3763 3428 4072 
7592 3448 3303 3685 4546 
7593 3448 3685 4092 4546 
7594 2356 3699 2222 4007 
7595 1375 3436 4171 4387 
7596 1260 1244 1294 3573 
7597 3340 3929 3714 4261 
7598 2907 3542 3697 4159 
7599 3478 2215 4202 4397 
7600 2949 3951 3921 4179 
7601 441 440 3517 4316 
7602 1458 3978 3645 4015 
7603 3308 3442 3768 4621 
7604 3487 4069 1110 4521 
7605 1234 1118 249 2253 
7606 2970 3419 2910 3864 
7607 3332 4044 3872 4049 
7608 3690 4163 3325 4232 
7609 3867 3471 4513 4545 
7610 3550 3563 3494 4746 
7611 3003 2836 4003 4256 
7612 3398 3841 2750 4070 
7613 3698 3346 3968 4079 
7614 3496 4328 4083 4559 
7615 3619 3653 3513 4633 
7616 3280 3586 3484 4044 
7617 2885 3726 3514 4466 
7618 3713 4043 3174 4599 
7619 2888 2885 3514 4466 
7620 3287 3622 430 4565 
7621 3304 3906 3595 4215 
7622 1618 4150 3411 4278 
7623 2724 3506 2800 4469 
7624 3409 203 4121 4415 
7625 3478 3699 3354 4131 
7626 1984 3845 1986 3914 
7627 3513 3653 3652 4212 
7628 3784 4176 3357 4360 
7629 4067 4117 986 4229 
7630 3378 4233 3577 4342 
7631 3081 3944 3523 4284 
7632 3102 3101 3854 4413 
7633 3234 3483 3214 4208 
7634 3649 3442 4404 4662 
7635 3294 4125 3486 4629 
7636 3339 3582 3432 4726 
7637 3331 3383 3803 4088 
7638 3560 3753 2186 4245 
7639 2674 3443 2627 4145 
7640 3629 4183 1144 4499 
7641 93 3446 934 4506 
7642 1823 3789 1824 4221 
7643 3096 4326 3139 4609 
7644 3629 4499 1144 4744 
7645 3875 4205 3417 4588 
7646 3285 3577 3858 4781 
7647 2674 3917 3443 4145 
7648 3282 3463 3809 4465 
7649 3305 3563 3496 4470 
7650 1236 1216 2450 3757 
7651 2836 4003 3585 4741 
7652 2603 2624 2619 4537 
7653 3538 4136 3311 4389 
7654 3399 4176 3610 4669 
7655 1032 3644 3626 4794 
7656 3602 3892 3660 4195 
7657 2007 3533 3990 4241 
7658 3305 3496 3563 4328 
7659 3755 3827 3368 3971 
7660 3719 3798 3522 3937 
7661 3379 3713 3635 4027 
7662 3572 3790 3400 4374 
7663 2454 2251 3942 4047 
7664 1824 3652 4221 4434 
7665 3683 3838 3337 3900 
7666 150 3387 3524 3890 
7667 2827 3950 3398 4386 
7668 472 3656 3919 4206 
7669 3423 4016 3945 4250 
7670 3291 3504 3539 4249 
7671 1761 3772 3618 4029 
7672 3524 4159 150 4398 
7673 2481 3563 2579 4127 
7674 1671 4046 3578 4554 
7675 3460 4401 3747 4407 
7676 3516 3970 3795 4789 
7677 3395 3606 4084 4418 
7678 2954 3483 2952 3982 
7679 151 3808 970 4159 
7680 1115 1113 3644 3670 
7681 94 4088 3383 4109 
7682 3429 4513 3940 4545 
7683 3907 3993 3362 4207 
7684 3620 3475 4240 4317 
7685 3302 4135 3643 4325 
7686 1590 1588 1589 4278 
7687 1587 1244 1567 3573 
7688 3530 4084 3606 4418 
7689 1485 1486 3694 3822 
7690 721 1929 3664 4722 
7691 3081 3122 3523 3944 
7692 3296 4262 3992 4695 
7693 3635 4027 3713 4179 
7694 2500 3917 2578 3962 
7695 961 3766 3894 4319 
7696 1255 3654 4235 4772 
7697 3688 3878 3508 4149 
7698 3214 3483 3234 4687 
7699 2490 2578 3917 3962 
7700 3567 2969 3814 4256 
7701 3426 3872 3332 4517 
7702 205 4093 435 4363 
7703 3440 4135 3643 4289 
7704 3352 3616 3433 3807 
7705 1672 1673 4046 4494 
7706 3789 4221 3652 4434 
7707 3359 3434 3501 4717 
7708 3311 4136 3781 4541 
7709 390 3625 3797 4622 
7710 2090 4099 4353 4678 
7711 1718 3875 4270 4588 
7712 1761 3618 1700 4029 
7713 934 3446 92 4506 
7714 3516 3350 3859 4115 
7715 243 4028 3626 4390 
7716 2836 2987 3585 4256 
7717 2286 2287 2288 3743 
7718 3502 3650 813 4558 
7719 3650 3792 3423 4613 
7720 3333 4031 4019 4164 
7721 2605 2628 2606 3609 
7722 2730 3871 3420 3981 
7723 3452 3315 4368 4561 
7724 1243 3755 197 3827 
7725 3510 4283 4012 4635 
7726 407 3716 2540 4260 
7727 3310 3663 3459 3866 
7728 3412 4005 3851 4113 
7729 2717 3940 3511 3966 
7730 3448 3667 3303 4546 
7731 3296 3637 3475 3992 
7732 974 955 2942 3575 
7733 3688 4404 3442 4662 
7734 2871 3799 3493 4787 
7735 3404 4364 3634 4365 
7736 2114 4265 3433 4511 
7737 3472 3730 3335 4447 
7738 243 3626 4180 4390 
7739 937 90 3850 3911 
7740 3532 3701 1872 3876 
7741 2631 3499 2637 3840 
7742 3289 3761 4153 4585 
7743 970 152 975 3602 
7744 1012 209 202 3746 
7745 3365 3822 3451 4586 
7746 1984 1988 1986 3845 
7747 3411 3368 3899 4198 
7748 2840 4159 3697 4398 
7749 3343 3703 3596 3796 
7750 893 1151 898 4551 
7751 2949 3635 3951 4179 
7752 3504 3344 4170 4229 
7753 3291 3504 3412 4694 
7754 2730 3981 3420 4455 
7755 1980 4072 3428 4685 
7756 2720 2713 3440 4224 
7757 409 3619 408 4260 
7758 2853 3427 3793 3963 
7759 2848 3641 3498 4288 
7760 1473 1475 3434 3997 
7761 3148 3540 3607 4444 
7762 3402 3628 3963 4723 
7763 2360 3752 3583 4217 
7764 138 3626 1098 3644 
7765 407 2540 408 4260 
7766 3680 4074 2513 4240 
7767 3787 3928 2209 4352 
7768 3382 3840 3499 4141 
7769 3043 3520 3856 3954 
7770 904 98 99 3468 
7771 1979 3428 4010 4685 
7772 3672 2209 3928 4352 
7773 4019 4031 3333 4548 
7774 1984 4169 3455 4304 
7775 3362 3803 3767 4538 
7776 1664 1667 3452 4056 
7777 231 4313 4191 4654 
7778 1011 4093 3416 4287 
7779 3691 3796 3343 4450 
7780 3308 4299 3551 4621 
7781 3684 3717 3494 4746 
7782 3643 4135 3440 4325 
7783 2631 3499 3840 4141 
7784 2843 3626 14 3644 
7785 3332 3614 3561 4715 
7786 813 3650 3502 3747 
7787 980 2968 975 3602 
7788 3467 4166 2594 4281 
7789 961 3804 3766 4319 
7790 3486 3294 3905 4643 
7791 3833 3990 2006 4460 
7792 3130 4575 3754 4791 
7793 3430 3883 3715 4066 
7794 1872 3701 3532 4772 
7795 1459 3978 3439 4300 
7796 3431 3781 3556 4626 
7797 3589 3598 3337 3683 
7798 2286 3743 2288 4614 
7799 3524 3890 3544 4398 
7800 1050 3584 1047 4003 
7801 2848 3498 2983 4725 
7802 2907 3542 2915 3697 
7803 2683 2677 816 3569 
7804 90 3929 3850 4261 
7805 3732 3558 4087 4352 
7806 3308 3768 3485 3976 
7807 1758 1646 3667 4403 
7808 3301 3482 3593 3772 
7809 3421 3896 4490 4637 
7810 94 3383 95 4109 
7811 2185 3753 2202 4245 
7812 91 3929 3714 4551 
7813 3321 3724 3561 4400 
7814 1011 4287 3416 4363 
7815 3753 3887 2314 4058 
7816 3382 3499 3840 3977 
7817 3148 3224 3607 3903 
7818 3324 3972 3740 4290 
7819 2938 3799 4027 4487 
7820 3334 3519 3761 4435 
7821 3 3718 3485 3894 
7822 3382 4140 3840 4141 
7823 3147 3607 3903 4705 
7824 3439 3292 3978 4488 
7825 3280 3729 3586 4044 
7826 205 1011 198 4093 
7827 3498 3976 3574 4321 
7828 397 4020 1333 4021 
7829 3289 3874 3477 4269 
7830 3437 3330 4096 4460 
7831 3610 4332 3399 4669 
7832 1719 3875 1718 4588 
7833 3408 3771 3579 4274 
7834 2253 1234 2408 3757 
7835 1872 3876 1845 4790 
7836 1485 1486 3822 4080 
7837 1749 1425 3656 3919 
7838 3792 4419 3257 4467 
7839 3014 3129 3792 4226 
7840 3214 3982 3483 4687 
7841 3718 3768 3485 3894 
7842 3474 3534 3367 4234 
7843 2683 815 2677 3569 
7844 4413 4609 3854 4774 
7845 3113 4031 4019 4548 
7846 893 898 91 4551 
7847 3542 3723 2861 4120 
7848 2185 2186 3753 4245 
7849 2545 3925 4074 4740 
7850 2712 3505 2748 4062 
7851 3408 3771 4274 4677 
7852 3207 4128 3450 4134 
7853 3334 3761 3511 4435 
7854 2574 3515 2527 3700 
7855 2075 3812 3507 4227 
7856 2788 3505 3229 4082 
7857 3888 4324 4121 4355 
7858 3453 4035 3705 4437 
7859 465 2483 3962 4392 
7860 1383 3736 4059 4463 
7861 3409 4121 3888 4324 
7862 3651 4177 3393 4689 
7863 3315 4147 3413 4568 
7864 398 4021 3915 4036 
7865 3130 3630 4575 4791 
7866 3379 4043 3713 4599 
7867 1300 576 2644 4337 
7868 3564 3885 3704 4465 
7869 3523 3944 3122 4111 
7870 2092 4096 3833 4460 
7871 2705 4226 3792 4613 
7872 3451 3694 3365 4661 
7873 1624 4196 1569 4628 
7874 3476 4019 3113 4031 
7875 3381 3888 3761 4585 
7876 3533 2007 3990 4460 
7877 2721 3429 3966 4070 
7878 3305 3563 3550 4746 
7879 3630 3836 2792 4575 
7880 2528 3680 3620 4620 
7881 3139 3505 4134 4609 
7882 1721 4022 1722 4588 
7883 3778 4002 3392 4240 
7884 3293 3728 3588 4682 
7885 3509 3674 3091 4444 
7886 2923 4027 3635 4179 
7887 3350 3916 3944 4115 
7888 996 1021 82 3894 
7889 3552 3937 3401 4201 
7890 3699 3811 3354 4131 
7891 3043 3856 3520 4408 
7892 44 391 4199 4622 
7893 3302 3867 4143 4545 
7894 3688 3916 3442 4404 
7895 2483 2577 3418 3989 
7896 1497 3950 3794 4483 
7897 1893 228 1933 4295 
7898 2336 2219 3634 4202 
7899 1504 3588 1490 3728 
7900 1613 4612 4150 4782 
7901 3226 3092 3271 3814 
7902 1845 3876 2396 4790 
7903 2717 2718 3940 3966 
7904 3336 3647 3627 4738 
7905 1838 3527 1844 4369 
7906 2513 2514 2512 4240 
7907 3494 3717 3684 4023 
7908 3315 3605 4561 4568 
7909 3550 3563 3305 4124 
7910 3574 3976 3308 4321 
7911 3528 3824 3369 3953 
7912 2514 2513 4074 4240 
7913 2954 2901 3483 3982 
7914 719 3453 718 4099 
7915 3408 3721 3565 4001 
7916 3581 3848 3346 4297 
7917 3965 4406 451 4671 
7918 3408 3721 3538 4393 
7919 3434 3991 1475 4247 
7920 3336 3850 4030 4489 
7921 2610 2611 4023 4141 
7922 3784 4490 3896 4637 
7923 1763 1723 3764 4022 
7924 3693 4295 1933 4322 
7925 3062 3912 4139 4417 
7926 3880 4117 3396 4229 
7927 3498 3308 3976 4321 
7928 3387 3882 3469 4447 
7929 4158 4172 3446 4261 
7930 3399 3933 3842 4332 
7931 3528 3825 3824 3953 
7932 3526 3399 4332 4669 
7933 3485 3768 3718 3976 
7934 2713 3708 3440 4224 
7935 1433 3927 3473 3935 
7936 3081 4284 3523 4776 
7937 2942 2981 2845 4032 
7938 2779 2792 3836 4575 
7939 1587 1244 3573 4383 
7940 2577 2526 2523 3989 
7941 3516 3916 3442 4146 
7942 3519 3667 3386 4135 
7943 1413 454 3736 4463 
7944 405 3444 3999 4508 
7945 3918 4091 1711 4306 
7946 2215 3478 2213 3732 
7947 3343 3796 3596 3809 
7948 3561 4235 3532 4555 
7949 2404 3507 2017 3812 
7950 2330 4050 3897 4278 
7951 3120 3476 4031 4627 
7952 1893 227 228 4295 
7953 3549 3590 3395 3987 
7954 3327 3675 3525 3676 
7955 3538 3431 4389 4478 
7956 3623 3850 3819 4656 
7957 721 720 3437 3664 
7958 3478 3732 3558 4087 
7959 3587 3905 3294 4643 
7960 3565 3721 3311 4001 
7961 3511 3761 3519 4435 
7962 3538 4389 4024 4478 
7963 3964 4012 3510 4283 
7964 153 980 975 3602 
7965 3566 3696 3639 4204 
7966 904 3468 99 4310 
7967 3373 3564 3441 3918 
7968 3830 3963 2936 4474 
7969 3704 3885 3564 4561 
7970 3411 3661 3897 4294 
7971 2015 4072 3740 4173 
7972 2545 3925 2514 4074 
7973 3428 3828 3310 4104 
7974 3458 3626 4028 4390 
7975 3366 3680 3620 4617 
7976 3824 3825 3369 3953 
7977 3606 3431 3826 4175 
7978 3755 4184 3462 4399 
7979 1823 2149 3789 4221 
7980 3432 3665 3339 3668 
7981 3464 3641 3485 3829 
7982 3416 3776 3363 4488 
7983 3482 3593 3280 4343 
7984 2954 2952 2901 3982 
7985 3450 4128 3207 4609 
7986 3593 3675 3280 4343 
7987 3465 3953 3741 4425 
7988 3084 3143 3032 3856 
7989 2858 3542 2861 4120 
7990 3681 3767 3362 3803 
7991 3554 3324 3710 3928 
7992 1475 3434 3805 3991 
7993 1502 4275 3821 4583 
7994 4296 4361 3385 4366 
7995 1525 1560 3694 4000 
7996 3316 3716 3619 4260 
7997 3316 3546 3716 4260 
7998 1112 4000 3451 4244 
7999 3301 3593 3482 3675 
8000 2068 4344 3547 4353 
8001 1276 3930 1300 4337 
8002 3448 3667 3519 4186 
8003 2357 2463 2269 3941 
8004 2698 813 3650 4558 
8005 3312 3756 3572 4104 
8006 1180 1182 3623 3678 
8007 1042 1135 3557 4346 
8008 3280 3586 3488 4633 
8009 3318 4006 3636 4513 
8010 3538 3721 3311 4136 
8011 3441 3373 4306 4673 
8012 3720 4475 3690 4749 
8013 2635 3895 3460 4704 
8014 3402 3963 3628 4137 
8015 3570 3956 3551 4163 
8016 440 439 3579 4316 
8017 3382 3684 3717 4023 
8018 974 3575 2942 4032 
8019 2101 4026 4220 4679 
8020 3639 3298 4261 4441 
8021 629 3971 3755 4184 
8022 3299 3697 3544 4657 
8023 3788 3913 3370 3922 
8024 1075 3980 3688 4547 
8025 2543 2129 2461 3831 
8026 2506 2549 2573 1875 
8027 3485 3397 3894 4632 
8028 3490 3571 3754 4575 
8029 3382 3717 3684 4327 
8030 3623 3340 3850 4656 
8031 2890 4580 4505 4667 
8032 2104 3621 4194 4630 
8033 2668 2635 4424 4704 
8034 438 439 3927 4034 
8035 3582 4036 4021 4122 
8036 3130 3754 3571 4791 
8037 208 3795 3516 3970 
8038 2216 3478 2215 4202 
8039 1098 3626 138 4180 
8040 1300 2644 360 4337 
8041 98 3811 3468 4005 
8042 2483 465 3989 4392 
8043 409 4230 3619 4260 
8044 3784 3949 3290 4360 
8045 721 3664 3437 4722 
8046 3302 4143 3381 4545 
8047 3314 3853 3571 4078 
8048 3297 4001 3579 4274 
8049 2635 3460 4424 4704 
8050 2110 3928 3710 4290 
8051 3280 3488 3586 3729 
8052 2675 2579 3563 4127 
8053 3325 3419 3720 4402 
8054 980 2968 3602 4524 
8055 3562 3378 3877 4291 
8056 2327 3510 2176 4294 
8057 1044 1047 3584 3585 
8058 3714 4158 3446 4261 
8059 2610 4023 3684 4141 
8060 1838 1804 3527 4013 
8061 3358 3726 3910 4273 
8062 3402 3963 3723 4723 
8063 3558 3732 3478 4131 
8064 3482 3280 3593 4780 
8065 3328 3807 3577 4233 
8066 3411 4050 1618 4278 
8067 3540 3903 3477 4411 
8068 2506 3786 1819 4525 
8069 3438 3978 3595 4276 
8070 3325 4163 3419 4402 
8071 2809 2744 3471 3940 
8072 3437 3692 3330 4460 
8073 3740 3972 3403 4290 
8074 3413 3592 3992 4695 
8075 3448 4092 3667 4546 
8076 44 391 1572 4199 
8077 3538 2819 4200 4393 
8078 3474 3654 1850 3861 
8079 2969 3567 2931 3585 
8080 3592 4372 3620 4454 
8081 1077 1076 3688 4149 
8082 3620 4372 3366 4454 
8083 3293 4404 3728 4682 
8084 3413 4561 3605 4568 
8085 719 4096 3453 4099 
8086 2455 3501 2255 3964 
8087 3554 3928 3710 4539 
8088 3797 4199 391 4622 
8089 3974 3983 3426 4178 
8090 2114 4065 3433 4265 
8091 3527 4013 3377 4033 
8092 3650 4144 3792 4613 
8093 3438 3292 3978 4203 
8094 3328 3621 3422 3939 
8095 2262 2277 2263 3642 
8096 3487 4187 3728 4682 
8097 2873 3493 3799 4008 
8098 3326 4191 3470 4391 
8099 3462 4184 1815 4399 
8100 2408 1234 1227 3757 
8101 3312 4010 4104 4185 
8102 155 156 3458 3500 
8103 3296 3680 3410 4617 
8104 2907 3808 3542 4159 
8105 3504 4471 3412 4694 
8106 3312 3763 3539 4249 
8107 2229 2230 3624 4038 
8108 2333 2202 3706 4245 
8109 3555 3854 3425 4303 
8110 1984 3455 3914 4304 
8111 3561 3614 3332 3724 
8112 207 3795 3464 4288 
8113 2912 2881 2936 3963 
8114 206 3641 3464 4287 
8115 3302 3643 4135 4289 
8116 3252 3492 3197 4335 
8117 3308 3641 3464 4288 
8118 3482 3675 3593 4343 
8119 3578 4046 3407 4311 
8120 3711 3884 3468 3907 
8121 3359 3501 3777 4717 
8122 3316 3653 3619 4633 
8123 3308 3768 3574 4299 
8124 1524 3822 865 3881 
8125 2463 2269 3941 4251 
8126 3451 3365 3824 4661 
8127 3069 3252 3197 4335 
8128 2721 3429 3841 4254 
8129 2683 816 815 3569 
8130 3151 3883 3954 4496 
8131 3803 3993 95 4538 
8132 3296 3620 3475 4240 
8133 4227 4491 3433 4511 
8134 3317 3627 3531 4266 
8135 2822 3014 3792 4226 
8136 3343 3675 3525 4587 
8137 3728 4187 3588 4682 
8138 2513 2528 3680 4317 
8139 2741 3818 4571 4575 
8140 3207 4134 3450 4609 
8141 1674 1672 4046 4494 
8142 2917 3697 3424 4398 
8143 3354 3634 3478 3947 
8144 3431 4136 3538 4389 
8145 3705 4035 3504 4437 
8146 994 3485 3 3976 
8147 3588 3728 3388 4498 
8148 3400 4104 4010 4185 
8149 1824 3652 1866 4221 
8150 1880 1829 1852 3838 
8151 1708 1706 3475 4002 
8152 3471 3940 2744 4254 
8153 1979 4010 3828 4685 
8154 3284 3877 3839 4271 
8155 3587 4052 3424 4067 
8156 2897 2978 4132 4443 
8157 3308 3464 3795 4288 
8158 2473 3581 2275 3968 
8159 3584 4421 3585 4672 
8160 3529 3553 3299 4246 
8161 4505 4580 3584 4667 
8162 3544 4374 3572 4623 
8163 3554 3710 3324 4152 
8164 3472 3730 3566 4038 
8165 2859 4120 3552 4292 
8166 3343 4587 3525 4648 
8167 3862 4082 3093 4326 
8168 3320 3732 3558 4131 
8169 3424 3697 2917 4292 
8170 3306 4004 3852 4373 
8171 3689 3877 3378 4291 
8172 3422 3873 3328 3939 
8173 3357 3673 3436 3949 
8174 3153 3631 3760 3862 
8175 3292 3595 3923 4215 
8176 3292 4215 3923 4493 
8177 980 3602 153 4524 
8178 210 211 3509 3603 
8179 3552 4120 3542 4292 
8180 3147 3903 4583 4705 
8181 3386 3667 3526 4546 
8182 3387 3285 3882 4447 
8183 3451 3881 3694 4000 
8184 3584 4421 4672 4674 
8185 3326 4191 3635 4529 
8186 3749 3818 2736 4626 
8187 3353 3551 3956 4163 
8188 1333 397 455 4020 
8189 3407 4046 4022 4494 
8190 3402 3952 4011 4745 
8191 2952 3483 2954 4208 
8192 3322 3809 3796 3857 
8193 3158 3854 3106 4078 
8194 3367 3614 3561 4340 
8195 3316 3586 4517 4633 
8196 2007 3990 2096 4241 
8197 3344 3705 3693 3988 
8198 224 223 3574 3664 
8199 1709 3475 1706 4210 
8200 419 3467 4337 4752 
8201 3426 3872 3586 4178 
8202 3361 3523 3944 4115 
8203 2385 3904 2453 4431 
8204 3502 3985 2790 4704 
8205 3327 3675 4181 4587 
8206 1484 1544 3975 4452 
8207 3402 4011 3707 4745 
8208 220 4527 1886 4784 
8209 3572 3424 4052 4067 
8210 1724 1723 3549 3764 
8211 2716 3511 2717 3940 
8212 2979 3880 982 4117 
8213 3448 3303 3667 4186 
8214 3478 3634 3404 3947 
8215 3377 4013 3823 4033 
8216 3501 3964 3359 4047 
8217 2911 3830 2926 4329 
8218 1375 4059 3436 4387 
8219 1158 1163 3931 4318 
8220 3312 3539 3763 4631 
8221 2081 3828 3553 3866 
8222 3785 4022 3338 4588 
8223 3165 3275 3038 3540 
8224 3586 4044 3332 4400 
8225 3896 4406 3965 4671 
8226 3358 3910 3726 4011 
8227 1581 1283 3800 4426 
8228 1075 1077 3688 3980 
8229 419 3872 3467 4752 
8230 3116 3590 4100 4282 
8231 435 205 198 4093 
8232 3516 4115 3640 4789 
8233 3331 3770 3469 3803 
8234 98 99 3468 3811 
8235 4019 4031 3476 4164 
8236 3458 4180 3626 4390 
8237 3360 4016 3576 4108 
8238 3419 3308 3795 4321 
8239 3294 3572 4067 4643 
8240 3526 3959 3938 4669 
8241 3346 3741 4073 4345 
8242 3460 3322 3857 4407 
8243 3418 3962 3550 4154 
8244 3410 3778 3709 4660 
8245 3834 3938 3526 3959 
8246 2933 3799 2871 4787 
8247 2718 3940 3429 4254 
8248 2611 4140 4023 4141 
8249 3572 4052 147 4067 
8250 3454 3852 4004 4373 
8251 3437 3692 4550 4708 
8252 3547 3846 3400 4185 
8253 2758 2759 2792 4242 
8254 390 3712 3625 4622 
8255 2457 3546 2392 4218 
8256 3519 3667 3303 4186 
8257 3299 3542 3524 3697 
8258 2247 2350 3696 4126 
8259 233 4116 234 4442 
8260 3428 3312 4104 4576 
8261 898 3929 91 4551 
8262 965 4117 3880 4229 
8263 1386 3497 3810 4190 
8264 1837 3823 4013 4033 
8265 3485 3641 3308 3976 
8266 1012 202 3479 3746 
8267 3373 3441 3691 4673 
8268 1456 3978 1458 4015 
8269 1128 1001 992 3005 
8270 3497 3867 3810 4190 
8271 3307 3603 3521 3864 
8272 468 3515 4395 4780 
8273 3433 3914 3807 4491 
8274 3299 3552 3542 4292 
8275 3420 4222 2730 4455 
8276 3285 3469 3858 3882 
8277 3538 4136 3431 4478 
8278 3549 3735 3395 4219 
8279 3331 3803 3469 4088 
8280 3267 3980 3508 4149 
8281 3789 3876 1824 4434 
8282 3653 4517 3586 4633 
8283 2872 3493 2873 4008 
8284 3314 4078 3854 4567 
8285 1977 3994 3459 4755 
8286 3075 2963 2847 3567 
8287 3346 3848 3581 4500 
8288 391 3797 1572 4199 
8289 3341 3430 3715 4327 
8290 3440 4289 3643 4652 
8291 1098 3626 1032 3644 
8292 3551 3956 3570 4232 
8293 1929 224 223 1889 
8294 3452 4056 1667 4270 
8295 3298 3647 3455 4384 
8296 3807 3914 3548 4491 
8297 2859 2915 3542 4292 
8298 3285 3858 3577 3882 
8299 193 3942 3733 4582 
8300 3594 4119 4050 4624 
8301 2771 3781 3721 4136 
8302 2237 3639 2239 3696 
8303 2053 3536 2027 4220 
8304 3348 3467 3930 4049 
8305 2213 3732 3478 3787 
8306 3018 3603 3078 4480 
8307 3324 3554 3541 4087 
8308 2385 3904 4431 4763 
8309 2333 2185 2202 4245 
8310 3229 3505 2788 4134 
8311 3340 3696 3461 3948 
8312 2641 2595 4166 4281 
8313 3513 3512 3653 4212 
8314 3819 3850 3623 4489 
8315 3511 4325 3708 4435 
8316 1810 2410 3638 3837 
8317 3145 3815 3658 4205 
8318 2988 3720 2844 3864 
8319 3431 3556 3826 4175 
8320 3577 3858 3469 3882 
8321 237 238 1903 4101 
8322 3715 4066 3133 4139 
8323 3342 3819 3623 4489 
8324 3441 3919 3656 3934 
8325 3620 4317 2528 4620 
8326 3466 3834 3314 4731 
8327 1504 1491 3588 4187 
8328 3428 3663 3310 3828 
8329 2875 2861 3542 3723 
8330 3586 3872 3332 4044 
8331 2327 2176 2192 4294 
8332 419 3467 3872 4049 
8333 233 3522 4116 4442 
8334 3594 4119 1533 4573 
8335 3470 3844 231 4191 
8336 1838 3527 3979 4033 
8337 231 232 1897 1931 
8338 3301 3675 3482 4593 
8339 3474 4354 3837 4619 
8340 1167 1151 893 4551 
8341 3312 3851 3763 4249 
8342 1876 3823 1837 4033 
8343 3346 4073 3679 4345 
8344 3530 3355 4084 4418 
8345 2855 3830 3427 3963 
8346 3297 3579 3517 3946 
8347 3322 3809 4562 4569 
8348 3439 4263 1456 4300 
8349 3312 4104 3572 4185 
8350 3423 4226 3792 4419 
8351 2174 3971 2191 4294 
8352 1810 3638 1880 3837 
8353 2718 3429 3940 3966 
8354 2475 2368 2297 3657 
8355 2668 3895 2635 4704 
8356 2363 1533 4119 4573 
8357 2901 2852 2855 3982 
8358 144 3705 3504 4229 
8359 3693 3705 3300 3988 
8360 3414 3763 3851 4249 
8361 3710 4152 3554 4539 
8362 3595 3745 3438 4276 
8363 1530 1470 1578 4214 
8364 3359 3777 3733 4717 
8365 2917 2916 3424 4292 
8366 3359 3942 3528 4047 
8367 3697 4398 3544 4657 
8368 3384 4243 3601 4315 
8369 1581 3751 1283 4426 
8370 3850 3929 3819 4656 
8371 3459 4220 1977 4755 
8372 3453 3705 4035 4280 
8373 3410 4074 3700 4154 
8374 3275 3038 3540 4258 
8375 3333 3571 3490 4175 
8376 1112 1092 3451 4000 
8377 3344 3693 3453 4099 
8378 1459 3439 1456 4300 
8379 1558 4214 3594 4573 
8380 3351 3642 3462 4522 
8381 2841 4213 3567 4335 
8382 2875 3723 3542 3808 
8383 3108 3571 3109 3758 
8384 3454 3679 3852 4500 
8385 3662 4338 3297 4739 
8386 2331 3897 2330 4050 
8387 2277 3462 2262 4788 
8388 4017 4493 3293 4789 
8389 3123 3785 3764 4282 
8390 3473 4503 3579 4552 
8391 193 3942 3528 4519 
8392 2964 3458 3902 4485 
8393 1825 1872 3701 3876 
8394 1730 4114 4059 4775 
8395 3430 3341 3715 3883 
8396 3432 4090 3665 4560 
8397 235 4014 4116 4605 
8398 1490 1504 1491 3588 
8399 3105 3854 3104 4128 
8400 231 1896 230 3844 
8401 3433 4227 3914 4491 
8402 1922 3495 711 3879 
8403 44 391 1296 1572 
8404 1758 3667 1739 4403 
8405 3436 3673 3357 4059 
8406 2492 3912 2588 4371 
8407 3422 3877 3873 3972 
8408 3640 4493 4076 4789 
8409 3300 3570 3559 4351 
8410 3337 4103 3589 4188 
8411 2629 2627 2674 3443 
8412 3441 4306 3618 4673 
8413 3633 4537 4063 4596 
8414 2981 4032 3575 4564 
8415 3462 4399 1815 4788 
8416 3308 3955 3442 4146 
8417 3308 3768 4299 4621 
8418 3614 3724 3561 4340 
8419 1858 1822 3652 3870 
8420 3311 3538 4389 4655 
8421 432 1407 4015 4263 
8422 3482 3926 3280 4780 
8423 2255 3501 2317 4047 
8424 2729 2755 3871 4603 
8425 3466 4242 4549 4572 
8426 948 140 981 4239 
8427 2858 2859 3542 4120 
8428 2741 3490 3818 4575 
8429 1961 3581 3968 4297 
8430 3321 3532 3701 4555 
8431 3574 3768 3718 4299 
8432 2217 3699 2356 4202 
8433 3474 3861 1850 4619 
8434 487 3889 3727 4483 
8435 3522 3937 3798 4442 
8436 3766 3804 1509 4712 
8437 2449 3904 3774 4060 
8438 2007 2006 3990 4460 
8439 1193 3456 3678 4197 
8440 3433 3807 3548 4491 
8441 989 3498 3641 3976 
8442 3553 3866 3828 4374 
8443 3967 4564 3498 4725 
8444 3627 4158 3892 4195 
8445 3359 3501 3434 3964 
8446 2129 2392 2457 3546 
8447 3665 4090 3283 4560 
8448 3478 3354 3947 4694 
8449 1683 1685 3842 4332 
8450 3757 4197 3456 4684 
8451 3363 3722 3381 3867 
8452 3897 4050 3411 4278 
8453 3767 4228 2451 4699 
8454 3340 3714 3696 4441 
8455 2797 3727 2820 3950 
8456 3115 3590 4019 4467 
8457 3696 3948 3340 4339 
8458 3502 2790 3985 4558 
8459 1456 3439 3978 4015 
8460 3273 3171 3449 4598 
8461 3340 4261 3714 4441 
8462 3595 3745 3304 4215 
8463 1946 3833 2092 4096 
8464 1618 1589 4150 4278 
8465 1605 3657 1614 4199 
8466 3220 3590 3116 3764 
8467 3626 3644 4505 4794 
8468 3709 3778 3535 4660 
8469 3302 3471 3643 3810 
8470 3303 3667 3519 4135 
8471 3581 3346 3968 4297 
8472 3424 4381 3587 4643 
8473 3280 3675 3593 4544 
8474 2463 3389 2357 4379 
8475 4074 4154 3410 4773 
8476 208 3516 3859 3970 
8477 3688 3878 3442 3916 
8478 2455 2255 2454 3964 
8479 2910 2970 2837 3419 
8480 1467 3477 4275 4411 
8481 3327 3550 3535 4181 
8482 3714 3929 3340 4551 
8483 1461 3923 3645 3978 
8484 3395 3987 3737 4509 
8485 1026 3092 3226 3814 
8486 1461 3923 3595 4786 
8487 2527 3515 3847 4457 
8488 3560 3724 2184 4334 
8489 2237 3639 3696 4204 
8490 3320 3811 3699 4131 
8491 3341 4327 3715 4454 
8492 3375 3312 3756 3851 
8493 3656 3934 3919 4206 
8494 3528 3942 2164 4047 
8495 2843 2945 3626 3644 
8496 3898 3899 2191 4294 
8497 1456 3439 1459 3978 
8498 2822 3792 2705 4226 
8499 2033 1977 4220 4755 
8500 2964 3902 3458 4273 
8501 3148 3540 3165 3903 
8502 3482 3301 3618 3772 
8503 3416 3363 4081 4488 
8504 3329 4257 3937 4442 
8505 2174 2191 3971 4184 
8506 3091 3674 3509 4284 
8507 3614 4118 2168 4579 
8508 3674 4284 3152 4776 
8509 3425 4413 3854 4774 
8510 3532 3724 3321 4563 
8511 98 4005 3468 4174 
8512 986 4117 965 4229 
8513 3293 3588 4115 4493 
8514 1475 3805 3434 3997 
8515 3302 3867 3497 4143 
8516 1724 3764 3549 3987 
8517 3511 3429 3940 4545 
8518 2629 3443 2674 4127 
8519 1119 4335 1046 4421 
8520 3412 3320 4113 4131 
8521 1386 3810 481 4190 
8522 1470 1578 4214 4573 
8523 3303 3959 3440 4572 
8524 1664 3452 1667 4368 
8525 3351 3462 3898 4522 
8526 3299 3524 3542 4192 
8527 2384 2302 4009 4462 
8528 2627 4145 3443 4461 
8529 3149 3631 3759 3760 
8530 2955 3492 3197 4208 
8531 1508 4111 3523 4776 
8532 3852 3968 3346 4079 
8533 3452 4368 3564 4561 
8534 3145 3658 3011 4205 
8535 1151 3929 898 4551 
8536 1112 3451 1092 4244 
8537 1605 2368 3657 3783 
8538 2092 2065 4096 4460 
8539 1115 3670 3644 4794 
8540 3459 3866 1977 4220 
8541 429 430 1358 4565 
8542 3429 4298 3841 4513 
8543 1461 3595 1499 4786 
8544 3282 3809 3564 4465 
8545 4043 4055 1103 4570 
8546 3714 3744 92 3984 
8547 3647 3845 3455 4384 
8548 955 3575 974 4768 
8549 3289 3381 3761 4585 
8550 3732 4087 3787 4352 
8551 3321 3653 4400 4555 
8552 3358 4011 3952 4745 
8553 3334 3760 3631 3862 
8554 3406 4191 4105 4313 
8555 3539 4249 3763 4416 
8556 3875 3417 4270 4588 
8557 3312 3547 4010 4185 
8558 3504 3705 144 4035 
8559 3529 3790 3553 4237 
8560 3553 3790 3400 4237 
8561 3043 3057 3520 3954 
8562 3562 3621 3403 3877 
8563 3301 3482 3618 4593 
8564 3475 3925 2512 4602 
8565 3758 4019 3333 4548 
8566 3384 3920 4243 4315 
8567 3520 3924 3058 4147 
8568 3828 3866 3310 4374 
8569 1679 3530 3735 4711 
8570 3571 3853 3490 4175 
8571 3332 4049 3614 4715 
8572 2302 3928 3554 4462 
8573 1863 3638 2138 4102 
8574 2875 2861 2858 3542 
8575 3837 3838 1861 4354 
8576 2891 3557 4213 4329 
8577 2129 2487 2392 3546 
8578 1193 3678 3456 4089 
8579 3400 3790 3572 4185 
8580 235 1922 234 3495 
8581 2875 3723 3808 4729 
8582 3625 3651 3393 4689 
8583 3381 3363 3867 4143 
8584 3295 4176 3938 4669 
8585 904 3884 3468 4310 
8586 3566 3696 2233 4038 
8587 1605 1614 1606 4199 
8588 3302 3471 3810 3867 
8589 415 4235 3701 4772 
8590 2463 4251 3389 4379 
8591 3331 3873 3568 4209 
8592 2970 208 3795 3864 
8593 3384 3601 3543 4315 
8594 2609 2606 3494 4023 
8595 2450 1216 2180 3757 
8596 814 2698 813 3747 
8597 3305 3494 3563 4746 
8598 3052 3174 3209 3713 
8599 3192 2963 3075 3567 
8600 994 954 3485 3976 
8601 3342 3850 3819 4489 
8602 1035 3209 1127 3713 
8603 1478 3903 3540 4411 
8604 714 3470 713 3846 
8605 1615 3800 44 4199 
8606 2247 2433 3461 3948 
8607 3421 3611 3896 4637 
8608 1473 3434 1475 4247 
8609 3578 4022 3407 4046 
8610 4209 4217 3752 4504 
8611 3327 3535 3550 4746 
8612 3511 3761 3429 4545 
8613 3897 3899 2334 4278 
8614 3056 3520 3058 4147 
8615 3484 4044 4400 4715 
8616 3504 4229 4170 4264 
8617 2024 2384 4009 4462 
8618 3304 3540 3477 4411 
8619 2524 3779 3496 4686 
8620 2336 3634 2219 4365 
8621 3472 3335 3858 4447 
8622 3541 3554 3404 4087 
8623 1989 3845 3647 4068 
8624 2314 2202 3753 4058 
8625 3108 3571 3758 4216 
8626 4133 4234 2400 4767 
8627 468 3772 3515 4780 
8628 2843 14 2944 3644 
8629 3404 3554 4241 4439 
8630 3572 3756 3312 4185 
8631 3501 4018 2317 4047 
8632 1749 1657 1425 3919 
8633 3544 3790 3572 4374 
8634 2766 3471 2744 4254 
8635 892 3629 1144 4155 
8636 1113 1025 2993 3670 
8637 3733 3936 3359 4519 
8638 953 3 3485 3894 
8639 3853 4175 3571 4418 
8640 3525 4587 3675 4648 
8641 1467 4275 1478 4411 
8642 2358 3583 2360 3752 
8643 3466 4242 3834 4731 
8644 3606 4219 3374 4389 
8645 1803 3654 1849 4718 
8646 2071 4030 3489 4267 
8647 2237 2234 2233 3696 
8648 3338 4311 3578 4542 
8649 3421 3601 4225 4490 
8650 3715 4327 4083 4454 
8651 721 1929 720 3664 
8652 3263 3064 3522 4116 
8653 3684 3305 4327 4746 
8654 159 949 3829 4533 
8655 3362 3993 3803 4538 
8656 1910 245 1936 4180 
8657 3517 4595 441 4607 
8658 1858 1806 411 3652 
8659 3737 3987 3395 4625 
8660 3470 4125 3846 4629 
8661 3296 4331 4262 4695 
8662 2730 3420 3871 4222 
8663 3422 3672 3621 3972 
8664 3310 3663 3428 3839 
8665 3525 3676 3675 4544 
8666 3359 3733 4012 4717 
8667 3919 3934 3441 4206 
8668 3324 3928 3787 4352 
8669 3325 3449 3671 4277 
8670 3379 3671 3449 4277 
8671 3490 3853 3420 4792 
8672 3302 3810 3497 3867 
8673 896 3969 4155 4310 
8674 720 3437 3664 4096 
8675 3550 4154 3962 4312 
8676 1180 3623 2370 3678 
8677 3281 3598 4037 4370 
8678 3281 3598 3739 4037 
8679 3739 4037 3598 4370 
8680 3605 3658 1779 4248 
8681 3393 3743 3651 4064 
8682 3651 3743 3377 4064 
8683 2331 2328 3897 4119 
8684 3453 3705 3344 4437 
8685 3286 3945 4016 4097 
8686 3523 4284 3674 4776 
8687 3365 3451 3825 4586 
8688 2186 3560 2184 4334 
8689 2517 3680 3782 4773 
8690 4170 4229 3537 4264 
8691 1382 481 3810 4358 
8692 1872 3532 3876 4790 
8693 3477 3607 3304 4085 
8694 1683 3933 3842 4756 
8695 3297 3817 3408 4001 
8696 3725 3743 3377 4041 
8697 3302 3519 3761 4545 
8698 950 82 3718 3894 
8699 2721 3841 3429 4070 
8700 1971 3663 1977 3994 
8701 2492 3496 3912 4371 
8702 2716 2717 2718 3940 
8703 3138 3509 3091 4444 
8704 3354 3941 3699 4202 
8705 1484 1544 1482 3975 
8706 3468 3699 3320 3811 
8707 3350 3603 3509 4480 
8708 3312 3843 3539 4631 
8709 3436 3357 3949 4387 
8710 3513 3926 3512 4212 
8711 419 4049 1241 4337 
8712 4022 4311 3407 4542 
8713 962 2840 2975 4398 
8714 3478 3787 3732 4087 
8715 3515 3593 4395 4780 
8716 3468 3811 99 4310 
8717 3453 3664 3353 3893 
8718 1260 1567 3573 4150 
8719 1050 3584 4003 4794 
8720 2156 3773 2178 3774 
8721 3341 3597 3704 4057 
8722 2820 3950 3727 4468 
8723 986 145 4067 4229 
8724 3670 4505 3644 4794 
8725 1092 3451 1029 4244 
8726 3343 3703 3525 4448 
8727 1425 472 3656 3919 
8728 3415 4129 3610 4637 
8729 1798 2149 1823 4221 
8730 3325 3690 4232 4309 
8731 3220 3590 3764 3987 
8732 3400 3790 3553 4374 
8733 3400 4010 3547 4185 
8734 1603 3702 1262 4516 
8735 1686 4332 3865 4403 
8736 2914 2913 2937 4201 
8737 3559 4051 3570 4295 
8738 2910 3419 2837 4402 
8739 3824 3908 2332 4526 
8740 3341 3704 3520 3977 
8741 3340 3929 3850 4656 
8742 3293 3442 3649 3955 
8743 3507 4227 3433 4511 
8744 3702 3913 1599 4628 
8745 3274 3798 3996 4605 
8746 3866 4098 3310 4665 
8747 3294 3547 3846 4629 
8748 3415 3865 3610 4129 
8749 1783 4059 1730 4114 
8750 1208 1148 880 4538 
8751 3291 3412 4131 4694 
8752 3297 3579 3946 4274 
8753 3373 4091 3778 4262 
8754 989 948 3498 3976 
8755 3337 3683 3598 3838 
8756 3031 4226 4250 4419 
8757 3344 4353 4099 4678 
8758 2720 4243 3440 4325 
8759 2186 3753 3560 4604 
8760 155 3458 156 4485 
8761 155 3500 3458 4486 
8762 2184 3724 3560 4245 
8763 3516 3795 208 3864 
8764 2549 1875 2506 3786 
8765 3411 4150 3573 4278 
8766 2097 3507 2075 3812 
8767 3381 3761 3519 4545 
8768 3377 3743 3725 4064 
8769 2831 2906 2972 3808 
8770 3297 4274 3946 4739 
8771 3690 3720 3419 4475 
8772 3311 4042 3580 4389 
8773 3049 4121 3957 4518 
8774 2396 3876 3532 4790 
8775 3352 3472 3807 4380 
8776 1484 3501 3975 4080 
8777 3303 3440 3708 4572 
8778 3719 3937 3522 4442 
8779 3412 4113 3558 4131 
8780 3537 4170 3344 4229 
8781 2380 3831 3546 3849 
8782 3299 3542 3697 4292 
8783 1761 3618 3772 4514 
8784 1191 1214 1189 4379 
8785 1988 3647 1989 3845 
8786 409 3619 4230 4336 
8787 3647 4068 3845 4384 
8788 2534 3962 2577 4154 
8789 3335 3624 3472 3858 
8790 3294 3846 3547 4185 
8791 3121 3555 3158 4078 
8792 3424 3544 4398 4657 
8793 3364 4079 3943 4636 
8794 225 3956 3551 4232 
8795 2583 2428 3887 4058 
8796 2360 4217 2361 4504 
8797 3579 4503 3297 4552 
8798 3302 3511 4135 4325 
8799 3698 3741 3346 4079 
8800 3564 3282 3704 4561 
8801 1768 3785 1642 4205 
8802 1664 3452 3765 4056 
8803 3370 3743 3725 4041 
8804 3419 3795 2837 3967 
8805 3831 3849 3349 4260 
8806 2775 2736 3749 3818 
8807 3387 3660 3524 4449 
8808 3122 3081 3523 4776 
8809 3207 3213 4128 4134 
8810 1710 3918 1711 4306 
8811 718 3453 719 3956 
8812 3311 3826 4042 4389 
8813 3296 3709 4331 4695 
8814 3665 3668 3432 3788 
8815 948 3976 140 4239 
8816 3346 4079 3741 4697 
8817 3298 4068 3647 4384 
8818 3282 3564 3691 4331 
8819 3057 3520 3954 4777 
8820 2400 4133 3534 4234 
8821 3792 4226 3423 4613 
8822 970 3808 2972 4159 
8823 2226 3677 3583 4557 
8824 1243 630 197 3755 
8825 3725 3743 3370 4064 
8826 1603 1262 3788 4516 
8827 3328 3616 3807 4065 
8828 3642 3462 4690 4726 
8829 3453 4280 4035 4437 
8830 1877 2138 1863 3638 
8831 3333 3818 3431 4175 
8832 408 409 1338 3695 
8833 3423 4250 4226 4419 
8834 2782 3754 3253 4575 
8835 3444 3806 2503 4218 
8836 3621 3972 3672 4290 
8837 3627 4172 4158 4261 
8838 3478 3354 3699 4202 
8839 3614 3802 3561 4715 
8840 3333 3571 4175 4418 
8841 3099 3508 3267 3980 
8842 2809 2744 2766 3471 
8843 3341 3520 3704 4568 
8844 1979 3763 1981 4010 
8845 1255 4235 415 4772 
8846 3322 3460 3895 4407 
8847 1768 3785 4205 4588 
8848 2430 3706 2202 4058 
8849 3743 3913 2284 4698 
8850 2975 2840 2917 4398 
8851 3494 3684 2609 4023 
8852 2840 3697 2917 4398 
8853 2486 2177 3786 3831 
8854 3967 4321 3498 4670 
8855 3478 3699 3320 4397 
8856 3416 3855 3829 4076 
8857 3329 3470 4125 4385 
8858 3469 3331 3577 4223 
8859 974 2942 2845 4032 
8860 2511 3475 2512 4602 
8861 406 405 3716 3974 
8862 3398 3950 3794 4707 
8863 3459 3866 3663 3994 
8864 2358 3583 3752 4397 
8865 1484 3975 3501 4452 
8866 3317 3892 3627 4158 
8867 3780 4690 3462 4726 
8868 3460 3309 3747 4401 
8869 2038 3845 3812 4227 
8870 2050 2382 2404 3812 
8871 3316 3488 3586 4633 
8872 2109 1958 2087 3507 
8873 388 389 3625 4064 
8874 3962 4154 2534 4312 
8875 3402 3963 3830 4474 
8876 2012 3773 2156 3774 
8877 1509 3766 947 3804 
8878 1664 3765 3452 4368 
8879 1092 1029 3451 4456 
8880 3506 3631 3334 3760 
8881 2836 3585 2967 4741 
8882 242 3910 3514 4028 
8883 3508 3688 3361 3916 
8884 1428 3721 2818 3998 
8885 234 4116 235 4442 
8886 3081 3152 4284 4776 
8887 3284 3873 3877 3972 
8888 1679 3735 3530 4084 
8889 3320 3699 3478 4131 
8890 3403 3621 3562 4482 
8891 3147 3607 3224 3903 
8892 3354 3699 3468 3811 
8893 3350 3516 3916 4115 
8894 412 3513 3652 3926 
8895 3578 4311 4022 4542 
8896 210 3603 3509 4307 
8897 3294 3846 4125 4629 
8898 3335 3696 3461 3714 
8899 3853 4451 3420 4792 
8900 2738 3749 4478 4536 
8901 1448 911 1536 4080 
8902 388 4064 3625 4162 
8903 2356 2217 2222 3699 
8904 395 4021 3665 4510 
8905 4242 4572 3834 4731 
8906 1453 1524 865 3881 
8907 714 3470 3846 4344 
8908 1294 3573 1244 4383 
8909 3268 3630 3130 4791 
8910 4006 3363 4203 4488 
8911 2234 2233 3696 4038 
8912 4262 4331 3597 4695 
8913 3054 1127 3209 3713 
8914 3573 4198 4495 4610 
8915 717 3693 4099 4295 
8916 3373 3738 3778 4091 
8917 1745 3737 1725 4509 
8918 4059 4114 3436 4775 
8919 3392 3778 3738 4002 
8920 378 3800 1283 4540 
8921 3296 3778 4262 4331 
8922 3373 3691 3564 4331 
8923 1286 3827 424 4778 
8924 2859 2915 2858 3542 
8925 1775 3011 3658 4205 
8926 3361 3688 3508 3980 
8927 3789 3849 2196 4334 
8928 3461 3696 3340 3714 
8929 3433 3807 3616 4065 
8930 3408 3579 3771 4034 
8931 1940 1903 238 4101 
8932 3640 3859 3516 3970 
8933 1413 1637 1383 3736 
8934 1525 3822 1524 3881 
8935 3585 4003 3584 4741 
8936 2791 2705 3792 4613 
8937 2441 2454 3942 4675 
8938 3532 3876 2396 4563 
8939 2788 2748 3505 4082 
8940 3302 3497 3810 4289 
8941 3317 3531 3627 3892 
8942 3834 4242 3466 4572 
8943 3663 3828 2037 3866 
8944 3448 4121 626 4410 
8945 3532 4563 2396 4790 
8946 3389 3941 2357 4007 
8947 2457 3886 3546 4218 
8948 3491 3869 3300 4670 
8949 3561 3614 3367 3802 
8950 3431 4136 3781 4626 
8951 2402 3646 3638 4376 
8952 1850 1849 3654 4718 
8953 2914 3937 2913 4201 
8954 4027 4487 3449 4599 
8955 2803 1503 2703 3821 
8956 3430 4083 3684 4559 
8957 3681 4217 4209 4504 
8958 3442 3551 4146 4347 
8959 1163 3943 3931 4318 
8960 3299 3542 3552 4422 
8961 3517 3946 3579 4428 
8962 3280 3513 3512 3653 
8963 969 962 2975 4398 
8964 395 3665 3725 4510 
8965 3296 3709 3778 4331 
8966 2234 2232 2233 4038 
8967 3297 3817 4001 4655 
8968 1720 3658 1748 3875 
8969 3623 3850 3340 4489 
8970 3525 3280 3729 4544 
8971 2453 3904 2389 4431 
8972 3421 3871 3784 3896 
8973 156 3458 3500 4485 
8974 3363 3776 4203 4488 
8975 3320 3478 3732 4131 
8976 3014 3031 3129 4226 
8977 1797 1787 3865 4429 
8978 2326 2405 4767 4790 
8979 3282 3564 4331 4561 
8980 3324 3740 3710 4290 
8981 3025 1642 3785 4205 
8982 3916 4115 3516 4789 
8983 3774 3904 3489 4060 
8984 3304 3906 3540 4411 
8985 2731 2730 4222 4455 
8986 2555 3831 3786 4230 
8987 1683 3842 1693 4756 
8988 3027 3130 3630 4575 
8989 3784 3871 3380 3896 
8990 3404 3554 3541 4241 
8991 2698 3650 813 3747 
8992 3618 3738 1700 4029 
8993 1961 3848 3581 4297 
8994 2840 962 4159 4398 
8995 3086 3133 3715 4066 
8996 3368 3462 3898 3960 
8997 1012 208 209 3859 
8998 1291 44 1615 3800 
8999 3708 4325 3440 4435 
9000 1599 3913 1621 4628 
9001 3463 3608 3809 4465 
9002 1503 3742 2703 3821 
9003 2748 2709 2788 3505 
9004 3314 3630 3490 3836 
9005 3273 3449 3171 4487 
9006 1108 3585 1084 4256 
9007 3297 3946 3517 4739 
9008 3728 4187 3487 4701 
9009 2449 2240 3904 4060 
9010 1931 3470 232 4385 
9011 3410 3535 3778 4660 
9012 2755 3965 3871 4603 
9013 3517 3579 3297 4552 
9014 3280 3484 3525 4044 
9015 2024 4009 1999 4462 
9016 3318 3841 4298 4513 
9017 3309 3460 3747 3840 
9018 3584 4741 4003 4794 
9019 3121 3555 4078 4216 
9020 1748 3875 3605 4368 
9021 3384 3643 4289 4652 
9022 3489 4060 3904 4489 
9023 1413 1383 454 4463 
9024 3453 718 4099 4295 
9025 3817 3860 3371 4338 
9026 2788 3505 2709 4134 
9027 3486 3951 3326 4391 
9028 3468 4005 3811 4174 
9029 484 3439 432 4081 
9030 3280 3525 3729 4044 
9031 399 3915 3582 4036 
9032 3647 4169 3317 4172 
9033 3324 3554 3787 3928 
9034 3799 4027 3449 4599 
9035 3253 3754 3130 4575 
9036 2980 3869 3575 3880 
9037 1931 713 714 3470 
9038 3817 4338 3371 4655 
9039 3472 3624 3335 4038 
9040 472 1657 1423 3919 
9041 2920 2978 4117 4132 
9042 2741 3818 3490 4222 
9043 2775 3749 2738 4536 
9044 3368 3755 3462 3960 
9045 3470 4125 3486 4391 
9046 1394 1375 4059 4114 
9047 1984 1986 1985 3914 
9048 3440 4224 3708 4572 
9049 3359 3936 3777 4047 
9050 2718 2721 2765 4254 
9051 3332 3467 3706 4118 
9052 3300 3575 3705 3893 
9053 3360 3423 3792 4419 
9054 3507 3812 2404 4703 
9055 3319 4056 3452 4138 
9056 3256 3569 2591 4496 
9057 3572 4104 3400 4185 
9058 1850 4354 1849 4718 
9059 3584 4580 4028 4667 
9060 1457 4025 3645 4770 
9061 3940 4254 3471 4513 
9062 901 4080 3777 4512 
9063 3551 3570 4163 4232 
9064 4006 4081 3363 4488 
9065 3578 3407 4022 4311 
9066 1169 1223 4650 4699 
9067 2457 3886 4218 4680 
9068 3399 3938 3526 4567 
9069 131 3777 3733 3936 
9070 3365 3824 3528 3825 
9071 2097 2017 3507 3812 
9072 1881 3655 1830 4102 
9073 3322 3596 3809 4569 
9074 494 1401 2619 3633 
9075 3628 3963 3347 4137 
9076 2331 4050 3594 4119 
9077 1029 3908 3451 4456 
9078 3454 4373 4004 4388 
9079 1255 415 3701 4772 
9080 3418 3550 3962 4412 
9081 1748 1779 3605 3658 
9082 3049 3040 3957 4121 
9083 3348 3802 3614 4049 
9084 3299 3544 3524 4665 
9085 1243 1286 3755 3827 
9086 3610 4637 4129 4669 
9087 2847 3567 2969 3814 
9088 3493 3869 3491 4008 
9089 3364 4040 3629 4697 
9090 3475 4210 4077 4317 
9091 2596 3467 2594 4281 
9092 1331 455 397 4036 
9093 3408 4034 3771 4677 
9094 3308 3795 3955 4146 
9095 3343 3525 4048 4448 
9096 3525 3675 3280 4544 
9097 3514 3910 3458 4028 
9098 3514 4273 2925 4580 
9099 3318 3722 4006 4513 
9100 2836 2987 2967 3585 
9101 3588 3728 3293 4115 
9102 2778 2761 3466 4242 
9103 3502 4189 3985 4704 
9104 2591 3569 2637 4496 
9105 891 1185 1154 4109 
9106 3702 3788 3370 4516 
9107 3610 4129 3865 4669 
9108 2457 4218 2392 4680 
9109 3312 3763 3428 4104 
9110 1830 4075 1828 4102 
9111 3828 4010 3428 4685 
9112 3522 3798 3263 4116 
9113 3123 3228 3764 3785 
9114 408 2540 2493 4260 
9115 3719 3921 2919 3951 
9116 234 235 1900 1922 
9117 3605 3658 3315 3875 
9118 2186 3560 2196 3849 
9119 1709 1708 1706 3475 
9120 3108 3109 3110 3758 
9121 1000 14 2843 3626 
9122 1263 405 3983 3999 
9123 1473 1544 1475 3997 
9124 3302 3511 3940 4545 
9125 1032 1115 3644 4794 
9126 2505 3546 2576 4260 
9127 3408 4001 3817 4655 
9128 2873 2872 2871 3493 
9129 2381 3831 2380 3849 
9130 3357 3436 4059 4387 
9131 3467 3348 3801 4118 
9132 3728 4404 3487 4682 
9133 1135 1065 1119 3492 
9134 3442 3307 3878 4347 
9135 3829 3855 3345 4076 
9136 3420 3314 3836 3938 
9137 44 4199 3800 4622 
9138 433 432 3855 4081 
9139 2964 3902 2830 4485 
9140 2275 3852 3581 4004 
9141 3335 3714 3461 3744 
9142 3651 3655 3376 4162 
9143 2109 3507 2123 4265 
9144 1931 231 232 3470 
9145 46 3983 3974 4178 
9146 3369 3824 3451 3825 
9147 3451 3824 3365 3825 
9148 3328 3577 3807 4781 
9149 3499 3569 3309 3954 
9150 1758 1739 1646 4403 
9151 2148 1547 3694 4018 
9152 1853 3655 3823 4075 
9153 3396 4117 4067 4229 
9154 3495 4014 3401 4442 
9155 1039 1103 1035 3713 
9156 3464 3795 3970 4789 
9157 3440 3959 3303 4135 
9158 223 224 1929 3664 
9159 2129 3546 2381 3831 
9160 3645 3978 3439 4015 
9161 985 3829 3641 4363 
9162 3333 4019 3758 4164 
9163 3252 3242 3197 3492 
9164 3316 4517 3653 4633 
9165 3294 4067 3587 4643 
9166 3353 3893 3664 4239 
9167 3601 4243 2725 4315 
9168 3456 3678 3342 4089 
9169 2000 4009 2058 4439 
9170 3439 4006 4203 4488 
9171 2637 2631 2650 3499 
9172 406 405 3974 4769 
9173 3487 4632 4069 4682 
9174 3440 3466 4224 4572 
9175 3461 3948 2433 4492 
9176 3325 3799 3449 4277 
9177 3356 4283 3510 4635 
9178 3523 3906 4302 4498 
9179 3362 3767 3993 4538 
9180 3027 2782 3253 4575 
9181 2720 2715 4243 4325 
9182 2429 4296 3932 4366 
9183 2297 3657 2368 3783 
9184 3708 4062 3511 4435 
9185 2106 2114 3562 4420 
9186 3358 3707 4011 4745 
9187 3419 3967 2837 4402 
9188 3309 3569 3499 3840 
9189 131 3733 3777 4717 
9190 2915 3697 3542 4292 
9191 3301 4181 3675 4587 
9192 3388 4115 3588 4493 
9193 3628 3347 3963 4723 
9194 3353 3956 3570 4163 
9195 3540 3607 3477 3903 
9196 3379 3449 3799 4277 
9197 2506 1875 1819 3786 
9198 3359 3733 3942 4582 
9199 893 91 3984 4551 
9200 933 3500 155 3686 
9201 156 3500 933 3686 
9202 1372 1381 1405 3604 
9203 2893 3514 2925 4580 
9204 3327 4181 3535 4587 
9205 3672 3710 3324 3928 
9206 3515 3700 4029 4457 
9207 3642 4688 3462 4726 
9208 2893 2888 2925 3514 
9209 1691 3735 3549 4494 
9210 379 1313 3682 3771 
9211 441 442 1639 4595 
9212 3981 4211 2754 4603 
9213 3126 3222 4147 4659 
9214 3281 4274 3771 4677 
9215 3755 3971 3368 4184 
9216 2614 2633 4141 4559 
9217 3392 4074 3925 4740 
9218 2363 2197 1533 4573 
9219 3620 3992 3475 4317 
9220 2134 4058 2641 4166 
9221 3523 3906 3674 4302 
9222 3799 4427 3449 4487 
9223 717 4099 718 4295 
9224 3921 3951 3406 4179 
9225 3658 4147 3222 4659 
9226 3252 3085 3242 4231 
9227 2771 3721 2777 4136 
9228 3846 4125 3470 4385 
9229 3181 3254 3522 3921 
9230 141 941 142 4280 
9231 1931 713 3470 4385 
9232 249 1229 1234 3757 
9233 1450 486 487 4483 
9234 2677 2667 816 3569 
9235 3289 4203 3722 4585 
9236 3282 3809 3463 3857 
9237 138 3626 157 4180 
9238 2761 3708 2713 4224 
9239 3374 3436 3901 4350 
9240 2227 2229 2228 3677 
9241 3381 4143 3867 4545 
9242 3475 3637 3296 4240 
9243 46 3586 3872 4178 
9244 416 4235 3802 4715 
9245 2606 2628 2609 3494 
9246 3355 3933 3853 4360 
9247 3509 3603 3350 4307 
9248 2076 3990 3541 4241 
9249 448 3721 3998 4423 
9250 2185 2186 2187 3753 
9251 3436 3374 3901 4042 
9252 1162 1163 1158 4318 
9253 3374 4042 3436 4350 
9254 3627 3892 3531 4195 
9255 2724 3966 3506 4070 
9256 3478 4087 3404 4365 
9257 1746 3662 1674 4046 
9258 2684 574 2662 4507 
9259 1313 378 379 3682 
9260 3534 4234 4133 4767 
9261 201 1012 3479 3970 
9262 3294 4185 3547 4629 
9263 2503 3999 3444 4508 
9264 3285 3387 3973 4447 
9265 2010 3828 2081 3866 
9266 3417 4097 3785 4282 
9267 3598 3683 3589 4103 
9268 3639 3904 2240 4060 
9269 3529 3400 3790 4237 
9270 3442 4146 3307 4347 
9271 2843 2944 2945 3644 
9272 232 4105 3470 4191 
9273 3557 4329 2891 4466 
9274 4036 4528 4020 4644 
9275 2473 2383 3581 3968 
9276 3251 4082 3505 4326 
9277 1154 4109 1185 4650 
9278 1229 1227 1234 3757 
9279 3319 3765 3452 4056 
9280 3917 4127 3443 4312 
9281 468 3515 3772 4696 
9282 242 241 3514 3910 
9283 3613 4246 3299 4665 
9284 3485 953 3894 4319 
9285 3429 4254 3940 4513 
9286 3453 4099 3693 4295 
9287 2252 2255 2317 4047 
9288 714 3844 3470 4344 
9289 3451 3824 3369 3908 
9290 3923 4498 3388 4786 
9291 3289 4203 3745 4298 
9292 1745 1638 1725 3737 
9293 2101 4026 1950 4220 
9294 3158 3103 3106 3854 
9295 3606 3735 3395 4084 
9296 1770 626 4121 4410 
9297 3485 3718 3 3976 
9298 94 3744 4088 4109 
9299 3525 3729 3676 4544 
9300 1448 3975 911 4080 
9301 2481 2579 3563 4371 
9302 3555 3842 3425 4567 
9303 1193 3456 4197 4684 
9304 3298 3455 3647 4172 
9305 3374 3606 3530 3735 
9306 4113 4223 3375 4576 
9307 816 2667 3223 3569 
9308 3685 4592 4326 4609 
9309 3659 4650 1223 4699 
9310 2775 2772 2736 3818 
9311 2159 574 3750 4579 
9312 448 3721 1428 3998 
9313 2852 3427 3982 4039 
9314 1474 1475 3991 4247 
9315 3387 3469 3961 4447 
9316 1813 4184 3755 4399 
9317 2775 3749 2772 3818 
9318 3474 3654 3367 4718 
9319 3733 3777 3359 3936 
9320 3293 4115 3640 4493 
9321 3436 4168 3901 4350 
9322 3649 4632 3487 4682 
9323 3639 3904 4060 4489 
9324 3035 4445 3521 4663 
9325 3614 2168 4133 4579 
9326 1533 3594 1481 4119 
9327 3416 3829 3464 4076 
9328 1720 3658 3875 4205 
9329 2524 3496 4470 4686 
9330 3549 3735 1691 4509 
9331 3338 4100 3576 4108 
9332 1647 3764 3228 3785 
9333 3043 3520 3057 4408 
9334 1888 3832 223 4722 
9335 1724 1763 1723 3764 
9336 3288 4219 4338 4542 
9337 2809 3643 2744 3940 
9338 2956 4564 3967 4725 
9339 3512 4400 3653 4555 
9340 2771 2740 3781 4136 
9341 3412 4131 3558 4249 
9342 1895 229 230 3844 
9343 2389 3904 3503 4431 
9344 3490 3836 2779 4222 
9345 2186 2184 3560 4245 
9346 1019 1091 3766 4069 
9347 3334 3631 3506 4153 
9348 3382 4141 3977 4327 
9349 3440 3643 4243 4652 
9350 2437 3898 3820 3899 
9351 3356 3661 3622 4193 
9352 1382 3810 3471 4358 
9353 2899 3587 2976 4381 
9354 3601 4211 3421 4225 
9355 406 3974 3716 4769 
9356 3431 3311 4136 4389 
9357 1742 4303 4092 4413 
9358 3337 3838 3474 3900 
9359 2754 2729 3981 4603 
9360 227 4051 228 4295 
9361 2893 3514 4580 4667 
9362 3416 3464 3829 4363 
9363 486 3889 3648 4600 
9364 3638 3646 2402 4396 
9365 3257 3791 3792 4467 
9366 3374 3901 4168 4350 
9367 3515 4029 3700 4728 
9368 3355 3530 3933 4360 
9369 3300 3869 3575 4670 
9370 2099 4268 3615 4664 
9371 1946 3833 4096 4099 
9372 412 3513 411 3652 
9373 3343 3796 3691 4587 
9374 3357 3784 3896 4637 
9375 3383 3767 3681 3803 
9376 3305 4083 3684 4327 
9377 2593 2662 2670 3801 
9378 3217 3480 4123 4250 
9379 3499 3954 3883 4496 
9380 2258 3507 2404 4703 
9381 2741 2779 2732 3490 
9382 3474 3367 4314 4718 
9383 3421 3896 3784 4490 
9384 1073 4464 3649 4632 
9385 3412 3320 3811 4005 
9386 3430 3684 4083 4327 
9387 3104 3207 4128 4609 
9388 3331 3469 3577 3858 
9389 3564 3691 3441 4450 
9390 1445 1019 3766 4069 
9391 3871 3965 3421 4603 
9392 3700 4029 4457 4611 
9393 224 720 1929 3664 
9394 3530 3735 3606 4084 
9395 2274 3698 2319 3968 
9396 3524 3660 3808 4449 
9397 3414 4173 4072 4416 
9398 2920 2897 2978 4132 
9399 3478 3947 3404 4087 
9400 1984 1983 4169 4304 
9401 4028 4580 3514 4667 
9402 3352 3807 3914 4380 
9403 2544 3546 2487 3831 
9404 3577 3873 3331 4781 
9405 1393 2490 3917 3962 
9406 1353 47 421 4333 
9407 3 950 3718 3894 
9408 3408 3538 4200 4393 
9409 2424 3711 1190 4379 
9410 1453 865 894 3881 
9411 3301 3691 3675 4593 
9412 1160 1161 3757 3868 
9413 3120 4467 3476 4627 
9414 3767 3803 3383 4538 
9415 3857 4023 3435 4140 
9416 3232 3267 3508 4149 
9417 3415 3835 3617 4129 
9418 2037 1977 3663 3866 
9419 3364 3943 4040 4636 
9420 3324 3787 3554 4087 
9421 3397 4017 3804 4238 
9422 3525 3327 3676 4320 
9423 3332 3706 3467 3872 
9424 3851 4113 3375 4576 
9425 432 4015 3439 4263 
9426 751 2105 2123 4265 
9427 3424 3572 3544 3790 
9428 3430 4141 4066 4417 
9429 2910 3720 2988 3864 
9430 1572 1615 44 4199 
9431 3239 3025 3785 4205 
9432 2946 4027 2923 4179 
9433 3370 3668 3665 3788 
9434 2841 2963 3192 3567 
9435 2213 2215 2216 3478 
9436 3464 3795 207 3970 
9437 953 950 3 3894 
9438 3132 3944 3980 4111 
9439 3747 3945 3650 4409 
9440 2259 2156 2178 3774 
9441 417 416 3802 4715 
9442 430 3287 429 4193 
9443 3420 3836 3466 3938 
9444 3466 3836 3314 3938 
9445 3532 3654 3367 4767 
9446 3451 3813 3369 3825 
9447 1866 3652 1824 4434 
9448 3478 3787 4087 4365 
9449 441 1767 1639 1415 
9450 1742 4092 4303 4433 
9451 2503 3806 3444 3999 
9452 3337 3598 4103 4634 
9453 3519 3761 3381 3888 
9454 3332 4049 3467 4118 
9455 2068 3547 2098 4353 
9456 1243 1256 197 1269 
9457 159 3855 3416 4081 
9458 94 3469 95 4088 
9459 3583 3677 3422 4557 
9460 4074 4240 3410 4611 
9461 2129 2380 2381 3546 
9462 1979 2009 3828 4010 
9463 1761 1699 3618 4514 
9464 3 994 954 3485 
9465 3706 4058 2134 4166 
9466 2309 3789 4221 4502 
9467 243 3626 244 4180 
9468 3534 3900 3474 4314 
9469 463 1393 1398 3917 
9470 3055 3217 3480 4123 
9471 3424 4398 3697 4657 
9472 2861 3723 3963 4120 
9473 3576 4100 3360 4108 
9474 3560 3849 2186 4604 
9475 3422 3677 3583 3873 
9476 3363 3776 3416 4093 
9477 2527 3700 3515 4457 
9478 424 4198 423 4778 
9479 3637 3992 3296 4262 
9480 3296 3992 3592 4695 
9481 707 3628 3707 4026 
9482 3128 3992 3592 4372 
9483 1220 3461 4551 4650 
9484 1838 3979 1840 4033 
9485 3652 4212 3653 4362 
9486 3316 3653 3560 4362 
9487 1857 3915 1873 3979 
9488 3496 3779 2554 3912 
9489 1481 4119 3594 4760 
9490 2545 4074 4457 4740 
9491 1429 3471 1382 4107 
9492 2473 2383 2275 3581 
9493 3296 3620 3592 3992 
9494 3301 3535 4181 4587 
9495 3055 3480 3217 4250 
9496 3296 4002 3637 4262 
9497 3317 3973 3660 4506 
9498 3560 3332 3724 4400 
9499 3159 3737 3758 4625 
9500 1654 3097 4077 4210 
9501 3557 4672 4421 4674 
9502 100 938 101 3591 
9503 3398 4386 3950 4707 
9504 3950 4468 3794 4483 
9505 413 1864 3701 4434 
9506 3617 3835 3384 4129 
9507 3353 3498 4321 4670 
9508 3738 4611 4029 4673 
9509 3122 3944 3098 4111 
9510 3574 3976 3498 4239 
9511 3281 4106 4274 4677 
9512 3794 4468 3318 4483 
9513 3532 4235 3701 4555 
9514 3478 3320 3732 4397 
9515 395 3665 4021 4156 
9516 3378 3877 3577 4233 
9517 2554 3496 2524 3779 
9518 232 3470 231 4191 
9519 3583 3677 2226 4217 
9520 411 3652 3513 4336 
9521 3165 3148 3275 3540 
9522 2159 3801 574 4579 
9523 3299 4246 3613 4422 
9524 3310 4104 3828 4374 
9525 3560 3321 3653 4400 
9526 1193 4197 1212 4684 
9527 3395 3987 3590 4019 
9528 911 3975 901 4080 
9529 1724 3987 3549 4509 
9530 2517 3680 2532 3782 
9531 2593 2670 2406 3801 
9532 2239 3696 3639 4339 
9533 1962 699 3774 4071 
9534 3124 4123 3785 4282 
9535 976 947 1472 3766 
9536 3763 4249 3414 4416 
9537 3478 3634 3354 4202 
9538 2733 4222 3871 4581 
9539 3738 3778 4611 4673 
9540 429 3287 430 4565 
9541 1656 4092 4410 4413 
9542 2720 4224 3440 4243 
9543 3510 3661 3368 4294 
9544 3307 3916 3878 4606 
9545 2888 3514 2893 4667 
9546 2848 205 2983 3641 
9547 1517 1534 1036 3775 
9548 2505 3716 3546 4260 
9549 3614 4049 3802 4715 
9550 1489 1490 3923 4786 
9551 2865 3486 3951 4591 
9552 3320 3412 3811 4131 
9553 2802 2797 1531 3727 
9554 1036 1517 3775 4086 
9555 2980 3869 3880 4443 
9556 3338 3578 4022 4542 
9557 3353 3664 3453 3956 
9558 3822 3881 3451 4586 
9559 3417 4123 4097 4282 
9560 2666 2636 3895 4446 
9561 3457 3500 702 4180 
9562 3587 4117 3396 4132 
9563 3801 4166 2662 4507 
9564 3181 3921 3522 4313 
9565 3310 4104 4436 4576 
9566 3473 4034 3579 4503 
9567 947 1509 1472 3766 
9568 3293 4115 3916 4789 
9569 2744 3643 2764 3940 
9570 2071 4068 3489 4642 
9571 2336 3478 2216 4202 
9572 1518 3165 3540 3903 
9573 3664 3956 719 4096 
9574 2829 3798 2914 3996 
9575 719 3956 3664 4532 
9576 4058 4166 3706 4281 
9577 2770 3721 3781 3998 
9578 3590 4108 3288 4164 
9579 2733 3556 4222 4581 
9580 3245 3883 3151 4496 
9581 3412 3320 4005 4113 
9582 1497 3794 4300 4483 
9583 130 3936 3733 4519 
9584 3650 3747 814 4613 
9585 3289 3761 3381 4545 
9586 3505 2709 4134 4549 
9587 3528 3365 3825 3936 
9588 1382 3471 1429 4358 
9589 2969 3585 2987 4256 
9590 3560 2196 3849 4334 
9591 1490 3588 1488 3923 
9592 3722 4298 3429 4513 
9593 3280 3525 3484 4343 
9594 3424 3632 4381 4643 
9595 982 3880 965 4117 
9596 2196 3849 3789 4502 
9597 1193 3678 1225 4197 
9598 2319 3698 3666 3968 
9599 3536 3660 3317 4151 
9600 576 1253 3751 3930 
9601 3109 3758 3571 4548 
9602 1135 1119 1046 4421 
9603 196 197 3755 3827 
9604 3453 719 3956 4096 
9605 865 3881 3822 4586 
9606 2486 3786 2555 3831 
9607 2917 3424 2976 4052 
9608 2761 2710 3708 4549 
9609 2277 3780 4690 4788 
9610 3252 3242 3492 4231 
9611 3528 3942 193 4721 
9612 3466 3440 3959 4572 
9613 896 100 3969 4310 
9614 3343 4048 3525 4343 
9615 3226 1083 1026 3814 
9616 3513 3926 1346 4780 
9617 3544 3697 3524 4398 
9618 3878 4347 1054 4662 
9619 1683 1685 1693 3842 
9620 3610 3865 1686 4332 
9621 2227 2229 3677 4160 
9622 880 4109 95 4538 
9623 1708 3475 3925 4002 
9624 3344 3693 4099 4353 
9625 3333 3749 3431 3818 
9626 2179 3528 2164 4047 
9627 3871 4222 3556 4581 
9628 3622 4193 3661 4333 
9629 2019 4068 2071 4642 
9630 390 389 3625 3712 
9631 3288 4164 3606 4219 
9632 399 4036 3582 4122 
9633 2010 2037 3828 3866 
9634 3541 3554 3324 4152 
9635 2045 4072 4173 4416 
9636 3833 3990 3539 4678 
9637 3580 3407 4589 4739 
9638 1877 1863 1831 3638 
9639 2844 2953 3521 3720 
9640 3931 4318 3943 4515 
9641 708 4026 3613 4101 
9642 3275 3540 3225 4258 
9643 3297 3517 3662 4739 
9644 3441 3373 3918 4306 
9645 429 3986 3622 4193 
9646 3460 3857 3382 4401 
9647 3403 3877 3689 4291 
9648 3404 4009 3554 4439 
9649 2543 2544 2487 3831 
9650 1283 3751 379 4540 
9651 2666 3895 811 4446 
9652 3099 3944 3508 3980 
9653 3406 3713 3635 4191 
9654 3655 4162 3651 4472 
9655 2919 3719 2948 3921 
9656 2794 2791 3792 4144 
9657 3159 3758 3737 4216 
9658 3655 4075 1830 4102 
9659 4046 4308 1717 4595 
9660 2190 2191 3899 4294 
9661 2732 3490 2779 4222 
9662 3532 3861 3654 4767 
9663 2381 2380 2310 3849 
9664 3972 4352 3558 4645 
9665 410 3870 4230 4525 
9666 2381 3546 2380 3831 
9667 3945 4409 3747 4751 
9668 3197 3492 3242 4208 
9669 2228 3677 3624 4217 
9670 2186 2187 3753 4604 
9671 3303 3708 3440 4435 
9672 3431 3749 3333 4618 
9673 3369 3824 3528 4253 
9674 241 3514 3910 4553 
9675 3302 3761 3511 4545 
9676 989 3641 948 3976 
9677 3662 4589 3407 4739 
9678 3452 3315 3875 4368 
9679 985 3641 954 3976 
9680 2714 3708 2712 4062 
9681 2402 2293 3646 4376 
9682 3503 3904 2389 4204 
9683 2405 2396 4563 4790 
9684 3352 3566 3730 4384 
9685 3318 3648 4300 4483 
9686 2629 2627 3443 4461 
9687 2948 2914 3798 3937 
9688 3074 1132 3612 4110 
9689 3318 4300 3794 4483 
9690 3338 4097 3785 4588 
9691 1548 1525 3694 3822 
9692 3702 4196 3913 4628 
9693 3675 3676 3418 4544 
9694 3318 4006 3794 4300 
9695 2000 2014 4241 4439 
9696 3766 4069 1091 4632 
9697 3577 3877 3328 4233 
9698 3328 3873 3677 3939 
9699 3582 3462 4688 4726 
9700 3342 3686 4071 4089 
9701 3513 3652 3926 4212 
9702 2583 2428 2189 3887 
9703 1115 1098 1032 3644 
9704 3352 3807 3472 4112 
9705 3662 3863 3407 4589 
9706 1443 3727 2797 3950 
9707 1710 1666 1711 3918 
9708 3369 3813 3451 3908 
9709 3222 3658 3145 3815 
9710 3428 3839 3689 4271 
9711 3582 3462 3960 4688 
9712 3460 3895 2635 4341 
9713 3336 3850 3686 4030 
9714 1699 1700 1761 3618 
9715 1460 3595 3978 4276 
9716 3504 4170 3539 4249 
9717 3679 4373 3591 4708 
9718 474 3934 3596 3935 
9719 3360 4536 4144 4762 
9720 3490 2779 3836 4575 
9721 2730 2728 3981 4455 
9722 3528 3824 2479 4253 
9723 3302 3643 3471 3940 
9724 3526 3667 3386 4403 
9725 3506 3334 3761 3966 
9726 3811 3412 4471 4694 
9727 3807 4233 3548 4342 
9728 1172 3767 3993 4207 
9729 3343 3525 3703 4648 
9730 3360 3791 4536 4762 
9731 3321 4400 3561 4555 
9732 3318 3648 4006 4300 
9733 1815 4184 3462 4788 
9734 3289 3722 3381 4585 
9735 1133 1033 2468 4000 
9736 711 4246 3495 4742 
9737 2081 3553 3828 4237 
9738 3466 3836 3420 4455 
9739 2775 2738 2743 4536 
9740 1196 3907 3711 4207 
9741 211 3509 3015 4415 
9742 3413 3992 3637 4262 
9743 3602 3660 3313 3808 
9744 3553 3299 4246 4665 
9745 1887 221 222 3545 
9746 1679 4168 3530 4711 
9747 405 3716 3974 4508 
9748 2916 2976 2917 3424 
9749 1858 1822 1806 3652 
9750 3791 4144 3360 4536 
9751 1011 199 4093 4287 
9752 1796 4002 3925 4531 
9753 911 882 1536 4080 
9754 3578 3338 4022 4588 
9755 1203 1169 4109 4699 
9756 1651 4092 4355 4410 
9757 3408 4274 4106 4677 
9758 1180 1182 1181 3623 
9759 3306 4373 3679 4708 
9760 3324 3672 3928 4352 
9761 3454 4004 3852 4388 
9762 981 989 948 3498 
9763 3357 4176 4148 4360 
9764 3317 3762 3536 4151 
9765 1813 1815 4184 4399 
9766 3874 4275 1467 4276 
9767 3589 3816 381 3900 
9768 3593 3989 3515 4395 
9769 2511 2513 3475 4317 
9770 3342 4071 3456 4089 
9771 3289 3381 3722 4545 
9772 430 429 3622 4193 
9773 2751 2807 4254 4468 
9774 3603 3864 3307 4307 
9775 2015 2045 4072 4173 
9776 3384 4129 3835 4225 
9777 1750 3555 3019 4165 
9778 4172 4261 3627 4738 
9779 439 3473 1433 3927 
9780 2455 3501 3964 3997 
9781 2066 717 2090 4099 
9782 3462 3755 3368 4184 
9783 2790 3502 813 4558 
9784 1853 1830 3655 4075 
9785 1138 4003 3670 4794 
9786 3289 4269 3477 4578 
9787 2741 3490 2732 4222 
9788 3660 3973 3317 4151 
9789 3429 3841 4298 4737 
9790 1457 4015 3645 4025 
9791 1745 4084 3737 4509 
9792 2936 3830 2855 3963 
9793 2148 1547 2364 3694 
9794 3043 3057 3056 4408 
9795 3317 4158 3973 4506 
9796 3342 3678 3456 3773 
9797 3622 4333 47 4565 
9798 3304 3906 4215 4302 
9799 3282 3691 3796 4587 
9800 3289 3874 4269 4298 
9801 3513 3280 3926 4780 
9802 3081 3098 3122 3944 
9803 954 3641 985 3829 
9804 3057 3520 3056 4408 
9805 3280 3675 3525 4343 
9806 3544 3572 3424 4623 
9807 1383 3736 1637 4059 
9808 1057 3768 3649 4662 
9809 3489 3774 4060 4489 
9810 3323 3783 3657 4177 
9811 3299 3553 3790 4374 
9812 1115 1070 1113 3670 
9813 1837 1838 1839 4033 
9814 3220 3116 3123 3764 
9815 2684 575 574 4507 
9816 1182 3678 1224 3819 
9817 812 3985 4189 4704 
9818 2846 2959 3000 3644 
9819 3529 4246 3299 4257 
9820 3382 4023 3857 4140 
9821 2483 2557 465 3962 
9822 1108 4003 3585 4256 
9823 1877 1880 1810 3638 
9824 3285 3858 3469 4447 
9825 2772 3818 3749 4571 
9826 2516 2518 4154 4773 
9827 1191 1189 1213 3884 
9828 3011 3145 3222 3658 
9829 3679 3591 4373 4430 
9830 3378 4291 4094 4484 
9831 3303 3440 4135 4435 
9832 1705 4002 1796 4531 
9833 2461 2129 2381 3831 
9834 3477 3874 3438 4276 
9835 2708 4128 2707 4134 
9836 406 3716 405 4508 
9837 2083 2071 2019 4267 
9838 2625 3895 3633 4341 
9839 3297 3662 3517 4552 
9840 576 4337 3930 4507 
9841 3430 4083 3715 4327 
9842 2237 2239 2234 3696 
9843 2097 2017 2075 3507 
9844 2262 3462 3898 4184 
9845 3477 3438 3745 4276 
9846 3564 3373 4331 4561 
9847 893 3984 1167 4551 
9848 3378 3562 4094 4291 
9849 2574 2489 3515 3989 
9850 813 3502 2790 4704 
9851 2097 3812 2075 4227 
9852 3717 4660 3535 4746 
9853 2763 2798 3759 3760 
9854 2593 3801 2447 4166 
9855 1113 1071 1115 3644 
9856 225 3551 3956 4532 
9857 3347 4014 3793 4201 
9858 892 1144 3629 4183 
9859 3706 3753 3332 4245 
9860 1830 1828 1832 4102 
9861 2274 2243 2244 4079 
9862 1668 1667 4056 4270 
9863 472 473 3656 4206 
9864 3631 3862 3065 4518 
9865 2836 2992 3003 4003 
9866 3380 3949 4541 4792 
9867 2429 2448 4296 4361 
9868 1353 4333 421 4566 
9869 3006 3000 2984 3644 
9870 2751 4254 3841 4468 
9871 1895 3844 1941 4322 
9872 1864 1800 3701 4434 
9873 3268 3027 3130 3630 
9874 3027 3253 3130 4575 
9875 3553 4246 3613 4665 
9876 3317 3660 4158 4506 
9877 3281 4103 3598 4370 
9878 3381 3867 3722 4545 
9879 3321 4212 3653 4555 
9880 3302 3940 3511 4325 
9881 3113 4019 3476 4467 
9882 3354 3389 3941 3969 
9883 3577 3331 3858 4781 
9884 3363 4081 3636 4190 
9885 3498 3967 2935 4288 
9886 3478 4202 3699 4397 
9887 2593 2662 3801 4166 
9888 2096 3990 2076 4241 
9889 3324 3710 3672 4290 
9890 381 3589 380 3816 
9891 158 205 435 4363 
9892 1767 1415 441 4607 
9893 3717 3857 3382 4023 
9894 3435 3857 3717 4023 
9895 2886 2887 2926 3481 
9896 3664 4142 3437 4722 
9897 232 4105 4191 4313 
9898 994 985 954 3976 
9899 3523 4438 1523 4498 
9900 3840 3977 3309 4401 
9901 3153 3760 3093 3862 
9902 712 3529 4237 4385 
9903 2826 3742 2767 4469 
9904 3835 4129 3415 4225 
9905 155 933 156 3500 
9906 3621 3877 3562 4065 
9907 398 3915 399 4036 
9908 3621 3877 3422 3972 
9909 1061 4255 3671 4309 
9910 3453 3893 3353 4359 
9911 2650 3499 2631 4141 
9912 1789 1739 3667 4403 
9913 990 4052 2977 4117 
9914 3833 3990 3533 4458 
9915 4128 4134 2708 4549 
9916 3121 3158 3106 4078 
9917 2890 4505 3584 4667 
9918 3304 3674 3540 3906 
9919 3174 3175 4027 4599 
9920 3225 3540 3275 4444 
9921 422 3573 1294 4198 
9922 233 3879 3522 4442 
9923 3533 3990 3833 4460 
9924 2865 3951 3486 4301 
9925 3477 1467 4275 4276 
9926 3368 3898 3462 4184 
9927 3326 3844 3559 4157 
9928 3035 2849 4445 4663 
9929 3690 4146 3551 4347 
9930 2646 3806 2495 3999 
9931 2932 3567 2841 4213 
9932 3722 4203 3289 4298 
9933 2958 4213 3492 4329 
9934 3423 3360 4016 4419 
9935 90 3627 91 4261 
9936 2669 2653 3983 3999 
9937 3321 3653 4212 4362 
9938 3644 3670 2945 4505 
9939 2809 2764 2744 3643 
9940 3559 4157 3844 4322 
9941 2003 2000 2013 4241 
9942 3371 4200 3817 4272 
9943 3003 4003 2996 4256 
9944 3292 3438 3745 4203 
9945 3274 3798 3196 3996 
9946 3752 4209 3583 4217 
9947 3084 3569 3256 4496 
9948 2475 3657 2297 4296 
9949 4281 4337 3467 4752 
9950 483 3636 4081 4190 
9951 3290 3606 3530 4350 
9952 3495 4246 3299 4422 
9953 98 931 99 3811 
9954 3569 3954 3499 4496 
9955 3277 3163 3204 4210 
9956 477 3633 1376 3703 
9957 3804 4017 3397 4319 
9958 3354 3811 3468 4310 
9959 3524 3697 3542 4159 
9960 3437 3692 1954 3848 
9961 2370 3678 3623 4710 
9962 414 472 1347 3512 
9963 1843 3701 1872 4772 
9964 156 3457 924 4180 
9965 2060 3812 2038 4431 
9966 3288 4219 3580 4338 
9967 3341 3704 3597 4568 
9968 2454 2251 2441 3942 
9969 3574 4239 3498 4321 
9970 2920 4117 3587 4132 
9971 1089 3878 1076 4149 
9972 3319 3452 3765 4465 
9973 3517 3946 3662 4739 
9974 2891 4213 2958 4329 
9975 2020 3503 3845 4068 
9976 2315 3534 2422 4651 
9977 3410 4074 3680 4240 
9978 1569 2140 2397 4196 
9979 1508 3523 4111 4438 
9980 2875 3542 2907 3808 
9981 3590 3764 3338 4282 
9982 1300 360 1276 4337 
9983 2326 2405 2205 4767 
9984 3817 4200 3538 4272 
9985 3281 4037 4103 4370 
9986 1180 2370 1194 3678 
9987 3809 4465 3608 4569 
9988 1266 419 4337 4752 
9989 1065 3492 1135 4346 
9990 1450 487 3727 4483 
9991 3115 4019 3113 4467 
9992 3546 3849 3831 4260 
9993 3455 3762 3317 3973 
9994 3506 3966 2724 4453 
9995 3547 4185 4293 4629 
9996 3543 4211 50 4315 
9997 2275 2351 3852 4004 
9998 3102 3103 3158 3854 
9999 4066 4141 2633 4417 
10000 2381 2310 3831 3849 
10001 149 925 3770 4623 
10002 1042 4553 3557 4674 
10003 3146 3957 3607 4518 
10004 3282 4331 3597 4561 
10005 2302 2209 3787 3928 
10006 3639 3489 3904 4489 
10007 3568 3770 3331 3803 
10008 1854 2268 1798 3786 
10009 1134 3894 3766 4632 
10010 2359 3789 2149 4221 
10011 3463 4401 3945 4556 
10012 2747 3538 2819 4200 
10013 1458 1461 3645 3978 
10014 1711 4091 3605 4248 
10015 2761 2778 3466 4455 
10016 3402 3952 3726 4011 
10017 229 1895 1941 4322 
10018 221 1943 1886 4527 
10019 3846 4237 3529 4385 
10020 1922 711 3495 4742 
10021 3371 3817 3538 4272 
10022 1664 1668 1667 4056 
10023 3303 3448 3685 4186 
10024 2203 3753 3886 3887 
10025 3412 3312 3756 4264 
10026 3640 4115 3859 4302 
10027 2309 3789 2359 4221 
10028 3117 3114 3220 3987 
10029 3325 3671 3449 4749 
10030 3878 4347 3307 4367 
10031 3224 3148 3165 3903 
10032 2662 574 2670 3801 
10033 2336 2216 2219 4202 
10034 2738 4478 2743 4536 
10035 2714 2717 3511 4062 
10036 3309 3945 4401 4556 
10037 3520 3341 3977 4777 
10038 1161 4197 3757 4684 
10039 3570 3325 4163 4232 
10040 1564 3788 4560 4647 
10041 3297 4034 3817 4503 
10042 233 234 3879 4442 
10043 1863 1831 3638 4102 
10044 2225 3677 2226 4557 
10045 2355 2451 4228 4699 
10046 3144 3143 3084 3954 
10047 3514 3458 3910 4273 
10048 2177 2549 2486 3786 
10049 3529 4125 3846 4385 
10050 3345 3804 4017 4238 
10051 3375 3756 3312 4104 
10052 3319 3564 3765 4450 
10053 1518 3540 3038 4258 
10054 2694 3027 3630 4575 
10055 3258 3028 1442 4776 
10056 3390 4098 3866 4665 
10057 3722 4203 3381 4585 
10058 3318 3841 3794 4298 
10059 3485 3894 3397 4319 
10060 3379 3635 3713 4529 
10061 3301 4593 3618 4673 
10062 3690 3307 4347 4367 
10063 3316 3560 3849 4362 
10064 1399 1433 3473 3935 
10065 3413 3992 3592 4520 
10066 3601 3981 2726 4224 
10067 2777 2819 2747 3538 
10068 3176 1097 3083 3980 
10069 3720 4008 2877 4427 
10070 2161 2168 4118 4579 
10071 235 3612 4014 4605 
10072 2002 2053 2027 4220 
10073 2734 3818 2741 4222 
10074 901 3777 909 4512 
10075 710 4246 711 4742 
10076 3337 3474 3838 4651 
10077 94 929 95 3469 
10078 2521 2516 2518 4154 
10079 4070 4298 3841 4737 
10080 1040 3612 1132 4110 
10081 3415 4528 4036 4644 
10082 3731 4254 2807 4468 
10083 2336 3787 3478 4365 
10084 1734 4303 3842 4433 
10085 3738 3392 4029 4611 
10086 2513 2558 2528 4317 
10087 3489 4030 2071 4642 
10088 3740 4271 3972 4574 
10089 3659 4228 4126 4535 
10090 3674 3906 3523 4258 
10091 82 3 950 3718 
10092 3321 4212 3652 4362 
10093 2113 3562 2114 4065 
10094 155 987 3902 4485 
10095 3285 3973 3882 4666 
10096 3397 4069 4632 4682 
10097 866 907 3741 4425 
10098 3239 4123 3815 4205 
10099 3537 4067 145 4229 
10100 1126 4335 3567 4421 
10101 1594 3891 3769 4647 
10102 2238 4126 3659 4228 
10103 1382 1429 480 4358 
10104 202 3479 3888 4476 
10105 1843 1825 1872 3701 
10106 1101 1445 1019 3766 
10107 3438 3745 4203 4298 
10108 1255 3701 1290 4772 
10109 3513 3593 3280 4780 
10110 3277 4077 3163 4210 
10111 405 3974 3444 4508 
10112 1168 1220 4551 4650 
10113 3368 3661 3510 3827 
10114 3862 4121 3065 4518 
10115 2474 2255 2455 3501 
10116 201 208 1012 3970 
10117 3361 3728 3523 4115 
10118 3311 3431 3826 4389 
10119 1991 4416 1993 4631 
10120 2527 3515 2552 3847 
10121 3350 3509 4284 4480 
10122 90 3627 3850 3911 
10123 95 3469 3770 3803 
10124 3405 3631 3506 3759 
10125 1484 3501 4080 4452 
10126 2803 2703 2806 3821 
10127 3245 4066 3883 4496 
10128 2727 2726 3601 3981 
10129 155 3902 3458 4485 
10130 1476 1456 4263 4300 
10131 3429 3761 3511 3966 
10132 3955 4146 3795 4789 
10133 2503 4218 3806 4680 
10134 2703 3742 2806 3821 
10135 3411 3661 3622 4624 
10136 3066 4121 3862 4326 
10137 3126 3222 3156 4147 
10138 3128 3072 3592 3992 
10139 3451 3908 1029 4244 
10140 3093 4082 3251 4326 
10141 3681 2361 4217 4504 
10142 3534 3932 2422 4651 
10143 3412 3851 3558 4113 
10144 2356 2357 3941 4007 
10145 154 939 90 3911 
10146 3543 3601 3384 4225 
10147 3326 4055 4191 4529 
10148 3467 3801 3348 3930 
10149 3524 3542 3808 4159 
10150 3385 3932 4296 4366 
10151 3455 3317 3762 4169 
10152 2554 2492 3496 3912 
10153 155 3458 3902 4486 
10154 2937 3793 3996 4201 
10155 3581 3852 2275 3968 
10156 2650 4066 3499 4141 
10157 3352 3616 3807 4112 
10158 1294 3573 422 4150 
10159 91 3714 3984 4551 
10160 956 205 957 3641 
10161 3469 3770 3331 4223 
10162 3913 4196 1621 4628 
10163 2631 4140 2611 4141 
10164 474 475 3596 3934 
10165 3296 3680 3620 4240 
10166 950 996 82 3894 
10167 1694 3530 1681 4733 
10168 101 3591 938 4035 
10169 3696 3714 3335 4441 
10170 3699 3752 3468 4174 
10171 3462 4184 2262 4788 
10172 3431 3818 3556 4175 
10173 3288 4024 3599 4338 
10174 3412 4170 3312 4264 
10175 3624 4038 2238 4126 
10176 3491 3869 3493 4351 
10177 3384 4243 3643 4652 
10178 3549 3764 3590 3987 
10179 3307 3878 3687 4252 
10180 2464 2284 3913 4698 
10181 1558 3986 3594 4214 
10182 3804 3345 4017 4319 
10183 1256 3827 3733 4012 
10184 1933 3693 717 4295 
10185 3564 3765 3452 4465 
10186 975 2968 2831 3602 
10187 1169 1200 1223 4699 
10188 3342 4030 3850 4489 
10189 3462 3351 3898 3960 
10190 411 3513 1346 4780 
10191 1533 1447 2363 4119 
10192 3320 3699 3468 4174 
10193 1291 1615 378 3800 
10194 1939 230 1896 3844 
10195 3523 4258 3906 4776 
10196 3332 3872 3467 4049 
10197 3537 3756 3312 4264 
10198 3740 3414 4271 4574 
10199 2761 4242 2711 4549 
10200 3282 3535 3717 4057 
10201 2154 1957 3904 4763 
10202 3472 2352 4112 4160 
10203 3589 3683 3337 3900 
10204 3331 3677 3624 4781 
10205 468 3772 469 4696 
10206 3362 3468 3711 4753 
10207 1172 3993 3767 4538 
10208 3810 4289 3497 4616 
10209 3338 3590 3549 3764 
10210 3519 3667 3448 4355 
10211 3551 3353 3956 4532 
10212 3099 3232 3267 3508 
10213 3461 3948 1220 4551 
10214 3416 4081 3363 4093 
10215 2339 2186 3849 4604 
10216 1787 3617 1738 4429 
10217 3324 3672 3972 4290 
10218 411 3870 3652 4336 
10219 88 924 156 3457 
10220 709 708 3613 4101 
10221 3288 4219 3606 4389 
10222 3525 4048 3484 4343 
10223 244 3626 1098 4180 
10224 3260 3069 3192 4335 
10225 2000 3554 2058 4009 
10226 3820 3899 3573 4278 
10227 3113 4019 3111 4548 
10228 3811 4131 3412 4694 
10229 3761 4153 3888 4324 
10230 574 3801 3750 4579 
10231 4023 4140 3382 4141 
10232 3510 3897 3661 4294 
10233 2106 2114 4420 4511 
10234 3556 4541 3290 4792 
10235 3638 3837 3337 3838 
10236 3331 3624 3858 4781 
10237 3077 3018 211 3603 
10238 3426 3586 3872 4517 
10239 2038 3503 2020 4431 
10240 3322 3633 3604 3895 
10241 3885 3945 3286 4594 
10242 3354 3389 3969 4310 
10243 3444 3806 4218 4680 
10244 3015 211 3018 3509 
10245 3577 3873 3328 3877 
10246 3115 3590 3114 4019 
10247 3514 4011 3910 4553 
10248 1462 4276 3978 4300 
10249 3091 3509 3138 4284 
10250 2224 3852 4388 4636 
10251 3110 3108 3758 4216 
10252 1737 1686 3865 4403 
10253 866 907 899 3741 
10254 2224 3852 4004 4388 
10255 2723 2767 4070 4469 
10256 2027 2026 3762 4054 
10257 1637 4059 3736 4473 
10258 209 3516 208 3864 
10259 218 219 3666 3908 
10260 3149 3759 3631 4705 
10261 4176 4360 3784 4451 
10262 1100 3064 3522 4313 
10263 2866 3486 2865 4591 
10264 3467 4281 2596 4337 
10265 3452 4382 3394 4554 
10266 3120 3476 3161 4031 
10267 1287 3930 4049 4639 
10268 2865 3951 2867 4591 
10269 887 95 3993 4538 
10270 1287 4049 3802 4639 
10271 1155 3943 2151 4040 
10272 939 3627 90 3911 
10273 3290 4541 3949 4792 
10274 1268 4064 3702 4305 
10275 3124 3134 4123 4282 
10276 2364 3694 1449 4000 
10277 3551 3690 3419 4146 
10278 3331 3583 3873 4209 
10279 3128 3620 3992 4372 
10280 2719 3966 2724 4070 
10281 929 3469 94 3890 
10282 3320 3558 3732 4645 
10283 3301 3772 3593 4728 
10284 394 4064 3725 4516 
10285 3453 3956 718 4295 
10286 2076 3541 2003 4241 
10287 3477 4269 4275 4578 
10288 2885 3726 4466 4474 
10289 3361 3980 3944 4111 
10290 3633 3703 477 4063 
10291 3452 3875 3315 4594 
10292 2885 4466 2886 4474 
10293 3317 3531 4054 4266 
10294 3683 3838 383 4757 
10295 3588 3293 4017 4493 
10296 3280 3593 3513 3695 
10297 3360 4419 3792 4467 
10298 413 3701 4212 4434 
10299 3417 3785 4123 4282 
10300 1176 4155 3629 4744 
10301 87 923 157 3457 
10302 3580 3407 3863 4589 
10303 3357 4148 3673 4360 
10304 2147 1513 3805 4119 
10305 3326 3445 3844 4157 
10306 4103 4188 3337 4634 
10307 2707 4128 3213 4134 
10308 3122 3028 3258 4776 
10309 3035 3246 3521 4445 
10310 3563 4127 4312 4461 
10311 3046 3065 4121 4518 
10312 3619 3716 3316 4769 
10313 245 1098 138 4180 
10314 1231 3757 1117 3868 
10315 2433 4126 3461 4492 
10316 3910 4028 242 4390 
10317 3705 3893 3575 4768 
10318 2435 1875 2549 3786 
10319 2884 4273 3726 4524 
10320 3423 3650 3747 3945 
10321 1933 228 1894 4322 
10322 3536 3660 3313 3892 
10323 1399 1433 439 3473 
10324 1522 4069 3766 4712 
10325 3453 3353 3956 4359 
10326 4252 4577 3603 4663 
10327 3403 3562 3877 4291 
10328 2258 2404 2460 4703 
10329 3486 3326 3951 4591 
10330 3378 3839 3577 3877 
10331 2556 2646 2660 3806 
10332 2877 4008 3720 4402 
10333 3653 4212 3512 4555 
10334 1376 3703 3633 4357 
10335 2871 3493 4053 4787 
10336 3318 3438 3794 4006 
10337 3397 4017 4238 4682 
10338 3342 3819 3686 4089 
10339 1057 1053 3768 4662 
10340 1922 3495 235 4742 
10341 3622 3661 3411 4333 
10342 4108 4164 3590 4762 
10343 2241 4388 3941 4636 
10344 1548 3694 1486 3822 
10345 3344 4293 3988 4353 
10346 1499 3595 1460 4276 
10347 2772 3749 2775 4571 
10348 2394 1591 3769 4759 
10349 3742 4275 1502 4707 
10350 1075 1077 1076 3688 
10351 2787 4031 3754 4571 
10352 2274 2244 2319 3698 
10353 2761 3466 4224 4455 
10354 3344 3843 4353 4678 
10355 3390 4220 4026 4679 
10356 2521 4074 3700 4457 
10357 3318 3648 3636 4405 
10358 3622 3661 3356 4624 
10359 3452 3315 3885 4594 
10360 2735 4581 3781 4626 
10361 1255 1803 3654 4772 
10362 2057 4491 4227 4511 
10363 3454 4388 3852 4636 
10364 3844 4157 3445 4322 
10365 3741 3958 3346 4073 
10366 3394 3452 4138 4382 
10367 3878 3916 3508 4606 
10368 2829 3196 3798 3996 
10369 3294 3572 3790 4185 
10370 381 3589 3900 4649 
10371 3710 3928 3672 4290 
10372 3486 3905 3294 4629 
10373 3288 4338 3599 4542 
10374 3508 3878 3687 4149 
10375 2238 3624 4126 4228 
10376 1476 1459 1456 4300 
10377 3685 4326 3096 4609 
10378 980 3902 2968 4524 
10379 987 2830 3902 4485 
10380 100 938 3591 4035 
10381 210 1013 209 3859 
10382 2532 3782 3680 4686 
10383 467 3515 2489 3989 
10384 2334 2330 3897 4278 
10385 3628 4101 238 4137 
10386 1954 3437 3848 4722 
10387 325 4012 3733 4717 
10388 2231 3472 2352 4112 
10389 3624 3331 3681 4217 
10390 3445 3988 4293 4353 
10391 3379 4055 4043 4570 
10392 2331 2328 2330 3897 
10393 2881 3952 2883 4474 
10394 3294 3790 3572 4643 
10395 2670 574 2406 3801 
10396 3470 3329 4125 4391 
10397 1122 4255 4367 4497 
10398 3320 3752 3699 4174 
10399 3435 4537 4023 4732 
10400 2511 2513 2512 3475 
10401 2904 3720 2877 4427 
10402 3556 3826 3290 4541 
10403 3344 3988 3693 4353 
10404 3282 3857 3463 4401 
10405 1592 1594 3769 4647 
10406 713 3846 3470 4385 
10407 3563 4124 3550 4312 
10408 3375 3572 3756 4104 
10409 1172 3993 1219 4207 
10410 1066 3894 1060 4632 
10411 1220 3948 3461 4492 
10412 3460 2635 4140 4341 
10413 3361 3508 3944 3980 
10414 3431 3818 3749 4626 
10415 3488 3716 3316 3974 
10416 410 4230 3870 4336 
10417 225 226 3956 4232 
10418 3931 3465 4318 4515 
10419 3336 3850 4489 4738 
10420 3284 3873 3972 4645 
10421 3441 3765 3564 4450 
10422 3667 4092 1789 4433 
10423 3603 4307 210 4663 
10424 3317 3455 3973 4172 
10425 2352 3472 2229 4160 
10426 2669 3999 3983 4730 
10427 1691 1723 3549 4509 
10428 1787 1655 3617 4429 
10429 3438 3318 3794 4298 
10430 3945 4016 3650 4409 
10431 706 2074 3707 4286 
10432 3477 3304 3745 4085 
10433 494 1411 3633 4446 
10434 3338 3578 4097 4588 
10435 3308 3768 3442 3955 
10436 3379 3713 4055 4529 
10437 1803 1850 1849 3654 
10438 3688 3980 3361 4547 
10439 2462 2270 2299 3666 
10440 3474 4234 3367 4767 
10441 3468 3362 4174 4753 
10442 3605 3918 3373 4091 
10443 447 3734 4423 4671 
10444 233 3522 3879 4105 
10445 3425 4303 4092 4433 
10446 2628 4145 2627 4461 
10447 3092 3567 1026 4335 
10448 2504 3444 2503 4218 
10449 3161 3476 3113 4031 
10450 3397 4238 4187 4682 
10451 388 4064 4162 4530 
10452 1708 3925 3475 4602 
10453 3558 3851 3412 4249 
10454 3484 4048 3525 4448 
10455 3094 3505 3139 4326 
10456 3300 3705 3575 4479 
10457 4092 4303 3425 4413 
10458 4126 4228 3624 4535 
10459 4185 4584 4293 4629 
10460 1994 3539 3990 4678 
10461 3651 3393 4177 4614 
10462 3481 2886 4466 4474 
10463 3536 4151 3762 4220 
10464 3472 3807 3616 4112 
10465 2241 2223 3941 4388 
10466 710 4246 3613 4679 
10467 1044 1047 1050 3584 
10468 3796 3809 3343 4450 
10469 3498 3308 3641 3976 
10470 3341 3704 3977 4057 
10471 2504 2503 3444 4508 
10472 1110 1073 1059 4632 
10473 3822 4080 882 4512 
10474 3327 3550 4181 4412 
10475 2110 3672 2103 3928 
10476 2652 4058 4178 4281 
10477 4083 4327 3709 4454 
10478 3329 4125 3529 4385 
10479 3837 3838 3474 4651 
10480 3537 3312 4170 4264 
10481 3470 3329 4105 4385 
10482 1526 4025 1457 4770 
10483 1680 3530 1679 4168 
10484 3378 3689 3663 3839 
10485 3663 3689 3428 3839 
10486 141 3664 4142 4280 
10487 1724 3549 1723 4509 
10488 455 3736 4020 4528 
10489 1591 4285 3769 4759 
10490 3127 3992 3204 4210 
10491 1101 1019 1091 3766 
10492 3568 3873 3331 4223 
10493 1502 3903 4275 4583 
10494 1139 3687 1125 3878 
10495 1169 4650 4109 4699 
10496 3492 4213 3557 4329 
10497 2923 3635 2949 4179 
10498 1746 4046 1717 4595 
10499 1655 1756 3617 4323 
10500 3304 3607 3540 4444 
10501 3794 3841 3398 4298 
10502 1252 576 1253 3751 
10503 3343 3703 3796 4648 
10504 3334 3506 3761 4153 
10505 3313 3808 3660 4449 
10506 3536 3762 3317 4054 
10507 3539 3843 3312 4170 
10508 1084 3567 1026 3814 
10509 3146 3148 3607 4444 
10510 3305 4124 3563 4470 
10511 3313 3536 3707 4026 
10512 1294 1260 3573 4150 
10513 896 4155 883 4310 
10514 2196 3560 2186 4334 
10515 3548 3914 3807 4380 
10516 1994 3990 3833 4678 
10517 2286 2285 2287 3743 
10518 3686 3850 3342 4030 
10519 3556 3290 3826 4175 
10520 3978 4276 3438 4300 
10521 3591 3909 3679 4708 
10522 3694 3365 4661 4692 
10523 1606 1630 3783 4199 
10524 3423 3650 3945 4016 
10525 3465 3698 3369 4253 
10526 2629 3443 4127 4461 
10527 1097 3775 3083 3980 
10528 2861 3963 2856 4120 
10529 45 1627 392 4647 
10530 3304 3674 3906 4302 
10531 474 475 3934 4048 
10532 3315 3480 4408 4556 
10533 2985 3007 3259 3814 
10534 1722 3764 1647 3785 
10535 1917 725 2299 3666 
10536 3772 4029 1761 4696 
10537 3683 3900 3589 4649 
10538 2098 3547 3843 4353 
10539 1582 3800 3657 4426 
10540 3636 3648 3318 3889 
10541 2017 2087 1958 3507 
10542 902 1210 3819 3929 
10543 2893 4580 2890 4667 
10544 1000 157 14 3626 
10545 979 3766 1090 3894 
10546 3308 3795 3464 3955 
10547 3884 4007 3389 4379 
10548 3704 3885 3463 4465 
10549 3305 3496 4083 4470 
10550 1679 1681 1694 3530 
10551 2823 3748 1418 4432 
10552 1825 1843 1879 3701 
10553 3482 3280 3926 4343 
10554 3453 3956 3664 4096 
10555 1497 4300 1543 4483 
10556 3300 4295 3570 4359 
10557 3460 3840 3309 4401 
10558 2110 2103 3672 4290 
10559 3469 3882 3285 4447 
10560 3497 4323 1409 4616 
10561 1013 3746 209 3859 
10562 2637 3499 2650 4496 
10563 2884 3726 3952 4524 
10564 720 2069 3437 4096 
10565 2591 3223 2667 3569 
10566 3575 3893 3300 4670 
10567 979 1034 1090 3766 
10568 719 3664 1921 4532 
10569 1016 1088 1139 3687 
10570 3485 3397 4017 4319 
10571 3661 3827 425 4012 
10572 2210 3732 3787 4352 
10573 1532 2194 2364 4000 
10574 3785 4097 3417 4588 
10575 2594 3467 2596 4337 
10576 3325 3491 4163 4402 
10577 3005 2999 2989 3644 
10578 2171 4253 3698 4515 
10579 3868 4700 4683 4709 
10580 3522 3921 3406 4313 
10581 3807 4065 3433 4233 
10582 3314 4167 4078 4567 
10583 3568 4005 4113 4394 
10584 1691 1675 3735 4494 
10585 1548 1485 1486 3694 
10586 2637 3840 3569 4743 
10587 3541 3990 2076 4173 
10588 3528 3953 3369 4253 
10589 3518 4144 4536 4762 
10590 3495 3613 4246 4422 
10591 901 3975 3777 4080 
10592 3739 4171 444 4279 
10593 1485 3694 1547 4018 
10594 1206 1182 1224 3819 
10595 2466 4060 3623 4702 
10596 4017 3588 4238 4682 
10597 2182 3614 3724 4245 
10598 3813 3908 1041 4456 
10599 445 1375 4114 4171 
10600 2224 3852 2351 4004 
10601 3539 4170 3504 4437 
10602 3444 4218 2504 4508 
10603 2239 2247 3696 4339 
10604 3295 3938 3959 4669 
10605 3326 3486 3905 4591 
10606 1857 3780 3915 3979 
10607 3362 3711 3468 3907 
10608 468 4130 3515 4696 
10609 1484 4080 4018 4452 
10610 3824 4661 3365 4692 
10611 2623 3983 3887 4730 
10612 3682 3771 1313 4677 
10613 1530 1578 1583 4214 
10614 199 3776 4093 4287 
10615 1394 4059 1783 4114 
10616 2230 2238 3624 4038 
10617 3693 3988 3445 4353 
10618 1876 1837 1839 4033 
10619 3342 3773 3456 4071 
10620 3292 3416 3776 4076 
10621 3512 3513 3280 3926 
10622 2918 3937 3719 4301 
10623 3880 4117 2978 4443 
10624 494 3633 2619 4446 
10625 1279 3654 1295 4718 
10626 4269 4275 3742 4707 
10627 3295 4225 3601 4490 
10628 3362 3993 3767 4207 
10629 3597 3704 3282 4561 
10630 3432 3788 3668 4285 
10631 1255 1842 1803 4772 
10632 3507 4265 3616 4703 
10633 3640 3293 4493 4789 
10634 3317 4054 4169 4266 
10635 2159 574 2135 3750 
10636 3466 2778 4242 4455 
10637 3358 3726 3952 4011 
10638 3670 4003 2950 4741 
10639 1831 3638 4102 4161 
10640 3293 4115 3728 4404 
10641 2866 2865 2867 4591 
10642 2948 2878 2914 3937 
10643 3444 3886 3716 4727 
10644 2779 3836 2731 4222 
10645 3405 3742 4269 4275 
10646 3510 3661 3356 4635 
10647 3412 3756 3312 3851 
10648 3530 3933 1681 4733 
10649 3328 4065 3807 4233 
10650 1591 1565 2394 3769 
10651 2243 2275 3852 3968 
10652 2887 3481 2886 4466 
10653 3302 3810 3643 4289 
10654 3757 3868 1161 4684 
10655 3445 3326 3844 4629 
10656 2646 3806 3999 4730 
10657 3596 3934 475 4048 
10658 876 3884 1150 3907 
10659 3662 4046 3517 4552 
10660 3738 3778 3392 4611 
10661 3316 3560 3653 4517 
10662 3464 3345 3829 4017 
10663 3338 3599 4311 4542 
10664 3318 3438 4006 4298 
10665 2753 3950 2820 4468 
10666 3657 3800 3323 4188 
10667 3542 3808 3723 4723 
10668 3292 3776 3416 4488 
10669 2435 2573 2549 1875 
10670 3679 3909 3591 4430 
10671 2392 4218 2575 4680 
10672 3488 3316 3716 4769 
10673 1816 3915 3780 4399 
10674 3508 3878 3688 3916 
10675 3491 3575 3869 4670 
10676 90 3850 3627 4261 
10677 3485 3768 3308 3955 
10678 622 623 1756 4143 
10679 3347 4201 4120 4422 
10680 3330 3453 4096 4437 
10681 3364 3943 4079 4515 
10682 3507 2257 4265 4703 
10683 3161 3120 3113 3476 
10684 3674 4258 3523 4776 
10685 986 145 146 4067 
10686 3315 4408 3480 4594 
10687 2724 4070 3506 4469 
10688 2437 3820 3898 4522 
10689 3316 3716 3886 4727 
10690 1208 880 887 4538 
10691 1879 3701 1800 4434 
10692 3577 3839 3284 3877 
10693 2907 2875 2915 3542 
10694 395 1332 4020 4021 
10695 150 149 3890 4398 
10696 3313 3723 3808 4723 
10697 3626 3644 2945 4505 
10698 202 3479 3746 3888 
10699 412 3926 3652 4212 
10700 440 3579 439 4649 
10701 3353 4032 3498 4670 
10702 3783 4177 3393 4614 
10703 1045 1084 3585 4421 
10704 3546 3716 2505 4218 
10705 3458 4028 3910 4390 
10706 2576 3546 2505 4218 
10707 891 888 93 3744 
10708 3490 3630 3571 4575 
10709 206 3641 4287 4363 
10710 1570 1605 2145 3657 
10711 1090 3766 1134 3894 
10712 1090 1034 1134 3766 
10713 3422 3972 3873 4645 
10714 3587 3396 3905 4132 
10715 2329 3964 3805 3997 
10716 3413 4262 3605 4561 
10717 3493 4008 3491 4351 
10718 4121 4324 3448 4355 
10719 4003 4741 3670 4794 
10720 3307 3916 3516 4146 
10721 463 3917 1398 4795 
10722 3572 3790 3424 4643 
10723 812 2790 3985 4704 
10724 3079 3018 3078 4480 
10725 1971 2037 1977 3663 
10726 3313 3808 3542 4723 
10727 3598 3838 3683 4757 
10728 3421 3981 3601 4490 
10729 3453 3344 4099 4437 
10730 3292 3416 4076 4488 
10731 3056 3520 4147 4408 
10732 2332 4253 3824 4526 
10733 2949 2919 3921 3951 
10734 1464 1462 1465 3874 
10735 2084 3707 3536 4026 
10736 378 1283 379 4540 
10737 424 425 3661 3827 
10738 1789 1740 1739 4403 
10739 1974 3994 3548 4094 
10740 143 3705 3893 4280 
10741 2408 2450 2180 3757 
10742 2331 4119 3594 4573 
10743 1522 3766 1509 4712 
10744 3561 3724 3332 4400 
10745 3302 3643 3940 4325 
10746 3468 3389 3884 4007 
10747 3663 3459 3994 4342 
10748 3478 4131 3354 4694 
10749 3280 3593 3695 4544 
10750 3536 3892 3707 4286 
10751 1851 2375 3780 4369 
10752 2566 3563 4127 4312 
10753 3469 4223 3577 4436 
10754 2731 4222 3836 4455 
10755 3656 3934 3319 4450 
10756 1922 710 711 4742 
10757 3641 3464 4287 4363 
10758 3537 3312 3756 4185 
10759 4315 4330 3543 4646 
10760 2534 2577 2523 4154 
10761 3411 3573 3899 4278 
10762 3511 3940 3429 3966 
10763 887 3993 1208 4538 
10764 450 50 3543 4211 
10765 2225 3939 3677 4557 
10766 3314 3834 3466 3938 
10767 399 1334 398 4036 
10768 3985 4200 3371 4272 
10769 3687 4367 3307 4475 
10770 2590 2641 2595 4166 
10771 3329 4125 3486 4301 
10772 2090 2066 4099 4678 
10773 711 2079 712 3529 
10774 3377 3725 3527 4033 
10775 419 4044 418 4049 
10776 2591 2667 2677 3569 
10777 3677 3939 3422 4557 
10778 2637 3569 2656 4743 
10779 1134 3766 1091 4632 
10780 2926 3481 2887 4466 
10781 3711 3907 3362 4207 
10782 418 4049 4044 4715 
10783 3637 4002 3296 4240 
10784 3687 3878 3508 4252 
10785 3113 3476 3120 4467 
10786 2646 2556 2495 3806 
10787 1500 3874 3794 4707 
10788 3697 4159 3524 4398 
10789 419 3872 4044 4049 
10790 1846 3823 1267 4075 
10791 3392 4457 4074 4740 
10792 3352 3812 3503 3845 
10793 3345 4017 4076 4493 
10794 3437 4550 3909 4708 
10795 2457 2409 3886 4680 
10796 2052 2154 2385 4763 
10797 14 3626 138 3644 
10798 3445 3905 3326 4629 
10799 3364 3741 4079 4697 
10800 3316 3716 3546 3886 
10801 247 4700 3868 4709 
10802 3616 4265 2257 4703 
10803 3123 3124 3785 4282 
10804 3549 3590 3338 4542 
10805 1029 1041 3908 4456 
10806 3442 3551 4347 4621 
10807 3909 4550 3679 4708 
10808 2912 3723 2881 3963 
10809 3289 3745 4203 4585 
10810 3480 3055 4123 4408 
10811 3326 3844 3470 4191 
10812 3853 3933 3355 4167 
10813 3477 4269 3874 4275 
10814 3455 3973 3730 4380 
10815 2502 3999 2503 4508 
10816 882 3822 1536 4080 
10817 3319 4056 4138 4641 
10818 1720 1775 3658 4205 
10819 3305 3709 4083 4327 
10820 1348 418 419 4044 
10821 3285 3807 3548 4342 
10822 2002 4220 3762 4755 
10823 2364 1547 1449 3694 
10824 143 4035 3705 4280 
10825 3388 3640 4115 4493 
10826 152 936 153 4158 
10827 3464 3829 3485 4017 
10828 1581 1625 1283 3751 
10829 2009 4237 3828 4706 
10830 248 1231 1117 3868 
10831 3943 4040 1155 4499 
10832 2818 3721 2770 3998 
10833 3299 3553 4374 4665 
10834 3535 3691 3301 3778 
10835 1089 1139 1125 3878 
10836 3028 4111 1442 4776 
10837 3617 3497 4289 4616 
10838 3608 4138 3860 4641 
10839 3653 4400 3586 4517 
10840 3474 3900 3838 4354 
10841 1103 3713 1039 4055 
10842 2783 2694 3131 3630 
10843 2481 3563 2569 4371 
10844 1132 3188 3074 3612 
10845 2964 4273 3458 4580 
10846 3120 3791 4467 4627 
10847 3318 4006 3648 4405 
10848 2344 2429 2448 4296 
10849 813 3747 3502 4704 
10850 3741 4079 3698 4515 
10851 3491 3300 3869 4351 
10852 3416 4287 3464 4363 
10853 3857 4140 3435 4341 
10854 3536 4054 3892 4286 
10855 413 1864 1800 3701 
10856 1674 3662 1690 3863 
10857 3282 3704 3597 4057 
10858 3640 3970 3516 4789 
10859 3305 4083 3782 4470 
10860 3474 3838 3837 4354 
10861 3933 4167 3853 4360 
10862 3452 3394 4056 4554 
10863 1054 3878 1058 4347 
10864 3883 3977 3341 4777 
10865 3661 4635 4012 4735 
10866 2181 4133 2400 4767 
10867 3285 3387 3882 3973 
10868 2945 3644 2846 3670 
10869 2854 3793 2937 4201 
10870 3310 4374 3544 4436 
10871 3431 3606 3826 4389 
10872 3565 3721 3408 4106 
10873 219 1927 218 3666 
10874 3839 4271 3428 4576 
10875 3239 3785 3124 4123 
10876 3062 2589 3912 4417 
10877 484 3439 4081 4405 
10878 2404 3812 2460 4703 
10879 3350 3944 3523 4115 
10880 1980 1981 1979 3763 
10881 1680 1679 3530 4693 
10882 230 1939 1895 3844 
10883 899 3741 907 3931 
10884 3477 4275 3874 4276 
10885 3967 4402 3491 4564 
10886 3448 4355 4092 4410 
10887 1189 1150 3884 3907 
10888 3287 4333 3622 4565 
10889 1879 1825 3701 4434 
10890 3159 3160 3737 4625 
10891 1605 1569 2397 3783 
10892 1686 3865 3610 4653 
10893 2406 2447 2593 3801 
10894 3147 4518 3607 4705 
10895 3347 4101 3628 4137 
10896 1819 1875 1854 3786 
10897 2032 1988 1984 4169 
10898 3318 3636 4006 4405 
10899 1508 1442 4111 4776 
10900 199 4093 3776 4143 
10901 1388 3604 810 4432 
10902 3453 4295 3693 4359 
10903 2303 2302 3787 4365 
10904 3380 3784 3949 4792 
10905 2820 2797 2802 3727 
10906 208 3516 209 3859 
10907 2179 3528 4047 4692 
10908 2926 4329 3481 4466 
10909 3068 3957 3146 4518 
10910 1595 4285 3788 4647 
10911 1028 1128 992 3644 
10912 1592 3769 4285 4647 
10913 1633 1606 1630 4628 
10914 4138 4465 3608 4751 
10915 3555 4167 3842 4567 
10916 3525 3675 3327 4648 
10917 4232 4309 3690 4367 
10918 3393 4196 3702 4628 
10919 3580 3863 3407 4219 
10920 3456 4236 3868 4709 
10921 3346 4073 3958 4297 
10922 2812 3601 2725 4315 
10923 248 3868 4236 4709 
10924 1597 1635 1602 3913 
10925 2203 2314 3753 3887 
10926 3527 3725 3377 4041 
10927 3463 3608 4465 4751 
10928 3421 3965 3896 4406 
10929 2490 2500 2578 3962 
10930 3572 4104 3375 4623 
10931 960 992 3005 3644 
10932 44 3800 3682 4622 
10933 3655 4396 2378 4472 
10934 3397 4069 3766 4632 
10935 3330 4280 3453 4437 
10936 448 3565 447 3712 
10937 3479 3640 3292 3970 
10938 2474 3501 2455 4452 
10939 3198 3181 3254 3522 
10940 98 3412 3811 4005 
10941 3391 4171 3739 4279 
10942 1651 4355 1770 4410 
10943 1291 378 44 3800 
10944 210 3509 3746 3859 
10945 193 3733 1007 4582 
10946 3151 3954 3144 4496 
10947 1630 3797 3783 4199 
10948 1087 3002 4003 4256 
10949 3147 3903 3224 4583 
10950 3282 3463 3704 4401 
10951 3384 3835 3543 4225 
10952 3556 3818 2734 4222 
10953 2938 4427 3799 4487 
10954 4024 4389 3538 4655 
10955 3282 3717 3535 4587 
10956 907 3931 3741 4425 
10957 3385 3800 3657 4188 
10958 1453 1525 1524 3881 
10959 3689 4072 1970 4685 
10960 3495 711 3879 4246 
10961 3515 3772 3593 4780 
10962 3690 4232 1063 4347 
10963 3324 4087 3558 4352 
10964 3398 3841 4070 4298 
10965 1126 1046 4335 4421 
10966 2416 1836 1801 3655 
10967 3617 3865 1738 4429 
10968 2354 2451 3767 4228 
10969 2912 2936 2855 3963 
10970 2946 3039 4027 4179 
10971 3364 4079 3741 4515 
10972 3407 4338 4219 4542 
10973 3458 4485 2964 4580 
10974 425 424 3661 4735 
10975 3355 3571 3853 4078 
10976 3407 4338 3662 4739 
10977 3480 4556 3315 4594 
10978 3387 3973 3660 4151 
10979 3579 4034 3297 4503 
10980 2457 3546 3886 4604 
10981 3721 3781 3311 4136 
10982 3547 4293 3445 4629 
10983 3522 3719 3406 3921 
10984 2978 3880 2979 4117 
10985 3523 3906 4498 4776 
10986 3347 4101 4137 4477 
10987 130 131 3733 3936 
10988 3536 3313 3707 3892 
10989 3413 3597 4262 4561 
10990 3110 3758 3159 4216 
10991 1595 1634 3788 4285 
10992 2224 4004 2351 4388 
10993 3246 4259 3521 4445 
10994 3763 3539 4416 4631 
10995 3356 3661 3510 3897 
10996 438 439 1433 3927 
10997 3531 3627 3336 4266 
10998 1838 3979 3527 4369 
10999 3633 3895 2636 4446 
11000 3058 3520 3056 4777 
11001 981 4239 972 4725 
11002 3495 3299 4246 4257 
11003 3761 3888 3519 4324 
11004 1026 3567 1126 4335 
11005 1117 1231 1229 3757 
11006 3476 3590 4164 4762 
11007 3405 4275 4269 4578 
11008 2848 3498 2935 4288 
11009 3388 4302 3906 4498 
11010 2084 2074 3536 3707 
11011 1447 1533 1481 4119 
11012 1624 2140 1569 4196 
11013 1021 1116 82 3718 
11014 3365 3777 3936 4047 
11015 248 3868 3757 4236 
11016 3699 4202 2215 4397 
11017 3685 3100 4410 4413 
11018 1008 210 211 3509 
11019 3740 4045 3710 4290 
11020 2339 2186 2196 3849 
11021 1679 3530 1694 4084 
11022 2168 3614 2183 4118 
11023 1224 3819 3678 4089 
11024 1708 3475 1709 4602 
11025 2809 4107 3471 4534 
11026 3383 4088 3744 4109 
11027 3958 4073 3545 4297 
11028 3715 4372 3061 4378 
11029 1087 4003 1108 4256 
11030 94 3744 3961 4088 
11031 2343 3783 2397 4196 
11032 997 1129 1034 3766 
11033 1711 3605 1712 4248 
11034 3461 3696 3335 4126 
11035 2172 2109 2439 3507 
11036 3471 3810 1382 4107 
11037 2141 1180 1153 3623 
11038 3603 4577 3521 4663 
11039 89 933 155 3686 
11040 156 933 88 3686 
11041 2879 3719 2919 3951 
11042 1176 1144 3629 4155 
11043 228 229 1894 4322 
11044 2795 3742 1546 4386 
11045 3584 4505 4028 4580 
11046 3868 4683 3456 4709 
11047 3187 1088 1016 3687 
11048 3229 3505 3251 4082 
11049 3310 4436 3839 4576 
11050 3468 3811 3320 4174 
11051 1864 3652 1826 4434 
11052 3347 4137 3963 4477 
11053 3865 4403 4332 4669 
11054 3464 3829 3345 4076 
11055 4066 4139 3430 4417 
11056 3785 4097 3338 4282 
11057 3291 3558 4131 4249 
11058 719 1946 4096 4099 
11059 1667 3452 4270 4368 
11060 2655 2481 2579 4127 
11061 2614 4141 3684 4559 
11062 3492 4329 3557 4346 
11063 3557 4329 3481 4346 
11064 983 4015 161 4025 
11065 3405 3506 3631 4578 
11066 927 3545 104 3832 
11067 1181 3623 3819 4656 
11068 3371 3985 3817 4200 
11069 144 4229 3880 4768 
11070 2466 4339 4060 4702 
11071 3388 3728 3588 4115 
11072 424 3661 423 4198 
11073 3058 3924 3520 4777 
11074 2969 2931 2987 3585 
11075 3517 4308 4046 4595 
11076 3422 3677 3873 3939 
11077 1255 1803 1295 3654 
11078 2015 2030 3740 4072 
11079 3455 3317 4169 4172 
11080 3309 3840 3499 3977 
11081 3855 4015 983 4025 
11082 1823 1824 1856 4221 
11083 1500 1465 3794 3874 
11084 3380 4541 3556 4792 
11085 3323 4177 3657 4296 
11086 719 718 1946 4099 
11087 1508 3523 1523 4776 
11088 966 159 3829 4363 
11089 3757 3868 3456 4236 
11090 3431 3606 4389 4618 
11091 3336 3850 3627 3911 
11092 3402 3723 3952 4745 
11093 3337 3900 3474 4651 
11094 89 3850 3686 3911 
11095 3558 4113 3972 4645 
11096 3921 4313 3181 4654 
11097 3139 3505 3229 4134 
11098 3511 3761 3334 3966 
11099 4071 4089 3686 4683 
11100 1119 3492 1065 4231 
11101 3339 3668 3665 4615 
11102 3370 3665 3668 4615 
11103 1381 3604 1372 4432 
11104 3849 4334 3789 4362 
11105 2610 2609 3684 4023 
11106 2333 3706 4118 4245 
11107 1700 4029 3738 4531 
11108 1063 4232 3690 4367 
11109 1084 1126 3567 4421 
11110 3446 3973 3387 4447 
11111 3419 3795 3967 4321 
11112 2844 2988 2953 3720 
11113 3525 3675 3343 4343 
11114 911 901 882 4080 
11115 1721 1695 4022 4588 
11116 2359 1798 2268 3786 
11117 3382 3857 3460 4140 
11118 2725 2727 2726 3601 
11119 2079 3529 711 4246 
11120 2735 3556 4581 4626 
11121 2694 2782 3027 4575 
11122 2489 3515 1420 4130 
11123 2845 4032 2981 4564 
11124 3501 3975 3434 3997 
11125 3593 3772 3515 4728 
11126 2515 4074 3680 4773 
11127 2771 2770 3721 3781 
11128 3019 3555 3121 4165 
11129 3132 3944 3099 3980 
11130 3318 4298 3722 4513 
11131 3138 3957 3509 4444 
11132 884 3953 3936 4519 
11133 3377 3651 4162 4472 
11134 3403 4045 3740 4290 
11135 1176 3629 1144 4744 
11136 1798 3786 2359 4221 
11137 3291 3412 3504 4249 
11138 88 3686 4089 4683 
11139 3301 3691 4593 4673 
11140 3056 3058 3156 4147 
11141 4094 4291 1966 4484 
11142 2950 3670 2992 4003 
11143 2588 2538 2659 3912 
11144 2997 3644 3009 3670 
11145 3315 4408 3520 4556 
11146 2566 3563 2481 4127 
11147 2700 3759 3166 3821 
11148 2969 2961 3814 4256 
11149 4109 4650 3659 4699 
11150 3435 3703 3633 4063 
11151 3471 4107 1429 4534 
11152 2360 2266 3752 4504 
11153 159 3855 949 4533 
11154 3297 4001 4274 4739 
11155 2099 2047 4268 4664 
11156 3343 3934 3596 4048 
11157 626 4121 3448 4355 
11158 3239 3090 3815 4123 
11159 3298 3455 4172 4384 
11160 3805 3964 2329 4283 
11161 2767 3742 2826 4386 
11162 3443 4312 4127 4461 
11163 1831 4102 1828 4161 
11164 3332 3614 4049 4118 
11165 2721 3841 2751 4254 
11166 3282 3535 4057 4331 
11167 3508 4149 3687 4252 
11168 395 4020 1328 4156 
11169 2093 3547 3846 4706 
11170 3573 1247 4198 4610 
11171 2002 2033 4220 4755 
11172 3292 3923 3645 4493 
11173 3463 3945 3885 4556 
11174 2341 3527 4041 4182 
11175 1381 3927 3604 4432 
11176 1335 46 3729 4044 
11177 3636 3731 3318 4513 
11178 1000 2843 157 3626 
11179 2183 4118 3614 4245 
11180 3802 4235 3561 4715 
11181 1898 233 1923 4385 
11182 1257 3702 1268 4064 
11183 1159 1216 1236 3757 
11184 704 3531 3910 4771 
11185 2099 3615 2055 4664 
11186 1376 4357 3633 4446 
11187 1703 3637 4002 4091 
11188 3094 3251 3505 4326 
11189 3198 3263 3522 3798 
11190 3121 4078 3106 4216 
11191 3365 4512 3822 4586 
11192 4040 4636 3454 4697 
11193 1493 1523 4438 4498 
11194 3399 3853 3938 4167 
11195 1984 3914 1985 4304 
11196 2186 2184 2195 4334 
11197 3701 4235 3532 4772 
11198 3343 3796 4587 4648 
11199 1035 1127 1039 3713 
11200 2341 3527 4182 4369 
11201 3660 3973 3387 4506 
11202 3453 4099 4096 4437 
11203 494 1411 1401 3633 
11204 3657 3800 1582 4199 
11205 1691 1724 1723 4509 
11206 3555 3842 1734 4303 
11207 104 3958 3741 4073 
11208 2636 3633 2625 3895 
11209 3673 4350 3949 4360 
11210 3379 3799 3449 4599 
11211 3751 3930 1253 4639 
11212 97 4005 98 4174 
11213 3082 4577 4252 4663 
11214 1680 3530 4168 4693 
11215 2607 2606 4023 4537 
11216 2474 2317 2255 3501 
11217 3163 4077 3097 4210 
11218 157 923 138 3457 
11219 3377 4162 3655 4472 
11220 3260 3192 3567 4335 
11221 2934 3491 4402 4564 
11222 2332 3908 2198 4526 
11223 3530 3606 3374 4350 
11224 1417 485 3648 4263 
11225 3285 3730 3973 4380 
11226 3292 3640 3479 4215 
11227 3448 4121 3155 4326 
11228 2605 2602 4145 4596 
11229 3931 3943 1163 4499 
11230 3927 4034 3473 4503 
11231 472 1425 1423 1657 
11232 1023 4309 4232 4367 
11233 3506 3334 3966 4453 
11234 904 3884 876 3907 
11235 3601 3295 4490 4716 
11236 1774 1717 4308 4595 
11237 3315 3885 3704 4561 
11238 448 3565 3712 4106 
11239 1005 3942 193 4582 
11240 1954 3437 2069 3692 
11241 3292 3745 3479 4203 
11242 2436 3698 2171 4253 
11243 1478 1518 3540 3903 
11244 3187 3687 1016 4149 
11245 4021 4036 3283 4122 
11246 701 4030 3457 4071 
11247 2435 2177 2476 3786 
11248 2093 3846 3547 4344 
11249 702 3500 3457 4356 
11250 3138 3015 3509 4415 
11251 947 3766 961 3804 
11252 2896 3575 3869 4564 
11253 410 411 1343 3513 
11254 3284 3972 3558 4113 
11255 707 3707 2084 4026 
11256 3348 4118 3614 4579 
11257 3923 4215 3388 4493 
11258 3401 3793 3612 4014 
11259 3300 3693 4295 4359 
11260 2359 2149 1798 4221 
11261 1651 1770 4092 4410 
11262 241 3910 705 4011 
11263 2949 3635 2922 3951 
11264 4085 4153 3888 4585 
11265 2877 3720 2904 4402 
11266 1203 1200 1169 4699 
11267 192 193 3942 4721 
11268 3416 4076 3464 4287 
11269 3318 3731 3636 3889 
11270 192 193 1005 3942 
11271 3666 3698 3346 3968 
11272 202 201 3479 4476 
11273 3417 4205 3785 4588 
11274 1712 3605 1779 4248 
11275 3815 3875 3658 4205 
11276 92 3744 93 3984 
11277 3762 4169 1983 4304 
11278 3122 3523 4111 4776 
11279 3566 4038 2231 4112 
11280 2574 3700 2526 3989 
11281 3104 3207 3213 4128 
11282 95 3469 929 3890 
11283 98 904 885 3907 
11284 3559 4157 3493 4529 
11285 4163 4321 3967 4670 
11286 2741 2779 3490 4575 
11287 3475 4002 3637 4240 
11288 138 14 157 3626 
11289 2182 2183 3614 4245 
11290 1401 2619 493 494 
11291 3483 3830 3427 3982 
11292 3485 3829 954 4319 
11293 3404 3947 3634 4750 
11294 1640 1749 1390 3656 
11295 1857 3780 3979 4369 
11296 3317 3660 3536 3892 
11297 3128 3592 3072 4372 
11298 416 3561 4235 4715 
11299 1936 3457 702 4180 
11300 1041 3813 219 3908 
11301 2672 2571 3269 3912 
11302 710 3613 4246 4742 
11303 1386 1382 481 3810 
11304 3067 3631 3065 4518 
11305 3469 3577 3882 4436 
11306 3664 3893 3453 4280 
11307 1695 3578 4022 4588 
11308 4187 4238 3588 4682 
11309 3557 4213 3492 4421 
11310 150 3524 151 4159 
11311 701 3457 4030 4356 
11312 3292 3479 3776 4203 
11313 3284 3972 4113 4645 
11314 1970 3689 2054 4072 
11315 3687 4149 3136 4252 
11316 240 1932 1905 4597 
11317 3445 3326 3905 4157 
11318 2700 3218 2781 3821 
11319 1674 1673 1672 4494 
11320 3312 3843 3547 4293 
11321 3834 3314 4731 4774 
11322 1474 1473 1475 4247 
11323 2359 2309 2149 3789 
11324 3396 3587 3905 4584 
11325 466 465 1345 3695 
11326 2020 3503 2038 3845 
11327 3520 3977 3954 4777 
11328 2313 3922 2394 4759 
11329 1286 424 423 4778 
11330 235 3612 236 4014 
11331 2254 3824 2479 4692 
11332 2178 3774 3773 4710 
11333 3476 4019 3590 4467 
11334 4293 4584 3445 4629 
11335 3482 3926 3919 4206 
11336 430 3622 3986 4214 
11337 1542 3950 1497 4483 
11338 1100 3522 3064 4116 
11339 3379 4027 3799 4599 
11340 980 153 4195 4524 
11341 3529 3299 3790 4257 
11342 3157 3061 4372 4378 
11343 3398 4269 4070 4469 
11344 3316 3586 3488 3974 
11345 4144 4272 3371 4349 
11346 3834 3526 3938 4567 
11347 1796 4531 3925 4740 
11348 3374 3826 3606 4389 
11349 3374 3735 3530 4711 
11350 2922 3951 3635 4053 
11351 2673 4328 3496 4559 
11352 2213 2210 3732 3787 
11353 3783 3797 1630 4628 
11354 3307 3516 3916 4606 
11355 3450 4134 4128 4549 
11356 3389 4007 2357 4379 
11357 3413 3658 3605 4248 
11358 2422 3932 2296 4651 
11359 1256 197 1269 3733 
11360 3115 4100 3590 4467 
11361 3128 3620 3204 3992 
11362 3467 4337 2594 4507 
11363 1462 3874 1464 4276 
11364 3337 3638 3838 4634 
11365 2655 2579 2675 4127 
11366 2771 2777 2740 4136 
11367 2515 2513 3680 4074 
11368 3780 4399 3462 4788 
11369 3337 3838 3837 4651 
11370 2209 4352 3672 4736 
11371 3381 3722 3363 4203 
11372 3606 3735 3374 4219 
11373 2228 2229 2230 3624 
11374 710 709 3613 4742 
11375 2182 3724 3614 4340 
11376 2583 3887 2623 4058 
11377 3599 4024 3288 4349 
11378 2229 3472 2231 4038 
11379 2734 2741 2732 4222 
11380 2605 4145 3609 4596 
11381 3300 3869 3493 4157 
11382 3373 4091 3918 4306 
11383 1633 3783 1606 4628 
11384 2632 4140 3840 4424 
11385 2787 2789 4031 4571 
11386 2927 2958 3492 4329 
11387 3965 3998 2816 4581 
11388 3378 3839 3663 4342 
11389 3329 3937 3719 4442 
11390 3558 3972 3324 4352 
11391 2955 2927 2958 3492 
11392 2327 2176 3510 4675 
11393 3312 4010 3763 4104 
11394 3452 4056 3394 4138 
11395 1158 3465 3931 4425 
11396 2644 4337 576 4507 
11397 2385 2453 2389 4431 
11398 3530 1694 4084 4733 
11399 4255 4259 3447 4497 
11400 2733 3556 2734 4222 
11401 985 966 3829 4363 
11402 1857 1851 3780 4369 
11403 3127 3995 3992 4210 
11404 3045 1088 3187 3687 
11405 3222 3658 3815 4147 
11406 1388 810 1387 4432 
11407 1974 1972 3994 4094 
11408 3325 3570 4051 4232 
11409 3574 4321 4299 4532 
11410 3319 3765 3564 4465 
11411 3781 4581 3556 4626 
11412 3391 4001 3565 4042 
11413 3311 3565 4001 4042 
11414 1532 2364 1449 4000 
11415 3639 3298 4204 4724 
11416 3794 4006 3438 4300 
11417 3297 3860 3817 4338 
11418 3828 4010 2009 4706 
11419 892 1144 1175 4155 
11420 425 3661 4012 4735 
11421 3472 2231 4038 4112 
11422 3288 4164 4108 4762 
11423 398 3915 1859 4399 
11424 3906 1495 4498 4776 
11425 3747 3840 3460 4424 
11426 3927 4562 4503 4569 
11427 2800 2763 2798 3759 
11428 3422 3672 3972 4352 
11429 2783 3630 3131 4128 
11430 3315 4147 3520 4408 
11431 3511 3966 3334 4453 
11432 3371 4338 4024 4655 
11433 140 139 3832 3976 
11434 3138 3509 3079 4284 
11435 2734 3818 3556 4626 
11436 3324 3972 3672 4352 
11437 382 4354 3900 4718 
11438 3350 3523 4284 4302 
11439 980 154 3902 4524 
11440 1282 1549 3991 4247 
11441 1681 3933 3530 4693 
11442 3244 4419 4100 4467 
11443 3368 3960 3898 4495 
11444 2931 2969 2932 3567 
11445 3341 3709 4327 4454 
11446 711 3529 712 3879 
11447 4129 4637 3295 4669 
11448 1484 3975 1482 4080 
11449 1606 3783 1630 4628 
11450 3376 3655 3651 4396 
11451 3763 4010 3428 4104 
11452 1108 1045 1084 3585 
11453 3313 3707 3628 4026 
11454 1870 1850 3861 4619 
11455 3418 4181 3675 4728 
11456 3622 4214 47 4782 
11457 2068 2098 1949 4353 
11458 2424 2126 1190 3711 
11459 3621 4065 3562 4482 
11460 3374 4219 3580 4389 
11461 2809 3471 2766 4534 
11462 3325 3690 4309 4749 
11463 3284 3558 3851 4113 
11464 2436 2171 3698 4515 
11465 3426 4178 4058 4281 
11466 2470 4207 3711 4504 
11467 3299 3544 3790 4657 
11468 2733 2730 3871 4222 
11469 720 2069 721 3437 
11470 3155 3448 4326 4410 
11471 3290 3784 4360 4451 
11472 3438 4006 3978 4300 
11473 3978 4006 3439 4300 
11474 3019 3555 1750 4303 
11475 3294 3905 3587 4584 
11476 3178 3263 3798 4116 
11477 447 3565 448 4423 
11478 3424 3790 3544 4657 
11479 3863 3901 1726 4711 
11480 3330 4096 3453 4280 
11481 3033 3221 2553 3912 
11482 3726 4011 3514 4553 
11483 4020 4036 455 4528 
11484 2164 3528 2170 4721 
11485 1811 1845 2396 4790 
11486 3941 3969 3454 4373 
11487 3499 4066 2650 4496 
11488 2229 2352 2231 3472 
11489 3410 3778 3535 4181 
11490 1726 3901 3863 4681 
11491 2315 4234 3534 4651 
11492 3475 2511 4317 4602 
11493 2596 4337 4281 4752 
11494 156 3500 4180 4485 
11495 3458 4180 3500 4485 
11496 1464 3874 1467 4276 
11497 3276 3791 3120 4627 
11498 3568 3331 3770 4223 
11499 3277 4077 3204 4317 
11500 2065 1946 2092 4096 
11501 3593 3989 3695 4392 
11502 3146 3607 3147 4518 
11503 3053 2941 3982 4039 
11504 3284 4223 4113 4576 
11505 2034 4220 3866 4679 
11506 716 3693 1933 4322 
11507 2719 2721 2718 3966 
11508 3667 4403 3526 4433 
11509 3544 3424 4398 4623 
11510 4020 4021 397 4036 
11511 3486 4132 4381 4643 
11512 2865 3486 2866 4381 
11513 3805 3991 3434 4635 
11514 2735 3556 2733 4581 
11515 1663 3765 3918 4766 
11516 2234 2247 2350 3696 
11517 140 3832 3574 3976 
11518 896 883 100 4310 
11519 2206 2181 2400 4767 
11520 2380 3546 2457 4604 
11521 3578 3338 4097 4311 
11522 448 3712 1312 4106 
11523 4213 4335 3492 4421 
11524 3434 4635 4247 4717 
11525 3860 4503 3608 4641 
11526 3920 4330 4315 4646 
11527 2929 3880 2978 4443 
11528 1467 4276 3477 4411 
11529 1564 392 1627 4647 
11530 3426 3753 3887 4727 
11531 3470 3844 3326 4629 
11532 3635 3951 3326 4053 
11533 1068 4313 231 4654 
11534 1655 622 1756 4323 
11535 3293 3640 4115 4789 
11536 3122 4111 3028 4776 
11537 1399 3473 439 4316 
11538 2334 3899 3897 4294 
11539 1140 919 1233 3868 
11540 1825 3876 3701 4434 
11541 2359 4221 3786 4502 
11542 3380 4423 3734 4671 
11543 3401 3793 4014 4201 
11544 3000 3009 2997 3644 
11545 2457 2392 2409 4680 
11546 2874 2934 3491 4402 
11547 3066 3155 4121 4326 
11548 3356 3991 3805 4635 
11549 3329 3937 3632 4301 
11550 3486 4125 3329 4391 
11551 3794 3950 1498 4707 
11552 3378 3577 3839 4342 
11553 1531 2797 1443 3727 
11554 3650 2791 4144 4613 
11555 3065 3631 3153 3862 
11556 2874 2872 2873 4008 
11557 3778 4181 3410 4611 
11558 1671 1695 3578 4022 
11559 1509 1522 1472 3766 
11560 3663 3689 3378 4484 
11561 3149 3153 3631 3760 
11562 1947 4054 3531 4266 
11563 2109 2172 2123 3507 
11564 3649 3768 1057 4632 
11565 2743 2742 2745 3518 
11566 2046 3548 1974 4304 
11567 2894 4505 2890 4580 
11568 3558 4352 3732 4645 
11569 3306 3615 3581 4004 
11570 2154 2390 3904 4642 
11571 960 992 1001 3005 
11572 2080 709 708 3613 
11573 3581 3615 3306 4268 
11574 3860 4552 4503 4641 
11575 2961 3001 3814 4256 
11576 1797 4429 3865 4653 
11577 3313 3660 3536 4449 
11578 2081 3866 3553 4679 
11579 3604 3633 3322 4357 
11580 2569 2481 2566 3563 
11581 3638 4161 3838 4634 
11582 483 482 3636 4190 
11583 3625 3323 3797 4622 
11584 3621 4290 2122 4482 
11585 204 211 1014 4415 
11586 1605 2368 2145 3657 
11587 2343 3783 4196 4614 
11588 3709 4057 3535 4331 
11589 3854 4731 3314 4774 
11590 476 475 1350 4448 
11591 3840 4140 3460 4424 
11592 3450 3834 4572 4731 
11593 3140 3259 3007 3814 
11594 3047 3195 2842 3798 
11595 3740 4072 3414 4173 
11596 2281 3922 3668 4698 
11597 3499 3883 3430 4066 
11598 3406 3719 3522 4105 
11599 3576 4123 3237 4282 
11600 2594 4166 2595 4281 
11601 2053 4026 3536 4220 
11602 816 3569 3223 4226 
11603 3850 3929 3340 4261 
11604 472 3512 1341 4206 
11605 3498 3641 3308 4288 
11606 908 1150 1188 3907 
11607 2714 2717 2716 3511 
11608 1977 1973 3994 4755 
11609 2154 2431 2390 4642 
11610 3339 3780 4182 4369 
11611 2354 3767 3681 4228 
11612 3533 4459 2007 4460 
11613 708 3628 4026 4101 
11614 3447 4367 3687 4475 
11615 3380 3998 4423 4671 
11616 3309 3954 3520 3977 
11617 2726 2725 3601 4224 
11618 2080 3613 708 4026 
11619 1070 1025 1113 3670 
11620 2529 4124 3563 4312 
11621 3564 3452 3765 4368 
11622 2723 4070 2724 4469 
11623 3862 4121 3448 4326 
11624 467 3515 3989 4395 
11625 3819 3850 89 3929 
11626 3600 3656 3319 4668 
11627 3305 3684 3494 4746 
11628 3587 4067 3294 4584 
11629 952 1034 979 3766 
11630 3739 4171 3391 4274 
11631 2540 407 1299 3716 
11632 3190 2828 3921 4179 
11633 3685 4609 4413 4774 
11634 3552 4120 4201 4422 
11635 1864 1826 1800 4434 
11636 3624 2353 4217 4228 
11637 1390 1640 3656 4638 
11638 3481 4553 240 4713 
11639 3299 3790 3544 4374 
11640 2965 2968 980 3902 
11641 3629 4430 3364 4697 
11642 3811 4005 3320 4174 
11643 3326 3493 3669 4157 
11644 3319 3656 3600 3935 
11645 1383 1637 1784 4059 
11646 1851 2375 2163 3780 
11647 3201 1754 1638 3987 
11648 1021 1066 3718 3894 
11649 1581 1283 378 3800 
11650 2698 3650 814 4613 
11651 2633 4066 2650 4141 
11652 3409 3888 4085 4153 
11653 3954 3977 3883 4777 
11654 3493 3326 3669 4053 
11655 1016 3687 1139 4149 
11656 3618 4306 3441 4658 
11657 3893 4359 3300 4670 
11658 3941 4388 3454 4636 
11659 442 3946 4279 4595 
11660 4299 4321 3551 4532 
11661 3605 3875 3315 4368 
11662 1055 1057 3649 4662 
11663 3434 3359 4012 4717 
11664 3251 3139 3094 3505 
11665 3217 3237 3576 4123 
11666 1489 4498 1490 4786 
11667 3290 3606 4175 4418 
11668 3003 2994 2836 4256 
11669 2315 2422 2296 4651 
11670 2241 4636 3941 4783 
11671 3319 4056 3600 4668 
11672 3758 4164 3395 4418 
11673 2941 3193 2839 4039 
11674 3311 3734 3565 4042 
11675 1598 1239 1262 3702 
11676 3239 3124 3134 4123 
11677 3643 3810 3384 4289 
11678 2955 2927 3492 4208 
11679 3123 3124 3228 3785 
11680 3473 3927 4503 4569 
11681 3688 4404 4464 4547 
11682 3599 4097 3338 4311 
11683 3537 3344 3988 4229 
11684 3314 3938 3853 4167 
11685 3582 400 3960 4399 
11686 1761 1700 1704 4029 
11687 1927 3666 219 4784 
11688 3432 3582 4688 4726 
11689 3486 4125 3632 4301 
11690 3369 3908 3824 4526 
11691 422 4150 3573 4198 
11692 2970 208 2837 3795 
11693 3635 3406 3951 4179 
11694 2235 3681 4217 4228 
11695 3947 4087 3478 4131 
11696 887 880 95 4538 
11697 3301 4029 4611 4673 
11698 2470 4504 3711 4753 
11699 3570 4163 3491 4670 
11700 980 4195 154 4524 
11701 2431 3774 2390 4642 
11702 3562 1966 4094 4291 
11703 3116 3590 3115 4100 
11704 3319 4138 3452 4465 
11705 1675 3735 4494 4711 
11706 415 3701 4235 4555 
11707 3155 4121 3448 4410 
11708 1639 442 441 1415 
11709 1663 3918 1660 4766 
11710 2881 3952 3723 4729 
11711 3404 4087 3947 4608 
11712 2241 3941 2269 4783 
11713 1648 1750 3019 4165 
11714 463 464 3962 4392 
11715 3367 3802 3614 4133 
11716 3099 3508 3944 4480 
11717 2706 1418 2823 3748 
11718 3386 3959 3526 4669 
11719 1910 244 245 4180 
11720 2239 2247 2234 3696 
11721 3543 3421 4211 4225 
11722 1168 4551 3984 4650 
11723 3371 4272 4144 4558 
11724 3289 3477 3745 4085 
11725 2416 1836 3655 4013 
11726 3395 4019 3590 4164 
11727 395 1328 394 4156 
11728 3470 4105 232 4385 
11729 1816 1815 4399 4788 
11730 3684 4023 3382 4141 
11731 453 3896 3611 4463 
11732 3496 4083 4470 4686 
11733 3560 3724 3332 4245 
11734 3311 3721 3565 4423 
11735 2067 3692 2091 4268 
11736 1159 1230 1160 3757 
11737 3539 3990 3291 4748 
11738 4098 4374 3310 4665 
11739 2970 2910 2988 3864 
11740 2729 3871 2730 3981 
11741 1703 3637 1706 4002 
11742 3483 4414 1049 4687 
11743 3507 3616 3352 4703 
11744 2433 2391 4126 4492 
11745 3719 3951 2879 4301 
11746 2692 3216 3017 4031 
11747 3078 3018 3077 3603 
11748 2492 2524 2554 3496 
11749 3639 4261 3298 4489 
11750 3029 2793 3229 4082 
11751 2604 3609 2606 4537 
11752 379 3771 3682 4540 
11753 3532 3367 3654 4235 
11754 997 1557 1129 3766 
11755 2281 3668 3922 4759 
11756 2878 3937 2918 4301 
11757 3301 3778 3691 4673 
11758 991 4025 3804 4533 
11759 3387 3961 3446 4447 
11760 3317 3660 3892 4158 
11761 1961 3581 3848 4268 
11762 3688 3878 1076 4662 
11763 1386 3497 1409 4616 
11764 3374 3530 4168 4711 
11765 2046 3548 4304 4491 
11766 140 3976 3574 4239 
11767 1656 1752 4092 4413 
11768 2735 2769 3781 4581 
11769 3576 4097 3480 4123 
11770 707 3707 3628 4597 
11771 2300 3638 2410 3837 
11772 3380 4423 3998 4541 
11773 2457 3886 2204 4604 
11774 910 919 1140 3868 
11775 2424 2273 3711 4379 
11776 4400 4555 3512 4719 
11777 3325 3449 3799 4427 
11778 2937 3793 2851 3996 
11779 1447 4119 1481 4760 
11780 2715 2713 2714 4325 
11781 3354 3969 3941 4373 
11782 3053 3193 2941 4039 
11783 3335 3744 3461 4535 
11784 3365 3825 4512 4586 
11785 3602 4195 153 4524 
11786 1613 1618 1589 4150 
11787 45 392 4560 4647 
11788 3675 4587 3327 4648 
11789 88 3457 3686 4683 
11790 2553 3269 2571 3912 
11791 3064 3263 3177 4116 
11792 3490 3420 4222 4792 
11793 4110 4414 1104 4477 
11794 2675 4127 3563 4461 
11795 973 151 970 4159 
11796 3543 4211 3601 4225 
11797 2391 2238 3659 4228 
11798 2332 3824 2198 3908 
11799 2213 3478 2336 3787 
11800 2934 4402 3967 4564 
11801 3494 3550 4746 4765 
11802 3559 3844 3326 4055 
11803 3677 3331 3873 4781 
11804 3612 3793 3401 3996 
11805 1054 1076 3878 4662 
11806 382 1308 381 4649 
11807 3420 3938 3466 4716 
11808 3593 3418 3989 4392 
11809 3133 3087 3715 4139 
11810 3035 3521 3243 4663 
11811 2806 3759 2700 3821 
11812 2291 2402 3646 4396 
11813 2309 4221 2359 4502 
11814 2476 2359 3786 4502 
11815 3322 4562 3596 4569 
11816 2723 2749 2767 4469 
11817 3312 3547 3843 4631 
11818 3315 3815 4408 4594 
11819 1834 1850 3654 3861 
11820 2391 3659 2355 4228 
11821 1282 1289 1549 4247 
11822 3375 4436 4104 4576 
11823 1391 482 4093 4190 
11824 3362 3907 3468 4174 
11825 3782 4470 4083 4686 
11826 3413 4568 3924 4695 
11827 2846 3644 2997 3670 
11828 2794 2791 2705 3792 
11829 2874 3491 2898 4564 
11830 104 927 105 3545 
11831 3298 4261 4172 4738 
11832 3584 4028 3514 4667 
11833 1742 4092 1752 4413 
11834 2708 4242 4128 4549 
11835 2327 3510 4283 4675 
11836 3363 4093 3497 4143 
11837 3297 4338 3817 4655 
11838 3623 3340 4339 4489 
11839 3833 4096 3330 4460 
11840 1950 3536 2053 4026 
11841 3334 3862 3631 4153 
11842 3842 4332 1741 4433 
11843 2076 4152 3541 4173 
11844 3346 3741 4345 4697 
11845 3146 3068 3148 4444 
11846 2333 4118 2183 4245 
11847 2912 2861 2881 3723 
11848 438 4034 3927 4432 
11849 3186 3982 3214 4687 
11850 2628 2609 3494 4461 
11851 3178 3798 3274 4605 
11852 3399 3938 3853 4451 
11853 3490 4175 3853 4792 
11854 3326 3905 3669 4591 
11855 3449 3671 3379 4598 
11856 3451 3908 3813 4456 
11857 2466 2250 4060 4339 
11858 3855 4081 3439 4488 
11859 447 1315 3712 4037 
11860 3165 3038 1518 3540 
11861 3503 3352 3845 4384 
11862 810 4432 3604 4720 
11863 2042 3562 1966 4094 
11864 2147 1447 1513 4119 
11865 1191 3884 1213 4793 
11866 3590 3338 4100 4282 
11867 2979 2978 2929 3880 
11868 1928 244 4180 4390 
11869 3335 3461 4126 4535 
11870 156 3457 3500 3686 
11871 3957 4121 3409 4518 
11872 2227 3939 2472 4160 
11873 3429 4070 3841 4737 
11874 2020 4431 3503 4763 
11875 3291 4131 3412 4249 
11876 1664 1663 3765 4368 
11877 3884 883 4155 4310 
11878 46 3729 3586 3974 
11879 3612 4039 3231 4110 
11880 2602 491 4145 4596 
11881 3523 4302 3388 4498 
11882 2310 3831 3849 4502 
11883 1734 3842 3555 4756 
11884 3294 4067 3572 4584 
11885 3388 3923 3595 4215 
11886 3422 4352 3972 4645 
11887 3906 4258 1495 4776 
11888 2259 3774 2178 4710 
11889 2873 3799 2895 4008 
11890 463 3962 3676 4392 
11891 1928 244 702 4180 
11892 2594 2662 4166 4507 
11893 3896 3949 3357 4387 
11894 2900 2917 3697 4292 
11895 3662 4046 1746 4595 
11896 3387 3890 150 3961 
11897 1125 4347 3878 4367 
11898 2325 3706 2134 4166 
11899 3998 4423 3781 4541 
11900 89 902 3819 3929 
11901 3363 4093 4081 4190 
11902 468 3515 467 4395 
11903 3623 4339 4060 4489 
11904 1744 3735 1679 4084 
11905 3345 3855 3645 4076 
11906 2748 4062 3505 4082 
11907 2483 2577 2557 3962 
11908 1690 3863 3662 4681 
11909 1158 3465 4425 4721 
11910 232 4191 231 4313 
11911 3251 3229 3139 3505 
11912 2899 2976 2916 4381 
11913 3613 4026 3628 4101 
11914 2284 3743 2312 3913 
11915 155 3911 3500 4486 
11916 1723 1691 3549 4494 
11917 3699 3468 3752 4753 
11918 3030 3223 3569 4226 
11919 3413 3597 4561 4568 
11920 3432 4688 3642 4726 
11921 3371 3650 4144 4349 
11922 141 4142 3664 4239 
11923 1968 4094 1966 4484 
11924 3300 4359 4351 4670 
11925 130 884 3936 4519 
11926 2651 3912 4417 4559 
11927 3461 3714 3340 4551 
11928 2170 4253 4318 4721 
11929 3084 3030 3569 4226 
11930 3345 4017 3464 4076 
11931 2507 2555 3786 4230 
11932 414 1341 472 3512 
11933 3460 4140 3857 4341 
11934 1700 3738 3618 4306 
11935 2703 1546 2795 3742 
11936 447 3734 3565 4423 
11937 3577 3328 3873 4781 
11938 3661 3827 3368 4198 
11939 412 1806 1864 3652 
11940 2489 2552 2574 3515 
11941 223 3574 3718 4299 
11942 1841 3979 1838 4369 
11943 2964 2908 3902 4273 
11944 3148 3275 3540 4444 
11945 1933 716 717 3693 
11946 1181 3819 1184 4656 
11947 1050 4003 1138 4794 
11948 1564 1595 3788 4647 
11949 3506 3760 3334 4453 
11950 2011 3581 2383 3968 
11951 2134 3706 2430 4058 
11952 1072 3718 3768 4299 
11953 2437 3898 2261 4522 
11954 1957 2154 3904 4642 
11955 3535 3301 3691 4587 
11956 2591 2656 2637 3569 
11957 406 1344 405 4769 
11958 3421 4490 4225 4637 
11959 3325 4232 4051 4309 
11960 3592 3992 3620 4372 
11961 3611 3421 4225 4637 
11962 1237 3751 1253 4639 
11963 3931 3943 3364 4515 
11964 3334 3505 4062 4082 
11965 2401 2367 1585 4050 
11966 224 1921 720 3664 
11967 2123 3507 2172 4265 
11968 3924 4568 3341 4695 
11969 3658 3815 3315 3875 
11970 2549 2177 2435 3786 
11971 4002 4091 3637 4262 
11972 3635 3713 3406 4179 
11973 3224 3147 3146 3607 
11974 3106 4078 3854 4791 
11975 1812 3823 1876 4033 
11976 1857 1818 1873 3915 
11977 3281 3589 3683 4103 
11978 2243 2274 2275 3968 
11979 394 395 3665 3725 
11980 3516 3795 4146 4789 
11981 3334 4186 3519 4435 
11982 3595 4276 1499 4411 
11983 1133 2468 1551 4000 
11984 3598 4161 3838 4757 
11985 3497 4093 3363 4190 
11986 2845 4032 4564 4725 
11987 2262 3898 2191 4184 
11988 3329 3632 4125 4301 
11989 1830 1881 1853 3655 
11990 3027 3131 2694 3630 
11991 2980 2896 3575 3869 
11992 1993 3843 3539 4678 
11993 901 867 909 3777 
11994 3300 3893 3705 4359 
11995 1746 1674 1672 4046 
11996 1401 3633 477 4063 
11997 3210 3174 3175 4027 
11998 3485 3955 3464 4017 
11999 3345 3588 4017 4493 
12000 3688 3361 4404 4547 
12001 1994 3990 3539 4416 
12002 2302 2304 4009 4365 
12003 207 3464 3970 4287 
12004 2115 3621 4065 4194 
12005 3058 3924 3156 4147 
12006 1350 4048 3484 4448 
12007 3398 3841 3794 3950 
12008 3339 3979 3780 4369 
12009 3668 3788 3370 3922 
12010 1610 4383 3573 4543 
12011 3480 4123 4097 4594 
12012 2142 3527 2341 4369 
12013 1077 1089 1076 4149 
12014 2524 3496 2492 4371 
12015 2594 4166 3467 4507 
12016 1073 3649 1059 4632 
12017 3755 3827 1286 4778 
12018 2046 4304 3914 4491 
12019 2145 2368 2475 3657 
12020 3582 4021 3283 4122 
12021 2732 2779 2731 4222 
12022 2246 4364 4004 4664 
12023 1138 1025 3670 4003 
12024 2233 2231 3566 4038 
12025 1191 4379 3884 4793 
12026 2745 2743 3518 4536 
12027 1784 4059 1637 4473 
12028 3381 3363 3776 4203 
12029 3157 4372 3592 4378 
12030 1879 1800 1826 4434 
12031 3308 4299 3574 4321 
12032 3491 3325 4163 4351 
12033 159 433 3855 4081 
12034 3568 4113 3873 4223 
12035 131 325 3733 4717 
12036 2203 2314 2202 3753 
12037 3565 3391 4042 4171 
12038 3299 4374 3544 4665 
12039 3476 4467 3791 4627 
12040 3468 3884 3389 4310 
12041 3350 3859 4115 4302 
12042 1808 1851 2163 3780 
12043 888 93 3744 3984 
12044 395 4021 4020 4156 
12045 1948 3562 2112 4482 
12046 3377 3527 4041 4754 
12047 219 3908 3813 4784 
12048 3176 1022 1097 3980 
12049 233 3522 4105 4313 
12050 3559 3693 3300 4157 
12051 3466 3938 3834 3959 
12052 3046 4121 3049 4518 
12053 973 970 2972 4159 
12054 237 4110 1104 4477 
12055 1488 1490 1491 3588 
12056 3439 4081 4006 4488 
12057 867 909 3777 4512 
12058 1603 1598 1262 3702 
12059 3388 3523 4115 4302 
12060 3523 3350 4115 4302 
12061 240 4011 706 4597 
12062 3463 3885 3704 4556 
12063 1243 1286 1274 3755 
12064 1704 4029 1700 4531 
12065 2892 2891 2889 3557 
12066 3546 3886 3716 4218 
12067 238 4414 4137 4477 
12068 961 3894 953 4319 
12069 1143 877 3907 3993 
12070 1634 3922 3788 4285 
12071 3604 811 3895 4446 
12072 1947 3531 2064 4266 
12073 3384 3810 3643 4646 
12074 1555 1121 1534 3775 
12075 3513 3695 3593 4395 
12076 1029 1041 219 3908 
12077 3361 3916 3688 4404 
12078 1298 3816 3802 4314 
12079 2654 3887 3806 4730 
12080 3319 3765 4056 4668 
12081 3311 4389 3580 4655 
12082 3243 3035 3246 3521 
12083 1838 1840 1839 4033 
12084 3149 3759 3022 3760 
12085 1138 1050 1047 4003 
12086 3310 3828 3663 3866 
12087 3383 3744 3659 4109 
12088 3534 4133 3367 4767 
12089 3466 4455 3420 4716 
12090 3282 3796 3717 4587 
12091 3478 4087 3558 4131 
12092 3731 4358 3889 4566 
12093 3795 4288 3967 4321 
12094 3447 4367 4255 4497 
12095 3273 3449 3172 4598 
12096 2965 2968 3902 4524 
12097 209 1013 202 3746 
12098 1013 210 203 3746 
12099 3178 4116 3798 4605 
12100 3950 4386 1498 4707 
12101 2919 2948 2842 3921 
12102 3239 3815 3145 4205 
12103 1555 3261 1121 3775 
12104 3659 4126 2391 4492 
12105 2275 3581 2399 4004 
12106 454 455 3736 4020 
12107 2360 2358 2214 3583 
12108 3601 3384 4225 4652 
12109 3306 3679 4500 4708 
12110 2714 2760 2717 4062 
12111 1063 3690 4347 4367 
12112 3702 3370 3743 4064 
12113 3596 3927 1384 3935 
12114 3496 4371 2524 4470 
12115 3063 3214 2952 4208 
12116 2084 706 2074 3707 
12117 3636 3889 4358 4566 
12118 3217 3576 3237 4250 
12119 4023 4341 2607 4537 
12120 3360 3792 3791 4467 
12121 95 3803 96 3993 
12122 3659 4109 3744 4650 
12123 704 3910 4390 4771 
12124 3886 3887 3753 4727 
12125 3384 3643 3920 4646 
12126 3510 4012 3661 4635 
12127 3562 4065 3877 4233 
12128 966 159 949 3829 
12129 3640 3388 4115 4302 
12130 3314 3938 4167 4567 
12131 3304 3746 3509 3859 
12132 3157 3072 3592 4372 
12133 3282 3704 4057 4401 
12134 3309 3977 3520 4556 
12135 408 3695 1345 4769 
12136 3304 3479 3745 4585 
12137 1872 1845 1811 4790 
12138 3479 3776 4203 4585 
12139 482 483 1391 4093 
12140 2038 2020 2060 4431 
12141 3368 4198 3827 4778 
12142 4503 4562 3608 4569 
12143 3636 3889 3731 4358 
12144 2552 3515 2489 4130 
12145 1417 485 486 3648 
12146 3716 3974 3488 4769 
12147 2474 2317 3501 4452 
12148 956 957 989 3641 
12149 3325 4008 3491 4402 
12150 1703 1707 3637 4091 
12151 1567 1588 1587 3573 
12152 90 89 3850 3929 
12153 3276 3257 3162 3791 
12154 2206 2400 4234 4767 
12155 3411 4198 4150 4333 
12156 1323 4095 4090 4560 
12157 3605 4368 3315 4561 
12158 1180 1194 1182 3678 
12159 3594 4050 1585 4612 
12160 3452 3885 3564 4465 
12161 3542 3808 3313 4192 
12162 386 4370 3739 4757 
12163 1047 3585 1108 4003 
12164 3490 3836 3630 4575 
12165 1816 4399 3780 4788 
12166 3186 3214 3234 4687 
12167 1436 1518 3038 4258 
12168 1625 1252 1283 3751 
12169 1535 4111 3775 4438 
12170 2393 1863 2138 4102 
12171 2859 3552 2860 4292 
12172 2394 1565 2144 3769 
12173 3338 3764 3549 4022 
12174 1689 1741 4332 4433 
12175 448 3565 4106 4423 
12176 1594 3769 3891 4543 
12177 2639 4023 4140 4341 
12178 1070 3670 1115 4794 
12179 3636 4358 3731 4513 
12180 3329 3719 3522 4442 
12181 3361 4115 3916 4404 
12182 3413 4147 3658 4659 
12183 442 4279 1777 4595 
12184 2861 3723 2912 3963 
12185 3561 4555 4400 4719 
12186 3810 3920 3643 4646 
12187 94 3961 3469 4088 
12188 2254 2479 2179 4692 
12189 3836 4222 3420 4455 
12190 1255 415 1290 3701 
12191 2500 4127 3917 4312 
12192 1676 3863 1726 4711 
12193 1417 3648 1541 4263 
12194 2940 2938 4027 4487 
12195 3600 4056 1692 4668 
12196 3284 3873 3577 3877 
12197 2847 2963 2969 3567 
12198 2515 3680 2517 4773 
12199 3604 3895 3633 4446 
12200 3057 3056 3520 4777 
12201 3411 3897 3661 4624 
12202 3346 4345 3679 4697 
12203 1220 4492 3461 4650 
12204 3501 3434 3975 4717 
12205 2719 2721 3966 4070 
12206 2927 2891 2958 4329 
12207 3317 3973 3762 4151 
12208 3441 3765 3656 4766 
12209 444 4171 4114 4279 
12210 3973 4158 3446 4506 
12211 3371 4144 3650 4558 
12212 2171 4318 4253 4515 
12213 3519 4135 3511 4435 
12214 2327 4283 2193 4675 
12215 2874 3491 4008 4402 
12216 2896 2872 2874 3869 
12217 1209 1156 2127 4492 
12218 1690 1674 1746 3662 
12219 241 242 3514 4674 
12220 2331 3594 2401 4573 
12221 2639 2607 4023 4341 
12222 1399 3935 3473 4316 
12223 1961 3581 2011 3968 
12224 2437 2260 3898 3899 
12225 1522 1445 3766 4069 
12226 157 3626 2843 4485 
12227 3941 3969 3389 4783 
12228 3243 4577 3082 4663 
12229 1066 1060 1057 4632 
12230 2177 2543 2461 3831 
12231 3566 4204 3298 4384 
12232 243 4180 244 4390 
12233 1735 1682 3673 4148 
12234 1193 4089 3456 4684 
12235 3570 4359 4163 4670 
12236 1240 4162 3823 4530 
12237 3583 3752 3320 4209 
12238 3444 3716 3886 4218 
12239 3440 3466 3959 4224 
12240 2891 3557 2892 4213 
12241 1880 3638 1831 4161 
12242 1125 3878 3687 4367 
12243 1957 4642 3904 4763 
12244 1635 3913 1597 3922 
12245 1711 1666 1712 3605 
12246 1797 1787 1738 3865 
12247 3372 4034 3927 4503 
12248 1030 3483 4377 4414 
12249 2422 2315 2400 3534 
12250 1156 3659 2127 4492 
12251 1974 3548 2056 4094 
12252 3091 3138 3079 4284 
12253 2837 3967 3795 4288 
12254 3550 4312 3962 4412 
12255 3712 4037 3625 4370 
12256 1940 238 3628 4101 
12257 2733 2734 3556 4626 
12258 3407 3580 4338 4739 
12259 3360 3650 4016 4349 
12260 3335 3714 3446 4441 
12261 3973 4380 3455 4666 
12262 2778 2711 2761 4242 
12263 2591 3256 3223 3569 
12264 876 1150 908 3907 
12265 3168 4043 4255 4598 
12266 1726 3863 1676 4681 
12267 1105 3671 1061 4255 
12268 981 3498 4239 4725 
12269 3639 3696 3340 4339 
12270 3479 4203 3745 4585 
12271 3450 4128 3854 4731 
12272 1463 1499 4276 4411 
12273 1252 1253 1237 3751 
12274 2449 2390 3774 3904 
12275 2051 2024 1999 4462 
12276 3341 3709 3597 4057 
12277 3483 4231 3234 4687 
12278 2150 2451 2355 4699 
12279 3682 3771 3589 4540 
12280 3015 3018 3138 3509 
12281 3686 3850 3336 3911 
12282 1539 4521 3487 4701 
12283 1731 4059 1784 4473 
12284 3506 3759 3631 3760 
12285 3455 4169 3762 4304 
12286 3132 3980 3775 4111 
12287 1497 1496 1543 4300 
12288 3288 3580 4024 4338 
12289 3234 3483 4208 4231 
12290 3445 4157 3693 4322 
12291 3347 3963 3723 4120 
12292 3307 3687 3878 4367 
12293 249 1117 1229 3757 
12294 1712 1748 1779 3605 
12295 2856 3963 3793 4120 
12296 4191 4313 3406 4654 
12297 3389 4155 3969 4310 
12298 3907 3993 916 4590 
12299 4093 4190 3497 4691 
12300 3352 3503 3812 4348 
12301 3610 4148 1696 4473 
12302 1997 2076 3990 4173 
12303 3601 3981 3421 4211 
12304 3824 4253 3369 4526 
12305 2078 4054 1947 4266 
12306 3326 4157 3559 4529 
12307 3938 3959 3466 4716 
12308 2174 2191 2190 4294 
12309 1448 1536 1483 4080 
12310 1742 4303 1734 4433 
12311 3442 4347 3878 4662 
12312 3259 3075 2985 3814 
12313 2669 2653 2621 3983 
12314 1962 4030 3774 4642 
12315 3294 4584 4185 4629 
12316 3518 4272 4144 4349 
12317 1523 3523 1508 4438 
12318 3434 3359 3964 4012 
12319 3587 4381 4132 4643 
12320 2181 3614 2168 4133 
12321 3300 4351 3491 4670 
12322 2771 2770 2818 3721 
12323 2305 2378 3655 4396 
12324 3511 3334 4062 4453 
12325 455 4020 397 4036 
12326 3528 3936 3825 3953 
12327 2806 3759 3821 4469 
12328 3690 3307 4146 4347 
12329 2907 2915 2974 3697 
12330 3479 3859 3304 4215 
12331 2358 2360 2266 3752 
12332 3414 3851 3558 4249 
12333 2514 2545 4074 4457 
12334 3829 4017 3345 4319 
12335 1733 3555 1750 4165 
12336 3481 4466 3726 4474 
12337 3398 3742 4269 4469 
12338 3299 3552 4292 4657 
12339 3673 1735 4148 4473 
12340 2389 3503 4204 4348 
12341 1996 3554 2003 4152 
12342 2257 3507 2258 4703 
12343 2422 3534 2400 4366 
12344 3702 3743 3370 3913 
12345 3168 4043 1080 4255 
12346 3378 3562 3877 4233 
12347 2885 2887 2886 4466 
12348 3054 1068 1127 3713 
12349 3000 3006 2989 3644 
12350 2946 2828 3190 4179 
12351 3433 3616 3507 4265 
12352 2264 3773 3678 4710 
12353 3529 3879 3329 4385 
12354 2488 2392 2575 4680 
12355 3489 3774 3342 4030 
12356 475 4048 1350 4448 
12357 3371 3599 4024 4338 
12358 3879 4105 3522 4442 
12359 2693 2707 3213 4134 
12360 3880 4229 3705 4768 
12361 3355 3853 3571 4418 
12362 3757 4197 2440 4236 
12363 1686 1689 4332 4403 
12364 3298 4384 4204 4724 
12365 3304 3859 3509 4302 
12366 4100 4108 3590 4467 
12367 3345 3855 3829 4533 
12368 2714 3511 2716 4325 
12369 3529 3879 711 4246 
12370 3491 3869 3575 4564 
12371 2857 3552 2859 4120 
12372 210 3509 3859 4307 
12373 1787 1738 3865 4429 
12374 1747 4531 1796 4740 
12375 3284 4271 3839 4576 
12376 1840 4033 3979 4764 
12377 2214 2226 3583 4557 
12378 204 1014 3015 4415 
12379 1132 1067 3188 3612 
12380 450 4211 3543 4603 
12381 2946 3190 3039 4179 
12382 1715 3600 1692 4668 
12383 3533 3404 4459 4750 
12384 2873 2933 2895 3799 
12385 1857 3979 1841 4369 
12386 3987 4019 3395 4625 
12387 1668 4270 4056 4554 
12388 3208 4487 4027 4599 
12389 3290 3949 4350 4360 
12390 2514 4074 2530 4457 
12391 3639 4489 3298 4724 
12392 3095 3685 3100 4410 
12393 3273 3172 3449 4487 
12394 1545 1484 4018 4452 
12395 2922 4053 3635 4787 
12396 3383 4109 3659 4699 
12397 3328 3616 4065 4194 
12398 864 922 3 4375 
12399 4 922 864 4375 
12400 3305 4083 3709 4617 
12401 3434 3964 3805 4283 
12402 916 3907 877 3993 
12403 2574 2552 2527 3515 
12404 208 207 3795 3970 
12405 1779 4248 3658 4659 
12406 1169 1185 4109 4650 
12407 3533 3404 4241 4459 
12408 2378 4013 3655 4472 
12409 3286 3860 3608 4138 
12410 871 3825 3813 4586 
12411 3702 4064 1257 4516 
12412 1256 3733 325 4012 
12413 2893 2894 2890 4580 
12414 3022 3759 2798 3760 
12415 3470 4191 4105 4391 
12416 3491 4163 3967 4670 
12417 3400 3828 4104 4374 
12418 2514 2530 2545 4457 
12419 2193 4283 3964 4675 
12420 1341 4206 3512 4719 
12421 1279 1295 1245 4718 
12422 2773 2741 4571 4575 
12423 3865 4332 3610 4669 
12424 3313 3707 3892 4745 
12425 3678 3773 2264 4197 
12426 2854 2851 2937 3793 
12427 3374 4042 3580 4589 
12428 2868 2869 3669 4591 
12429 3301 3535 3778 4181 
12430 2591 2677 2656 3569 
12431 2353 2228 3624 4217 
12432 2865 2879 3951 4301 
12433 429 4193 3287 4600 
12434 2382 2460 2404 3812 
12435 1267 3823 387 4075 
12436 466 3695 3989 4392 
12437 3176 3036 1109 3980 
12438 3705 3575 4479 4768 
12439 3523 3728 3361 4438 
12440 2917 2900 2916 4292 
12441 3304 3479 3746 3859 
12442 3049 3046 3040 4121 
12443 2870 2868 2869 3669 
12444 2391 3659 2238 4126 
12445 955 978 3880 4768 
12446 3528 3824 3365 4692 
12447 3919 3926 471 4206 
12448 1522 1540 4069 4712 
12449 3848 4073 3346 4297 
12450 3134 3237 4123 4282 
12451 3040 3957 4121 4415 
12452 3291 4087 3947 4131 
12453 2959 2984 3000 3644 
12454 3353 4321 4163 4670 
12455 1566 47 4214 4782 
12456 1107 1231 248 3868 
12457 408 1345 407 4769 
12458 3342 3678 3623 3819 
12459 3507 4265 2109 4511 
12460 3157 3128 3072 4372 
12461 1686 1697 3865 4653 
12462 468 1420 3515 4130 
12463 3289 3477 4085 4578 
12464 1763 1721 1723 4022 
12465 2347 4040 3943 4636 
12466 2574 2527 2526 3700 
12467 3428 3689 3663 4685 
12468 1033 1099 2395 4000 
12469 1149 3711 2126 4207 
12470 3085 1024 4231 4335 
12471 967 4052 990 4117 
12472 2971 2831 3602 4729 
12473 2488 2575 4218 4680 
12474 3913 3922 2464 4698 
12475 3563 4124 2569 4470 
12476 1036 1086 1517 4086 
12477 1282 1549 428 3991 
12478 3299 4292 3697 4657 
12479 209 3516 3864 4307 
12480 3666 3698 2319 4526 
12481 3360 4144 3650 4349 
12482 2865 4301 3486 4381 
12483 4105 4191 3406 4391 
12484 2075 2017 1958 3507 
12485 1386 3810 3497 4616 
12486 2024 2188 2384 4462 
12487 406 1299 407 3716 
12488 3883 4066 3499 4496 
12489 705 706 4011 4286 
12490 1861 3837 1852 3838 
12491 2231 2236 3566 4112 
12492 408 407 3619 4769 
12493 1384 474 3596 3935 
12494 3444 3716 3974 4727 
12495 1246 3802 3816 4639 
12496 3292 3645 4076 4493 
12497 3687 4475 3307 4577 
12498 3788 4285 3432 4647 
12499 3606 3395 4164 4418 
12500 2150 3767 2451 4699 
12501 3678 3819 3342 4089 
12502 3702 3743 3393 4064 
12503 1898 232 233 4385 
12504 3522 3719 3329 4105 
12505 3285 4380 3973 4666 
12506 3534 3367 4234 4767 
12507 1782 4114 3901 4279 
12508 2181 3614 4133 4340 
12509 3512 3926 3280 4343 
12510 896 3629 892 4155 
12511 2241 4040 4636 4783 
12512 1853 3823 3655 4013 
12513 3707 4011 706 4286 
12514 1906 241 1924 4011 
12515 1212 4197 1161 4684 
12516 1696 3610 4473 4653 
12517 3599 4108 4016 4349 
12518 723 3545 4297 4527 
12519 3363 3381 3776 4143 
12520 3136 3687 3187 4149 
12521 3864 4146 3419 4475 
12522 1083 1084 1026 3814 
12523 2362 3681 2354 3767 
12524 1670 4046 1671 4554 
12525 1655 1738 1787 3617 
12526 3645 4076 3855 4488 
12527 3673 4059 3436 4775 
12528 3326 4053 3951 4591 
12529 3400 3828 3553 4237 
12530 3147 3224 3265 4583 
12531 3298 4724 4489 4738 
12532 1887 1943 221 3545 
12533 3612 3996 3231 4039 
12534 986 965 145 4229 
12535 3077 3603 211 4663 
12536 960 3005 2989 3644 
12537 3390 3866 3553 4665 
12538 3478 3947 4131 4694 
12539 2291 2402 2293 3646 
12540 3589 380 3816 4540 
12541 1484 1485 4018 4080 
12542 1735 1682 1687 3673 
12543 2362 2354 2451 3767 
12544 1053 4621 3768 4662 
12545 3553 3828 3400 4374 
12546 3730 3973 3455 4172 
12547 1067 3612 235 4605 
12548 3004 1123 3270 3814 
12549 3537 3988 3344 4293 
12550 3380 3998 3781 4541 
12551 2061 1993 3843 4631 
12552 3570 4051 3559 4351 
12553 229 228 3559 4322 
12554 3356 3661 3897 4624 
12555 1348 418 4044 4448 
12556 159 158 3416 4363 
12557 2759 2779 2792 3836 
12558 3502 3747 3650 4409 
12559 3984 4551 3461 4650 
12560 3017 3754 2787 4031 
12561 2828 2949 3921 4179 
12562 2181 2168 3614 4340 
12563 3380 3949 3896 4387 
12564 1338 3695 409 4395 
12565 3419 3690 3551 4163 
12566 2011 2473 2131 3968 
12567 3657 4296 2448 4361 
12568 3520 3977 3704 4556 
12569 3000 2997 2846 3644 
12570 3217 4123 3576 4250 
12571 2492 2538 2588 3912 
12572 3416 3776 4076 4287 
12573 3392 3778 4240 4611 
12574 2081 3828 2031 4237 
12575 3674 4284 3523 4302 
12576 3502 3747 4409 4751 
12577 153 4158 3627 4195 
12578 3459 4342 3882 4666 
12579 464 465 3962 4392 
12580 49 1307 3682 4106 
12581 3882 4098 3890 4436 
12582 3437 3330 3692 4708 
12583 2079 712 3529 4237 
12584 3690 3419 4146 4475 
12585 3345 4017 3588 4238 
12586 1573 3820 1590 4278 
12587 1235 1215 1232 3868 
12588 1687 1735 3673 4473 
12589 1675 1677 3735 4711 
12590 3358 4273 3910 4486 
12591 3332 4118 3706 4245 
12592 1996 3554 4152 4539 
12593 417 3484 1350 4048 
12594 3332 3724 3614 4245 
12595 2726 4224 3981 4455 
12596 3161 4031 3113 4548 
12597 1095 1084 3814 4256 
12598 2859 2857 2860 3552 
12599 3616 4112 2352 4160 
12600 2321 4194 3939 4630 
12601 1988 1989 1986 3845 
12602 3294 3486 4125 4643 
12603 3377 4013 3527 4754 
12604 2132 1142 1207 4251 
12605 3774 3904 2390 4642 
12606 3535 4660 3550 4746 
12607 3362 3767 3681 4504 
12608 3282 3796 3809 3857 
12609 3669 4132 3396 4443 
12610 1921 3664 224 4532 
12611 3290 3606 3826 4175 
12612 1989 3647 2018 4068 
12613 2003 3541 2076 4152 
12614 1028 1071 1128 3644 
12615 3209 3054 3713 4654 
12616 1816 1818 3780 3915 
12617 2183 2168 2182 3614 
12618 2509 2487 2576 3546 
12619 3368 3899 3898 4294 
12620 3257 3162 3791 4467 
12621 3292 3640 4215 4493 
12622 3088 3061 3715 4372 
12623 3652 3870 1822 4221 
12624 3301 3675 4181 4728 
12625 3325 3449 4427 4749 
12626 2745 3518 4144 4536 
12627 2360 3583 2226 4217 
12628 1962 4030 700 4071 
12629 1062 4255 3447 4367 
12630 2769 2735 2733 4581 
12631 389 1268 390 4305 
12632 3321 3560 3653 4362 
12633 1055 1053 1057 4662 
12634 3270 3140 3004 3814 
12635 3310 3544 4098 4436 
12636 3560 3316 3849 4604 
12637 3523 3361 3944 4111 
12638 2762 2724 3966 4453 
12639 3170 4259 4255 4497 
12640 1062 3447 4255 4309 
12641 1007 3733 193 4519 
12642 1243 197 1256 3827 
12643 1677 1691 1675 3735 
12644 3321 3724 3560 4334 
12645 1409 3497 1421 4691 
12646 3739 4370 3598 4757 
12647 1501 3742 1502 4707 
12648 3441 4206 3934 4593 
12649 2235 4217 2353 4228 
12650 3509 3350 3859 4307 
12651 1548 1525 1560 3694 
12652 3340 4261 3639 4489 
12653 3306 4500 3692 4708 
12654 3562 4094 2042 4420 
12655 3441 3934 3656 4450 
12656 3774 4030 3489 4642 
12657 3301 3618 3772 4029 
12658 2554 2484 2553 3912 
12659 1062 3447 4309 4367 
12660 3447 4475 3687 4577 
12661 3435 3796 3703 4648 
12662 2189 2654 2583 3887 
12663 2708 2758 4128 4242 
12664 2079 4237 3529 4246 
12665 3392 3925 4074 4240 
12666 1689 4332 3526 4433 
12667 3550 4124 4660 4773 
12668 3364 3629 4183 4430 
12669 3257 3791 3021 3792 
12670 3290 4175 3853 4418 
12671 88 3686 3819 4089 
12672 2839 3051 2850 4039 
12673 3657 3783 3323 4199 
12674 3030 3223 3084 3569 
12675 3120 4031 3161 4627 
12676 3361 3775 3980 4111 
12677 1564 4560 392 4647 
12678 2788 3229 2793 4082 
12679 3102 3101 3103 3854 
12680 2743 2742 3518 4478 
12681 3501 3777 3365 4047 
12682 3359 3777 3501 4047 
12683 2668 812 3895 4704 
12684 244 1032 1098 3626 
12685 1486 1536 3822 4080 
12686 896 3969 3629 4155 
12687 3498 4564 4032 4725 
12688 3493 4157 3559 4351 
12689 3680 3782 3366 4686 
12690 1473 1482 1544 3975 
12691 1935 220 1886 4784 
12692 1582 3800 1615 4199 
12693 1774 1746 1717 4595 
12694 1112 1092 1029 4244 
12695 4176 4490 3784 4637 
12696 3002 2996 4003 4256 
12697 2964 2908 2830 3902 
12698 2932 2963 2841 3567 
12699 3062 2589 3202 3912 
12700 3121 4165 3555 4216 
12701 3054 1068 3713 4654 
12702 3086 3133 3087 3715 
12703 3046 3049 3065 4518 
12704 2673 3496 2651 4559 
12705 3127 3024 3995 4210 
12706 723 4527 4297 4784 
12707 2669 3983 2621 4730 
12708 3282 4057 3857 4401 
12709 2605 2606 2604 3609 
12710 3372 4503 3927 4562 
12711 1075 3688 4464 4547 
12712 3290 3826 3606 4350 
12713 1350 3484 418 4448 
12714 3319 3934 3656 3935 
12715 3443 4461 4145 4765 
12716 2950 2846 2992 3670 
12717 981 951 972 4239 
12718 3456 3868 3757 4684 
12719 106 3868 247 4700 
12720 1117 248 1107 1231 
12721 3564 3765 3441 3918 
12722 3609 4145 51 4596 
12723 3344 4437 3539 4678 
12724 3481 4329 3557 4466 
12725 1287 1270 3930 4639 
12726 2495 3806 2503 3999 
12727 1137 4043 1103 4570 
12728 3686 4030 3457 4356 
12729 1663 3918 3765 4368 
12730 1750 3555 1734 4303 
12731 1464 1467 3874 4275 
12732 3577 3882 3839 4342 
12733 1564 3788 392 4560 
12734 3597 4057 3709 4331 
12735 3088 4372 3715 4640 
12736 1026 1126 1079 4335 
12737 1456 3439 4015 4263 
12738 1288 413 1800 3701 
12739 3524 3890 3387 4098 
12740 2781 2806 2700 3821 
12741 2000 2058 2014 4439 
12742 3041 3190 2828 3921 
12743 3298 4489 4261 4738 
12744 2341 4182 2340 4369 
12745 2949 2879 2919 3951 
12746 466 3989 465 4392 
12747 3280 3695 3513 4633 
12748 2713 2712 2714 3708 
12749 2884 3726 2883 3952 
12750 3138 3509 3957 4415 
12751 409 4230 410 4336 
12752 3638 2402 4102 4396 
12753 1344 4769 464 4779 
12754 1159 1160 1161 3757 
12755 2777 3538 2739 4136 
12756 2993 1025 2995 3670 
12757 229 3559 4055 4322 
12758 3544 4098 3524 4665 
12759 3453 3893 3705 4280 
12760 2398 2175 1916 4236 
12761 3951 4053 2922 4591 
12762 2992 2836 2950 4003 
12763 3544 3890 3524 4098 
12764 3363 3636 4081 4405 
12765 3564 3765 3918 4368 
12766 3255 3138 3091 4444 
12767 3403 3877 3621 3972 
12768 2552 3847 3515 4130 
12769 2417 3623 2466 4060 
12770 3605 4262 3373 4561 
12771 1506 4069 4187 4521 
12772 866 912 3953 4523 
12773 1465 1462 1496 4300 
12774 1445 1101 1528 3766 
12775 3624 4217 3681 4228 
12776 1373 3656 3935 4638 
12777 1405 1376 3604 4357 
12778 1457 3645 1487 4770 
12779 3047 2943 2829 3798 
12780 2516 4074 2515 4773 
12781 3286 3860 4138 4311 
12782 3326 3493 4157 4529 
12783 4139 4417 3912 4559 
12784 3499 3977 3382 4141 
12785 3795 3864 3516 4146 
12786 442 443 1777 4279 
12787 3016 3764 1760 3987 
12788 2141 2370 1180 3623 
12789 2812 4211 3601 4315 
12790 3382 3857 4057 4401 
12791 3336 3627 3531 3911 
12792 3343 3809 3596 4450 
12793 1706 1703 1707 3637 
12794 3656 3765 3319 4668 
12795 1502 3742 1503 3821 
12796 3614 4118 3332 4245 
12797 3222 3815 3089 4147 
12798 3031 4226 3856 4250 
12799 3540 3225 4258 4444 
12800 3689 3877 3403 4271 
12801 2110 2111 2103 4290 
12802 1535 3775 1517 4086 
12803 2473 2011 2383 3968 
12804 156 3500 3457 4180 
12805 3450 3834 4731 4774 
12806 3624 3677 3331 4217 
12807 3380 3734 4423 4541 
12808 1686 1684 1696 3610 
12809 4026 4192 3613 4723 
12810 2700 3166 3218 3821 
12811 3281 4037 3712 4103 
12812 3461 4126 3659 4492 
12813 3493 3869 3300 4351 
12814 3349 3619 4230 4260 
12815 1224 1225 1193 3678 
12816 1043 1042 3557 4674 
12817 3306 3533 3692 4459 
12818 3693 4157 3559 4322 
12819 3380 3734 3949 4387 
12820 1979 2040 2009 4010 
12821 1061 1062 4255 4309 
12822 2829 2914 2937 3996 
12823 3532 4340 3724 4563 
12824 1253 576 1300 3930 
12825 1692 4056 3600 4308 
12826 865 879 3881 4586 
12827 3316 3974 3716 4727 
12828 2761 2710 2713 3708 
12829 3631 3862 3409 4153 
12830 2286 4196 3743 4614 
12831 3755 3960 400 4399 
12832 3355 3758 3571 4216 
12833 2486 2507 2555 3786 
12834 2096 1998 2076 3990 
12835 106 4683 3868 4700 
12836 419 1241 1266 4337 
12837 3574 3832 3718 3976 
12838 3349 4230 3619 4336 
12839 3712 4103 4037 4370 
12840 4108 4467 3360 4762 
12841 3313 3542 4192 4723 
12842 1857 1841 1851 4369 
12843 3206 3204 3620 4317 
12844 2856 2853 3793 3963 
12845 3737 3758 3355 4216 
12846 1491 3588 4238 4770 
12847 3788 3922 3668 4285 
12848 3292 3970 3640 4076 
12849 1775 3658 3215 4659 
12850 1635 1609 3913 3922 
12851 968 974 2845 4032 
12852 219 3666 3908 4784 
12853 1550 2803 2824 3821 
12854 1684 3610 1686 4332 
12855 463 3676 3962 4795 
12856 2829 3196 3047 3798 
12857 2180 2440 3757 4197 
12858 47 4333 3622 4782 
12859 2067 3848 3692 4268 
12860 1740 1789 4092 4433 
12861 576 3930 3751 4714 
12862 1656 4410 3142 4413 
12863 1834 1870 1850 3861 
12864 2241 2224 4388 4636 
12865 50 450 3543 4095 
12866 1663 1661 3765 4766 
12867 241 3910 4011 4553 
12868 1947 704 3531 4286 
12869 3090 4123 3055 4408 
12870 2761 2711 2710 4549 
12871 4090 4095 1323 4330 
12872 1149 1190 2126 3711 
12873 3376 4075 3655 4102 
12874 3535 4181 3550 4660 
12875 3305 4057 3709 4327 
12876 3219 3775 1527 4111 
12877 1491 1488 3588 4770 
12878 3377 4162 4064 4530 
12879 3621 3939 3328 4194 
12880 2918 3719 2879 4301 
12881 386 3739 1318 4757 
12882 3531 4486 3910 4771 
12883 2231 2236 2233 3566 
12884 3414 4249 3558 4748 
12885 3399 4167 3938 4567 
12886 230 1103 1039 4055 
12887 2898 3491 2934 4564 
12888 2056 3548 1974 4491 
12889 3314 4731 4078 4791 
12890 1517 1535 1534 3775 
12891 3292 4203 3776 4488 
12892 3427 3830 3483 4414 
12893 2842 2943 3047 3798 
12894 2632 2631 3840 4140 
12895 969 4052 998 4398 
12896 1961 3968 724 4297 
12897 3630 4731 3314 4791 
12898 3357 4059 3673 4473 
12899 3313 3660 3602 4745 
12900 3890 4098 3544 4436 
12901 3543 3835 3384 4646 
12902 1502 1514 3903 4583 
12903 2246 3634 2220 4004 
12904 3550 4660 4154 4773 
12905 3597 4331 3709 4695 
12906 3520 3341 3924 4568 
12907 2806 3821 3742 4469 
12908 2874 2934 2898 3491 
12909 3718 3832 139 3976 
12910 3689 4291 3378 4484 
12911 1623 1573 1590 4278 
12912 3675 3691 3301 4587 
12913 442 3946 443 4279 
12914 2910 2904 3720 4402 
12915 2717 4062 2760 4453 
12916 3651 3743 3393 4614 
12917 3882 3310 4098 4436 
12918 3798 3937 3401 4442 
12919 2805 3233 3021 3792 
12920 1049 4231 3483 4687 
12921 704 3910 3531 4286 
12922 3321 3701 3532 3876 
12923 3834 3959 3526 4546 
12924 4030 4267 3336 4738 
12925 3949 4042 3826 4350 
12926 3914 4304 3548 4491 
12927 104 3545 3958 4073 
12928 3506 3405 3759 4469 
12929 3360 4016 4108 4349 
12930 3413 3597 4568 4695 
12931 3347 4120 3723 4723 
12932 3319 3600 4056 4641 
12933 3780 3462 4399 4726 
12934 3565 4106 3408 4274 
12935 3099 3135 3508 4480 
12936 3328 3807 3616 4160 
12937 3203 3062 3912 4139 
12938 3488 3974 405 4769 
12939 3497 3867 3363 4143 
12940 3333 3490 3818 4175 
12941 3551 1051 4232 4347 
12942 3379 3449 4598 4599 
12943 1610 1588 3573 4383 
12944 410 4230 1285 4525 
12945 2748 2796 4062 4082 
12946 3409 3746 3957 4085 
12947 902 1210 1147 3819 
12948 3493 3869 3669 4157 
12949 3051 3996 2850 4039 
12950 1458 3645 1457 4015 
12951 3419 3864 3795 4146 
12952 3432 4285 3769 4647 
12953 3628 4026 3613 4723 
12954 1950 4026 2053 4220 
12955 3593 3772 3482 4780 
12956 3389 4007 3468 4310 
12957 1873 3979 3915 4764 
12958 2020 3845 1989 4068 
12959 484 4263 3439 4405 
12960 3145 3239 3090 3815 
12961 3621 3403 3972 4290 
12962 1095 3814 2998 4256 
12963 3488 3729 3280 4544 
12964 2889 3557 2891 4466 
12965 3388 4215 3906 4302 
12966 1681 3530 1679 4693 
12967 3675 4544 3418 4728 
12968 3656 3919 3441 4766 
12969 3599 3407 4311 4542 
12970 3543 4225 3835 4644 
12971 3633 4357 3604 4446 
12972 1481 3594 3986 4760 
12973 3415 3610 3865 4653 
12974 1744 1677 1679 3735 
12975 3762 4220 3459 4755 
12976 1542 3727 3950 4483 
12977 243 1032 244 3626 
12978 3305 3782 4124 4470 
12979 3719 4105 3406 4391 
12980 2240 3904 3639 4204 
12981 2524 4371 2568 4470 
12982 458 4429 3835 4616 
12983 3312 4170 3843 4293 
12984 2214 2226 2360 3583 
12985 435 198 1404 4093 
12986 2870 3669 2869 4053 
12987 3486 4132 3905 4591 
12988 1138 1025 1070 3670 
12989 3090 3815 4123 4408 
12990 2719 2762 2724 3966 
12991 3335 3961 3744 4088 
12992 3454 3969 3941 4783 
12993 1667 4270 3875 4368 
12994 3499 3954 3309 3977 
12995 1417 486 1541 3648 
12996 3409 3888 3746 4085 
12997 3583 3677 3331 3873 
12998 3617 3835 3415 4429 
12999 3489 3342 3774 4489 
13000 3780 4399 3915 4726 
13001 3357 3896 3784 3949 
13002 439 3579 4034 4649 
13003 3148 3224 3146 3607 
13004 1045 3585 1044 4421 
13005 105 104 3545 3958 
13006 3752 4174 3362 4753 
13007 3406 3921 3719 3951 
13008 161 4015 1477 4025 
13009 1709 3475 4210 4602 
13010 3399 3853 4167 4360 
13011 156 88 3457 3686 
13012 3376 4102 3638 4161 
13013 4 3813 871 3825 
13014 3516 3307 3864 4307 
13015 1761 4029 1704 4696 
13016 3463 3704 4401 4556 
13017 2857 2860 3552 4201 
13018 1653 3847 2548 4130 
13019 2344 2448 3657 4296 
13020 154 4195 3902 4524 
13021 3291 3947 4087 4608 
13022 1452 3821 3073 4583 
13023 3681 3767 2362 4504 
13024 3648 3889 3636 4405 
13025 4070 3398 4298 4737 
13026 422 4150 4198 4333 
13027 1246 3802 1298 3816 
13028 961 3766 979 3894 
13029 1595 1634 1564 3788 
13030 2047 2099 2055 4664 
13031 3515 4029 3847 4457 
13032 466 3989 3695 4395 
13033 2045 1982 4072 4416 
13034 3306 3692 3533 4708 
13035 2952 2834 3063 4208 
13036 3395 3549 3987 4509 
13037 3231 3996 3612 4605 
13038 3517 4046 3662 4595 
13039 1125 1058 3878 4347 
13040 431 1301 943 1511 
13041 3322 3895 3604 4189 
13042 3329 3470 4105 4391 
13043 47 1359 430 4565 
13044 2260 2190 2191 3899 
13045 3064 3181 3522 4313 
13046 3341 3597 3709 4695 
13047 2968 2971 3602 4524 
13048 1214 1190 3711 4379 
13049 3292 3776 3970 4076 
13050 1375 4171 446 4387 
13051 2945 3670 2966 4505 
13052 3435 4341 4023 4537 
13053 1343 3513 411 4780 
13054 3503 4348 2389 4431 
13055 3781 4136 2740 4626 
13056 3425 3842 3555 4303 
13057 3304 3674 3509 4444 
13058 1609 2157 3913 3922 
13059 1841 1838 1844 4369 
13060 193 4519 3528 4721 
13061 3352 3503 4348 4384 
13062 624 625 1758 4355 
13063 3364 4183 4345 4430 
13064 2356 3941 2218 4202 
13065 2954 4208 3483 4329 
13066 386 3598 4370 4757 
13067 1481 3594 1558 3986 
13068 3856 3954 3520 4556 
13069 3503 4431 3904 4763 
13070 2997 3009 2993 3670 
13071 1184 3819 1210 3929 
13072 202 3746 203 3888 
13073 3116 4100 3119 4282 
13074 194 130 3733 4519 
13075 3741 3931 3465 4425 
13076 3569 3856 3309 3954 
13077 3295 3959 3938 4716 
13078 2198 3908 3824 4661 
13079 2322 3789 2307 3876 
13080 2907 3697 2974 4159 
13081 2969 2951 2961 4256 
13082 1801 2152 2416 3655 
13083 2716 3511 3940 4325 
13084 3918 4658 1660 4766 
13085 3969 4373 3591 4430 
13086 3501 3975 3777 4717 
13087 3755 3960 3368 4778 
13088 3304 3745 4085 4585 
13089 3580 4219 3407 4338 
13090 3628 3707 3402 4597 
13091 142 951 141 4239 
13092 3833 4458 3533 4460 
13093 378 379 3682 4540 
13094 2215 3732 2212 4397 
13095 2823 1418 1387 4432 
13096 3095 4326 3685 4410 
13097 2566 2529 3563 4312 
13098 2608 2639 2607 4023 
13099 2721 2751 2765 4254 
13100 206 4287 1011 4363 
13101 1634 1596 3922 4285 
13102 1866 3652 1822 4221 
13103 3110 3758 3109 4548 
13104 3921 3406 4313 4654 
13105 706 4011 3707 4597 
13106 3720 4427 2904 4445 
13107 447 1385 3734 4671 
13108 4083 4454 3709 4617 
13109 1214 1190 1149 3711 
13110 202 3888 201 4476 
13111 3400 3846 3547 4706 
13112 3304 3746 3479 4585 
13113 1940 3628 708 4101 
13114 2179 2170 2164 3528 
13115 3357 4176 3784 4637 
13116 3645 3345 4076 4493 
13117 2561 3716 2505 4260 
13118 1452 1563 3262 3821 
13119 2950 4003 2836 4741 
13120 1806 1826 1864 3652 
13121 3743 2284 4041 4698 
13122 3380 3556 3871 4792 
13123 3616 3807 3472 4160 
13124 2515 2514 2513 4074 
13125 2869 4053 3669 4591 
13126 394 1281 3725 4064 
13127 1670 1672 1671 4046 
13128 900 1179 3884 4155 
13129 3493 3300 4157 4351 
13130 3496 3779 4083 4686 
13131 1169 1154 1185 4650 
13132 1136 1049 4414 4687 
13133 1433 1384 3927 3935 
13134 899 3741 3931 4345 
13135 2398 1916 249 4236 
13136 3307 4307 3516 4606 
13137 3659 2355 4228 4699 
13138 2106 3562 2112 4420 
13139 2855 2911 2901 3830 
13140 1671 1721 1695 4022 
13141 3303 4135 3519 4435 
13142 447 4423 1403 4671 
13143 2378 2416 3655 4013 
13144 1529 3881 1096 4000 
13145 3648 1543 4300 4483 
13146 3360 4467 3791 4762 
13147 3617 3384 3835 4616 
13148 3874 4275 4269 4707 
13149 3702 1599 4305 4628 
13150 3273 3172 3171 4598 
13151 322 943 1301 1511 
13152 3492 4231 1024 4335 
13153 2777 2771 2819 3721 
13154 2219 3634 2218 4388 
13155 4154 4660 3410 4773 
13156 1024 1119 3492 4335 
13157 3212 1754 3201 3987 
13158 211 1008 3509 4415 
13159 1782 3901 1727 4279 
13160 3520 4408 3856 4556 
13161 2109 2123 2120 4265 
13162 2058 3554 1999 4009 
13163 2677 3569 815 4743 
13164 3014 3233 2822 3792 
13165 3885 4556 3945 4594 
13166 3955 4017 3649 4682 
13167 3990 4241 3533 4608 
13168 2889 2892 3557 4672 
13169 3298 4068 4384 4724 
13170 3691 3778 3535 4331 
13171 3329 4301 3486 4391 
13172 3131 3630 3105 4128 
13173 1158 4425 193 4721 
13174 2113 4065 3621 4482 
13175 3408 3538 3817 4200 
13176 3377 3743 3651 4472 
13177 2366 2329 3805 3997 
13178 3897 3899 3411 4294 
13179 1051 4347 3551 4621 
13180 3445 3988 3693 4157 
13181 3726 4273 3358 4524 
13182 1405 3604 1376 4446 
13183 230 1039 3713 4055 
13184 1224 3678 1193 4089 
13185 3311 4001 3580 4042 
13186 384 383 3838 4757 
13187 1853 1837 1876 3823 
13188 3365 3936 3528 4047 
13189 3559 4157 3300 4351 
13190 3498 4032 3353 4239 
13191 3725 4033 3377 4530 
13192 230 4055 3713 4191 
13193 2042 1966 1968 4094 
13194 3237 4100 3576 4282 
13195 2568 2524 2492 4371 
13196 698 2156 2012 3773 
13197 2540 3716 2561 4260 
13198 3734 4387 3380 4671 
13199 393 3788 3665 4560 
13200 3211 3779 2542 4061 
13201 3341 3709 4057 4327 
13202 3532 3367 4340 4767 
13203 2784 436 3748 4393 
13204 378 3682 3800 4540 
13205 3396 4117 3880 4443 
13206 223 3718 1072 4299 
13207 140 927 104 3832 
13208 2064 1947 704 3531 
13209 3489 4267 4030 4738 
13210 3628 4137 238 4597 
13211 3496 4328 2673 4371 
13212 2527 3847 2531 4457 
13213 3307 4367 3690 4475 
13214 1721 1722 1695 4588 
13215 235 3495 4014 4742 
13216 1143 3907 1204 3993 
13217 2692 3216 4031 4627 
13218 2219 2220 3634 4388 
13219 3337 3838 3598 4634 
13220 2013 2076 2003 4241 
13221 1062 1122 4255 4367 
13222 1160 1161 3868 4684 
13223 3364 3943 3931 4499 
13224 1166 4040 4251 4744 
13225 2866 4132 3486 4591 
13226 1605 2397 2368 3783 
13227 1493 4438 3728 4498 
13228 3284 4113 3851 4576 
13229 2705 815 4226 4613 
13230 3621 3328 4065 4194 
13231 3558 4113 3320 4131 
13232 3910 4273 3458 4486 
13233 2173 2137 218 3908 
13234 1936 245 3457 4180 
13235 2115 2104 3621 4194 
13236 1869 1803 1842 4772 
13237 2673 2617 4328 4559 
13238 4100 4419 3360 4467 
13239 3376 3651 4162 4689 
13240 1063 1023 4232 4367 
13241 2093 2041 3547 4706 
13242 1194 1225 3678 4197 
13243 2794 3792 3791 4144 
13244 3428 4010 3828 4104 
13245 3371 4024 3599 4349 
13246 3548 3433 4094 4233 
13247 2828 2946 2923 4179 
13248 234 1922 711 3879 
13249 3341 3520 3924 4777 
13250 2219 2218 2220 4388 
13251 1725 1638 1754 3987 
13252 2735 3781 2740 4626 
13253 3194 3231 4039 4110 
13254 3445 4344 3547 4629 
13255 47 430 3622 4565 
13256 1438 1509 964 3804 
13257 1594 1593 3769 4543 
13258 3548 4094 3433 4491 
13259 2106 2114 2113 3562 
13260 2516 4074 2521 4457 
13261 2752 2725 4243 4315 
13262 3604 3895 811 4189 
13263 3593 3675 3301 4728 
13264 2489 467 1420 3515 
13265 2278 4690 3668 4759 
13266 3696 4038 3566 4441 
13267 2464 3913 2157 3922 
13268 3526 3667 4433 4546 
13269 2255 2251 2454 4047 
13270 1853 1837 3823 4013 
13271 2593 2594 2662 4166 
13272 1201 1155 4040 4499 
13273 3353 4321 3574 4532 
13274 3385 4296 3657 4361 
13275 449 1312 391 4106 
13276 2015 2045 2030 4072 
13277 1166 1201 1155 4040 
13278 1392 3965 451 4671 
13279 2348 2233 3566 4204 
13280 2930 4672 3584 4741 
13281 2462 2319 3666 3968 
13282 2383 3581 2011 4664 
13283 206 3641 2848 4288 
13284 923 14 138 920 
13285 3274 3996 3179 4605 
13286 1687 4473 3673 4775 
13287 3347 4422 3613 4742 
13288 2878 2863 3937 4301 
13289 3342 3623 4060 4489 
13290 3910 4486 4390 4771 
13291 1320 441 440 4428 
13292 2218 4202 3941 4388 
13293 2241 2224 2223 4388 
13294 1679 3735 1677 4711 
13295 2840 2974 2917 3697 
13296 4018 4080 3501 4452 
13297 477 1401 1376 3633 
13298 3 954 953 3485 
13299 3819 3929 1184 4656 
13300 1390 1430 1640 4638 
13301 1395 1429 4107 4534 
13302 3305 4124 3782 4660 
13303 1042 1048 4346 4553 
13304 2422 3932 3534 4366 
13305 2399 4004 3581 4664 
13306 3529 3846 3400 4237 
13307 1831 1880 1877 3638 
13308 2420 1155 2151 4040 
13309 3309 3954 3856 4556 
13310 395 394 3665 4156 
13311 884 903 3953 4519 
13312 3625 4162 3651 4689 
13313 2074 2027 3536 4054 
13314 4 3813 3825 4523 
13315 2860 3937 3552 4201 
13316 3286 4016 3599 4097 
13317 3011 3215 1775 3658 
13318 3327 3717 3535 4746 
13319 3281 3683 3598 4103 
13320 2787 2789 2692 4031 
13321 3307 3864 3521 4475 
13322 1865 1259 1812 4033 
13323 3082 4252 3603 4663 
13324 3651 4396 3655 4472 
13325 3289 4153 4085 4585 
13326 430 3622 429 3986 
13327 3339 4182 3780 4690 
13328 2420 1166 1155 4040 
13329 1588 3573 1567 4150 
13330 2400 3534 4133 4366 
13331 1049 3483 4346 4377 
13332 3481 4346 1048 4553 
13333 3524 3313 3808 4192 
13334 3465 3369 3953 4253 
13335 3420 3836 3490 4222 
13336 1742 1752 4303 4413 
13337 3347 3963 3793 4477 
13338 2152 3655 1801 4102 
13339 1189 1150 1213 3884 
13340 2910 2877 2904 4402 
13341 2745 2799 4144 4272 
13342 1634 1597 3788 3922 
13343 3193 3051 2839 4039 
13344 3512 3484 4400 4719 
13345 3497 4143 4093 4691 
13346 2078 4169 4054 4266 
13347 2768 2733 2730 3871 
13348 3875 3452 4382 4594 
13349 3286 3885 4138 4751 
13350 1903 1938 237 4101 
13351 3344 4170 3539 4437 
13352 3111 4019 3758 4548 
13353 2464 2284 2312 3913 
13354 3483 3982 3427 4414 
13355 3404 3554 4009 4365 
13356 231 1039 3713 4191 
13357 3335 4038 3624 4126 
13358 991 964 3804 4025 
13359 2370 3623 2417 4710 
13360 2305 3655 4102 4396 
13361 4062 4082 2796 4453 
13362 3645 3978 3292 4488 
13363 2019 4068 4642 4763 
13364 243 242 4028 4390 
13365 3309 3856 3569 4785 
13366 2516 2515 2517 4773 
13367 130 884 131 3936 
13368 3565 3391 4171 4274 
13369 1040 3612 4110 4477 
13370 2844 2953 2960 3521 
13371 2579 2638 2675 3563 
13372 3317 3446 3973 4158 
13373 3130 3571 3107 4791 
13374 3786 3870 1820 4525 
13375 2614 2610 3684 4141 
13376 3368 3827 3510 3971 
13377 1763 1647 1722 3764 
13378 3684 4141 3430 4559 
13379 1451 3261 1555 3775 
13380 3432 3668 3642 4759 
13381 3411 3899 3573 4198 
13382 1715 1692 3600 4308 
13383 3304 3957 3746 4085 
13384 3162 3244 4100 4467 
13385 3117 3987 3201 4625 
13386 2056 4094 3548 4491 
13387 2968 2971 2831 3602 
13388 2400 3534 2315 4234 
13389 2989 3006 960 3644 
13390 2241 2269 2369 4783 
13391 3289 4545 3722 4737 
13392 2544 2576 2487 3546 
13393 1734 1750 1733 3555 
13394 2395 2468 1033 4000 
13395 1616 1585 2367 4050 
13396 2359 2268 2476 3786 
13397 3371 3538 3817 4655 
13398 3346 3698 3666 3958 
13399 2395 1099 2411 4244 
13400 3161 3113 3111 4548 
13401 2293 2292 3646 4296 
13402 3350 3523 3944 4284 
13403 3133 4139 4066 4417 
13404 2248 2389 3904 4204 
13405 1824 1866 1856 4221 
13406 958 2979 982 4117 
13407 450 3543 4406 4603 
13408 3297 3860 4338 4552 
13409 386 1318 385 4757 
13410 3518 4478 3749 4536 
13411 2325 2430 2134 3706 
13412 3622 4333 3411 4782 
13413 3524 3808 3313 4449 
13414 2236 2348 2233 3566 
13415 1515 1502 3903 4275 
13416 3503 4068 2020 4763 
13417 222 82 3718 4375 
13418 3905 4132 3669 4591 
13419 3721 3311 3781 4423 
13420 2636 2624 2625 3633 
13421 3457 4030 3686 4071 
13422 1719 1688 1718 3875 
13423 3362 4207 3767 4504 
13424 1740 1689 4403 4433 
13425 3863 4219 3580 4589 
13426 3355 3571 3758 4418 
13427 1249 3802 416 4235 
13428 1125 3687 1139 4367 
13429 3092 1026 1079 4335 
13430 2654 2376 2592 3806 
13431 3782 4660 4124 4773 
13432 1948 4291 3562 4482 
13433 2209 3672 2208 4736 
13434 2012 699 3773 3774 
13435 2341 4041 3527 4754 
13436 1376 3604 4357 4446 
13437 2627 2628 2605 4145 
13438 1150 900 1179 3884 
13439 1468 1502 4275 4707 
13440 452 3611 453 3896 
13441 1568 3913 2443 4196 
13442 3927 3935 3596 4569 
13443 103 4073 3741 4345 
13444 3415 4225 4129 4637 
13445 3487 4404 4086 4464 
13446 3348 3614 4133 4579 
13447 1741 1734 3842 4433 
13448 2235 2354 3681 4228 
13449 1272 3991 426 4247 
13450 2212 2358 4397 4557 
13451 3479 3304 3745 4215 
13452 3313 4192 4026 4723 
13453 2285 3743 2284 4041 
13454 3373 4262 3778 4331 
13455 2279 3780 4369 4690 
13456 2251 2164 3942 4047 
13457 3355 3530 4084 4733 
13458 1756 1738 1655 3617 
13459 3301 4181 3778 4611 
13460 3568 3320 4174 4209 
13461 2579 2638 3563 4371 
13462 91 3714 92 3984 
13463 1374 3998 3965 4671 
13464 3665 3283 4156 4560 
13465 1667 3875 1688 4368 
13466 3445 3547 4344 4353 
13467 2719 2724 2723 4070 
13468 3335 4126 3624 4535 
13469 2272 249 2253 3757 
13470 2922 2876 4053 4787 
13471 1498 3794 1497 3950 
13472 2380 3849 3546 4604 
13473 2154 1957 2431 4642 
13474 3547 3445 4293 4353 
13475 1067 1132 1040 3612 
13476 3286 4097 4382 4594 
13477 2637 2656 2634 4743 
13478 1529 1096 1471 4000 
13479 2795 1546 1439 4386 
13480 1640 1762 1749 3656 
13481 2260 2191 3898 3899 
13482 1869 3654 1803 4772 
13483 2372 2355 3659 4699 
13484 1603 1262 1564 3788 
13485 2570 2671 2465 3806 
13486 3202 2589 2642 3912 
13487 2828 2923 2949 4179 
13488 3561 3802 3367 4235 
13489 1189 3711 1196 3907 
13490 3106 3854 3103 4791 
13491 3536 4026 3313 4449 
13492 2348 3566 2236 4348 
13493 3288 3549 4219 4542 
13494 3571 4575 3630 4791 
13495 3517 4308 1774 4607 
13496 3316 3546 3849 4604 
13497 3560 3753 3316 4604 
13498 2656 3569 2677 4743 
13499 2739 2777 2747 3538 
13500 2289 2378 4396 4472 
13501 3677 3939 2227 4160 
13502 1580 1582 3657 4426 
13503 3537 3756 3572 4185 
13504 2507 4230 3786 4525 
13505 3622 3411 4612 4782 
13506 2961 2951 3001 4256 
13507 3296 3592 4454 4695 
13508 1937 3545 222 4722 
13509 3770 3803 3568 4590 
13510 3006 2984 988 3644 
13511 3548 3807 3433 4233 
13512 3705 4229 3880 4479 
13513 3723 4120 3542 4723 
13514 2383 2275 3581 4664 
13515 3411 4333 4150 4782 
13516 3092 3260 3271 3567 
13517 3093 3760 3154 4082 
13518 3163 3127 3204 4210 
13519 4347 4621 1054 4662 
13520 2736 2737 4478 4626 
13521 1857 3780 1818 3915 
13522 2384 2188 2302 4462 
13523 434 4081 3416 4093 
13524 3474 3861 4234 4767 
13525 1747 1705 1796 4531 
13526 2883 3952 3726 4474 
13527 3364 4636 4040 4697 
13528 1452 1550 1563 3821 
13529 2309 2196 3789 4502 
13530 491 51 4145 4596 
13531 3748 3817 3408 4034 
13532 3518 2743 4478 4536 
13533 701 702 3457 4356 
13534 2210 3732 4352 4736 
13535 902 905 89 3819 
13536 2104 4194 2130 4630 
13537 721 3437 1954 4722 
13538 2061 1991 1993 4631 
13539 1788 1709 4077 4602 
13540 3769 3891 3432 4647 
13541 197 3827 196 4582 
13542 1790 1704 3847 4696 
13543 3116 3119 3123 4282 
13544 1142 4251 4379 4793 
13545 2822 2705 816 4226 
13546 3556 3380 3871 4581 
13547 2215 3699 2217 4202 
13548 3327 3535 3717 4587 
13549 961 950 953 3894 
13550 1774 4308 3517 4595 
13551 2668 4424 813 4704 
13552 2306 4364 2246 4664 
13553 3590 4108 3338 4542 
13554 3505 4435 3708 4592 
13555 2569 4371 3563 4470 
13556 3294 3572 4185 4584 
13557 3401 3996 3793 4201 
13558 142 4280 941 4550 
13559 1527 3219 1451 3775 
13560 2848 206 205 3641 
13561 3536 4026 3390 4220 
13562 3679 4345 4073 4550 
13563 3526 4403 1689 4433 
13564 3538 4200 2747 4272 
13565 3597 4331 3373 4561 
13566 2985 3075 2847 3814 
13567 3454 3852 3679 4697 
13568 3016 3220 3764 3987 
13569 3454 3679 4373 4430 
13570 574 3750 3801 4714 
13571 3017 2787 2692 4031 
13572 1650 469 3772 4696 
13573 3643 3920 2756 4243 
13574 2007 1998 2096 3990 
13575 2280 3668 2278 4690 
13576 3286 3608 3860 4409 
13577 1449 1547 1485 3694 
13578 1072 3718 1066 3768 
13579 2532 2517 2515 3680 
13580 3285 3548 3807 4380 
13581 2171 2170 4253 4318 
13582 3917 4145 1398 4795 
13583 1696 3610 1684 4148 
13584 1457 1487 1526 4770 
13585 3308 3551 4299 4321 
13586 3444 3983 3887 4727 
13587 1550 1503 2803 3821 
13588 905 3819 1147 4089 
13589 2862 2859 2860 4292 
13590 3318 4006 3722 4298 
13591 3540 3674 3304 4444 
13592 2018 1989 1988 3647 
13593 810 3604 811 4720 
13594 3686 3819 3342 3850 
13595 3645 4015 3855 4025 
13596 2375 2279 3780 4369 
13597 3610 4176 3295 4669 
13598 1831 1832 1828 4102 
13599 3282 4057 3597 4331 
13600 2966 2945 2846 3670 
13601 2674 2658 3917 4145 
13602 474 475 1384 3596 
13603 1962 2071 4030 4642 
13604 3795 3308 4288 4321 
13605 2093 3547 2041 4344 
13606 2138 3638 2402 4102 
13607 2172 2439 2404 3507 
13608 1683 4148 1684 4332 
13609 2470 2267 4207 4504 
13610 3064 3181 3263 3522 
13611 3545 4073 3848 4297 
13612 2241 2369 4040 4783 
13613 1385 4387 3734 4671 
13614 1489 1490 1488 3923 
13615 3331 3677 3583 4217 
13616 1918 705 241 3910 
13617 3812 3845 3352 4227 
13618 3614 3802 3348 4133 
13619 2210 4557 3732 4736 
13620 3645 3855 3345 4025 
13621 395 4033 3725 4530 
13622 1535 1527 3775 4111 
13623 3589 4188 3800 4540 
13624 1438 3804 964 4025 
13625 958 982 965 4117 
13626 3576 4100 3237 4419 
13627 2554 3779 2484 3912 
13628 3333 4164 3606 4618 
13629 3677 3873 3328 4781 
13630 2666 2636 2582 3895 
13631 3209 3230 3054 4654 
13632 1778 3995 3637 4248 
13633 3939 4194 3621 4630 
13634 1294 1273 3573 4383 
13635 2039 2038 3812 4227 
13636 483 4081 3636 4405 
13637 1320 4428 440 4649 
13638 3392 4457 4029 4611 
13639 1040 4110 237 4477 
13640 963 3804 961 4319 
13641 3481 4466 3557 4553 
13642 3200 1648 3019 4165 
13643 3472 4160 3807 4781 
13644 3550 4124 3305 4660 
13645 2159 2135 2160 3750 
13646 229 4055 3844 4322 
13647 3656 473 3934 4206 
13648 1048 4377 3481 4713 
13649 3523 3388 4115 4498 
13650 1282 3991 427 4247 
13651 2246 2219 2220 3634 
13652 418 4044 3484 4715 
13653 2576 2509 3546 4218 
13654 3280 3484 3512 4343 
13655 3596 3934 3319 3935 
13656 3281 3683 3579 4428 
13657 3325 3720 4008 4402 
13658 3280 3513 3653 4633 
13659 3344 3539 3843 4678 
13660 3461 3744 3714 3984 
13661 3333 4164 3758 4418 
13662 132 3777 901 3975 
13663 1343 4395 3513 4780 
13664 1425 1657 472 3919 
13665 1197 2180 1216 3757 
13666 3673 4473 4059 4775 
13667 1148 4109 880 4538 
13668 1812 1876 1839 4033 
13669 953 3485 954 4319 
13670 4332 4403 3526 4669 
13671 2300 3638 3837 4376 
13672 3376 3655 4075 4162 
13673 1853 3655 1836 4013 
13674 3601 4490 3981 4716 
13675 3304 4085 3746 4585 
13676 2199 2332 2198 4526 
13677 3242 4208 3492 4231 
13678 3633 3703 3322 4357 
13679 1766 3025 1642 3785 
13680 389 1315 388 3712 
13681 3031 3856 3042 4250 
13682 3130 3109 3107 3571 
13683 1051 1063 4232 4347 
13684 2010 2035 2037 3866 
13685 2170 3528 4253 4721 
13686 101 3591 3909 4430 
13687 3289 3761 4545 4737 
13688 2990 3140 3007 3814 
13689 3427 3963 4137 4477 
13690 1379 1395 1429 4107 
13691 3138 3957 3040 4415 
13692 2443 1624 1568 4196 
13693 3293 3955 3649 4682 
13694 426 4247 4635 4717 
13695 2865 2879 2867 3951 
13696 3114 3115 3116 3590 
13697 2897 4132 3669 4443 
13698 1564 1627 1595 4647 
13699 1768 4205 1719 4588 
13700 3281 3579 4274 4428 
13701 3577 3331 3873 4223 
13702 3360 4108 4100 4467 
13703 3820 3899 3898 4495 
13704 2092 2008 2065 4460 
13705 1979 3828 2009 4685 
13706 3091 3152 3674 4284 
13707 994 3 139 3976 
13708 3416 4093 3776 4287 
13709 1715 4308 3600 4607 
13710 3363 3867 3497 4190 
13711 2046 1976 3914 4304 
13712 3396 4157 3669 4479 
13713 3291 4087 3558 4748 
13714 1126 1026 1084 3567 
13715 2293 2295 2292 4296 
13716 4078 4731 3854 4791 
13717 3762 4054 2026 4169 
13718 4097 4123 3576 4282 
13719 954 985 966 3829 
13720 3654 3861 3532 4790 
13721 1021 996 1090 3894 
13722 2540 1299 2494 3716 
13723 4016 4349 3650 4409 
13724 3501 3997 2455 4452 
13725 2101 1950 2053 4220 
13726 2533 2534 4154 4312 
13727 468 469 1412 4696 
13728 3791 4467 3476 4762 
13729 1558 3594 1533 4573 
13730 1640 1762 3656 4638 
13731 3781 4423 3311 4541 
13732 873 892 1175 4155 
13733 2783 2792 3630 4128 
13734 3737 4084 3395 4509 
13735 1990 1986 3845 3914 
13736 3096 3094 3139 4326 
13737 1976 2046 1974 4304 
13738 3436 4042 3949 4350 
13739 3371 3860 3599 4338 
13740 3382 4057 3977 4401 
13741 2204 2380 2457 4604 
13742 3304 3957 3607 4444 
13743 867 3777 131 3936 
13744 2410 2300 2138 3638 
13745 3728 4438 3523 4498 
13746 3417 4097 4123 4594 
13747 88 3819 905 4089 
13748 2215 2213 2212 3732 
13749 2032 1984 1983 4169 
13750 2051 2188 2024 4462 
13751 3825 3936 872 3953 
13752 3353 3551 4321 4532 
13753 417 1351 416 4719 
13754 1499 1460 1463 4276 
13755 952 997 1034 3766 
13756 3354 4131 3811 4694 
13757 1458 1460 1461 3978 
13758 451 4406 3965 4603 
13759 2080 3613 4026 4679 
13760 395 396 1332 4021 
13761 3528 3365 4047 4692 
13762 3909 4035 940 4280 
13763 3442 3878 3688 4662 
13764 3385 4188 3657 4296 
13765 3171 4259 3449 4598 
13766 2733 3871 2768 4581 
13767 2360 2361 2266 4504 
13768 3347 3613 4101 4742 
13769 710 2088 4246 4679 
13770 1751 3026 1638 3737 
13771 3396 3905 3669 4157 
13772 868 871 3813 4586 
13773 3328 3807 4160 4781 
13774 2000 2003 1996 3554 
13775 3584 2930 4667 4672 
13776 3592 4372 3715 4378 
13777 2856 3793 2854 4120 
13778 3401 3996 3798 4605 
13779 2001 3740 3710 4152 
13780 3457 4071 3686 4683 
13781 3606 3826 3374 4350 
13782 3429 4298 3722 4737 
13783 3347 4014 4422 4742 
13784 3437 3909 3330 4708 
13785 574 3801 2662 4507 
13786 2746 4200 3985 4272 
13787 1734 3555 1733 4756 
13788 1536 882 1524 3822 
13789 2466 3623 2141 4702 
13790 3391 3946 3662 4681 
13791 2081 2010 2031 3828 
13792 3426 3586 4517 4727 
13793 2637 2634 3840 4743 
13794 3746 4085 3888 4585 
13795 209 3859 3516 4307 
13796 3635 3379 4027 4787 
13797 1299 3716 406 4508 
13798 1379 2808 1395 4107 
13799 1142 4251 2373 4379 
13800 2788 2793 2748 4082 
13801 3595 3906 3388 4215 
13802 2391 2355 2238 4228 
13803 2596 2594 2595 4281 
13804 3461 3340 3948 4551 
13805 1042 1135 1043 3557 
13806 1806 412 411 3652 
13807 3598 3376 4161 4734 
13808 1936 245 1911 3457 
13809 2832 2975 2917 4052 
13810 902 1147 905 3819 
13811 3433 4065 3616 4265 
13812 245 138 921 3457 
13813 429 3287 4565 4600 
13814 3959 3386 4135 4652 
13815 2046 1974 3548 4491 
13816 2812 2727 3601 4211 
13817 3841 4468 4254 4513 
13818 4051 4232 227 4309 
13819 1801 3655 1881 4102 
13820 2924 4027 3799 4787 
13821 2141 3623 1153 4702 
13822 2900 3697 2915 4292 
13823 1294 1273 1247 3573 
13824 3307 4252 3687 4577 
13825 3501 3434 3964 3997 
13826 3371 4024 3538 4655 
13827 3556 4175 3818 4222 
13828 2818 449 2696 3721 
13829 1719 1720 3875 4205 
13830 242 4028 3514 4674 
13831 3820 3898 3351 4495 
13832 3655 3823 3377 4013 
13833 4333 4481 1357 4566 
13834 1954 721 2069 3437 
13835 3556 3818 3431 4626 
13836 3945 4556 3480 4594 
13837 1421 3497 1386 4190 
13838 2291 3646 2292 4177 
13839 3637 3992 3413 3995 
13840 434 159 3416 4081 
13841 2035 3866 2081 4679 
13842 1748 1720 1779 3658 
13843 899 3931 869 4345 
13844 3328 3877 3621 4065 
13845 940 4035 143 4280 
13846 2868 3669 2897 4132 
13847 3842 4303 3425 4433 
13848 3281 3682 3589 4103 
13849 3535 3778 3709 4331 
13850 3548 3994 1974 4755 
13851 443 3946 3739 4279 
13852 3387 3890 3882 4098 
13853 2739 3538 2747 4272 
13854 2101 2080 4026 4679 
13855 3157 3592 3060 4378 
13856 1180 1181 1153 3623 
13857 3158 3555 3019 4303 
13858 3282 3717 3857 4057 
13859 3592 3413 3924 4695 
13860 3074 3612 3231 4110 
13861 435 198 205 1004 
13862 3344 3843 3539 4170 
13863 3645 4025 3345 4770 
13864 3353 4163 4359 4670 
13865 3334 3761 3519 4324 
13866 3645 3923 1461 4770 
13867 1193 1225 1212 4197 
13868 1129 1557 1101 3766 
13869 3198 3178 3263 3798 
13870 2870 3669 3869 4443 
13871 1282 427 1289 4247 
13872 3100 3101 4413 4609 
13873 2892 4213 3557 4672 
13874 3377 4033 3823 4530 
13875 877 1188 1143 3907 
13876 3565 4042 3734 4171 
13877 4253 4318 3465 4515 
13878 405 3999 1263 4508 
13879 3114 3116 3220 3590 
13880 238 1904 1940 4597 
13881 3564 4368 3918 4561 
13882 1048 3481 240 4713 
13883 3882 4342 3285 4666 
13884 2718 2765 3940 4254 
13885 3669 3905 3396 4132 
13886 3206 4317 3620 4620 
13887 3164 1452 3073 4583 
13888 2448 2475 2344 3657 
13889 1655 4323 3617 4429 
13890 3356 3594 3986 4624 
13891 193 1007 196 4582 
13892 3323 3657 4188 4296 
13893 425 3827 1256 4012 
13894 3695 3989 3593 4395 
13895 3135 4252 3508 4480 
13896 1250 4064 394 4516 
13897 3409 4121 3862 4518 
13898 2457 2380 2129 3546 
13899 3324 4087 3541 4574 
13900 3887 3983 3426 4727 
13901 3560 4334 3849 4362 
13902 1948 2112 2102 4482 
13903 379 1283 1252 3751 
13904 3325 4008 3799 4277 
13905 3559 4055 3326 4529 
13906 2980 2928 3869 4443 
13907 3582 3915 3339 4021 
13908 2234 3696 2350 4126 
13909 2878 2918 2863 4301 
13910 2324 2168 2183 4118 
13911 3404 4439 4241 4459 
13912 387 3823 1240 4162 
13913 1287 1270 1241 3930 
13914 1727 4279 3901 4681 
13915 1160 1215 1199 3868 
13916 3334 3511 4062 4435 
13917 2449 3774 2259 4060 
13918 3 3718 139 3976 
13919 1247 1294 3573 4198 
13920 3325 3491 4008 4351 
13921 3524 3808 3542 4192 
13922 3100 4413 3685 4609 
13923 3479 3292 3776 3970 
13924 3043 3856 3143 3954 
13925 2007 2022 3533 4241 
13926 993 161 1477 4025 
13927 240 3481 1048 4553 
13928 197 3733 1256 3827 
13929 3304 4215 3859 4302 
13930 3306 3533 4459 4750 
13931 3402 3830 3963 4137 
13932 924 3457 157 4180 
13933 3506 3966 3761 4737 
13934 4188 4634 4103 4689 
13935 486 487 3889 4600 
13936 3026 3737 1751 4165 
13937 101 3969 3591 4430 
13938 1696 4473 1785 4653 
13939 967 4067 4052 4117 
13940 3303 3959 3834 4546 
13941 3607 3957 3304 4085 
13942 2529 2569 3563 4124 
13943 441 4316 3517 4607 
13944 1381 438 3927 4432 
13945 2537 2481 2655 4127 
13946 3405 3742 3821 4469 
13947 3486 4132 2866 4381 
13948 3194 4039 3982 4110 
13949 4254 4468 3731 4513 
13950 3405 3821 3759 4469 
13951 1259 1267 1846 3823 
13952 3977 4057 3704 4401 
13953 83 1111 914 3813 
13954 2381 3831 2310 4502 
13955 447 3712 3565 4037 
13956 1008 210 3509 4415 
13957 1997 4173 3990 4416 
13958 3582 4122 4090 4688 
13959 2285 3743 4041 4754 
13960 228 229 3559 4570 
13961 2442 3694 4000 4661 
13962 3485 4017 3829 4319 
13963 3472 4112 3616 4160 
13964 3838 4161 3598 4634 
13965 2447 3801 2201 4166 
13966 2729 2754 2755 4603 
13967 3312 4010 3547 4631 
13968 2516 2530 4074 4457 
13969 1873 3915 1799 4764 
13970 1405 1388 3604 4446 
13971 2290 4177 3651 4396 
13972 1276 1253 1300 3930 
13973 2783 2792 2694 3630 
13974 3570 4163 3325 4351 
13975 3749 4478 3518 4618 
13976 3766 4069 3397 4712 
13977 2851 3793 2853 4039 
13978 3919 4206 3441 4593 
13979 3635 4027 2923 4787 
13980 3412 3312 4170 4249 
13981 2180 3757 1197 4197 
13982 3447 4497 4259 4577 
13983 3839 3577 4223 4436 
13984 2122 3621 2104 4630 
13985 2693 2708 2707 4134 
13986 3335 4038 3696 4441 
13987 3138 3040 3015 4415 
13988 1257 1268 1250 4064 
13989 3563 4328 2615 4461 
13990 3521 3720 2953 4445 
13991 1471 1096 1102 4000 
13992 2181 4340 4133 4767 
13993 241 3514 4553 4674 
13994 2195 2184 3724 4334 
13995 3545 3848 723 4297 
13996 1832 1881 1830 4102 
13997 2388 3678 2370 4710 
13998 1123 1083 3270 3814 
13999 3888 4476 3479 4585 
14000 3335 3446 3961 4447 
14001 1601 1624 1569 4628 
14002 3373 3564 3918 4561 
14003 3547 4344 3846 4629 
14004 2378 2294 4013 4472 
14005 2127 1156 2372 3659 
14006 3553 3866 3390 4679 
14007 3390 3613 4026 4192 
14008 2516 2521 2530 4457 
14009 3200 3019 3121 4165 
14010 2818 1428 449 3721 
14011 3320 4397 3583 4645 
14012 3579 3771 3281 4274 
14013 1036 1141 1086 4086 
14014 3319 4465 3809 4569 
14015 984 2965 980 3902 
14016 1181 1206 1184 3819 
14017 3332 3872 3586 4517 
14018 4182 4369 3780 4690 
14019 1902 1930 236 4101 
14020 705 4011 3910 4286 
14021 2209 2210 3787 4352 
14022 1248 1259 1865 4033 
14023 92 3446 3714 4158 
14024 1709 4210 4077 4602 
14025 2503 2488 4218 4680 
14026 3315 3815 4147 4408 
14027 629 3755 1813 4184 
14028 1307 44 49 3682 
14029 235 1067 236 3612 
14030 1862 1812 1846 3823 
14031 1818 3915 1816 4399 
14032 3831 4230 2555 4260 
14033 2753 3841 2750 3950 
14034 3450 4572 4242 4731 
14035 2990 3004 3140 3814 
14036 2426 1545 4018 4452 
14037 2651 3496 3912 4559 
14038 3624 4228 4088 4535 
14039 477 4063 3703 4448 
14040 3941 4202 3354 4388 
14041 2221 3699 4397 4753 
14042 1994 3539 1993 4416 
14043 436 2784 1426 4393 
14044 1396 1428 2817 3998 
14045 2812 2727 2725 3601 
14046 3431 4478 3749 4618 
14047 3970 4076 3776 4287 
14048 2220 4004 3634 4388 
14049 2243 2275 2351 3852 
14050 3449 4259 3171 4487 
14051 3412 3851 3312 4249 
14052 1403 4423 3998 4671 
14053 2799 4144 4272 4558 
14054 3594 3356 4119 4624 
14055 1931 232 713 4385 
14056 3408 4001 3565 4274 
14057 3407 3599 4311 4338 
14058 3550 4154 4124 4773 
14059 948 3641 985 3976 
14060 1546 2703 1503 3742 
14061 2915 2875 2858 3542 
14062 3363 3636 3867 4190 
14063 1630 1617 1572 4199 
14064 3243 3521 3246 4577 
14065 2130 4194 2321 4630 
14066 3599 3288 4108 4349 
14067 3523 3361 4111 4438 
14068 3400 3828 4010 4104 
14069 443 3739 3946 4428 
14070 3427 3793 3963 4477 
14071 1686 1737 1689 4403 
14072 3243 3521 4577 4663 
14073 1491 4238 1510 4770 
14074 2212 2214 2358 4557 
14075 1917 2471 1882 2299 
14076 2147 3805 2458 4119 
14077 974 971 3575 4032 
14078 1785 4473 3736 4653 
14079 2022 3533 4241 4459 
14080 2009 2031 3828 4237 
14081 2846 2945 2959 3644 
14082 2348 4204 3566 4348 
14083 1998 2007 2006 3990 
14084 384 1310 383 4757 
14085 3597 3341 4568 4695 
14086 3405 3607 4578 4705 
14087 2895 4008 3799 4427 
14088 3960 4610 401 4688 
14089 3378 3663 3994 4342 
14090 2021 3647 1988 4169 
14091 955 974 978 4768 
14092 3662 3946 4595 4681 
14093 2154 2052 1957 4763 
14094 1498 1500 3794 4707 
14095 2903 4273 2884 4524 
14096 2727 3981 3601 4211 
14097 3799 4008 3493 4277 
14098 4255 4259 3170 4598 
14099 3548 4233 3378 4342 
14100 2921 2977 4052 4117 
14101 3654 3532 4772 4790 
14102 3473 4503 3608 4569 
14103 89 937 90 3850 
14104 3495 3299 4257 4422 
14105 3441 4306 3918 4658 
14106 3605 4091 3373 4262 
14107 4279 4595 3946 4681 
14108 3730 4172 3455 4384 
14109 3343 3675 4587 4593 
14110 237 1040 1104 4110 
14111 3276 3791 3162 4467 
14112 1572 1582 1615 4199 
14113 3334 4082 4062 4453 
14114 2497 1769 1653 4130 
14115 2170 3528 2479 4253 
14116 2350 2433 2391 4126 
14117 2353 2235 2228 4217 
14118 3413 3658 4248 4659 
14119 2242 3852 2224 4636 
14120 3660 3892 3602 4745 
14121 3380 4387 3896 4671 
14122 3333 3754 3571 4548 
14123 2845 4564 2956 4725 
14124 2764 3643 4243 4325 
14125 3816 3900 3589 4747 
14126 1249 417 416 3802 
14127 2942 2980 2981 3575 
14128 1409 4323 3497 4691 
14129 1250 4064 388 4530 
14130 3469 3770 4223 4436 
14131 3432 3642 3769 4759 
14132 2246 3634 4004 4364 
14133 811 2666 2582 3895 
14134 2286 2423 4196 4614 
14135 3364 4430 4345 4697 
14136 1170 1223 1156 3659 
14137 1215 1160 1232 3868 
14138 4439 4459 3404 4750 
14139 2971 2906 2831 4729 
14140 3395 3735 3549 4509 
14141 1463 4276 1467 4411 
14142 2281 2278 3668 4759 
14143 3386 4289 4135 4652 
14144 3209 3713 3230 4654 
14145 3652 3870 3349 4336 
14146 1458 1461 1487 3645 
14147 3084 3223 3256 3569 
14148 3460 4407 3747 4704 
14149 3098 3944 3132 4111 
14150 1967 4484 3689 4685 
14151 3680 3366 3782 4617 
14152 2730 2731 2728 4455 
14153 3555 3355 4165 4756 
14154 2563 2493 2536 4230 
14155 3487 4464 4086 4521 
14156 1326 4122 4090 4330 
14157 899 890 869 3931 
14158 3499 4066 3430 4141 
14159 3304 3509 3957 4444 
14160 1220 3948 1205 4551 
14161 3444 3974 3716 4508 
14162 3598 386 4370 4734 
14163 3630 3836 3314 4731 
14164 456 455 1331 4036 
14165 2903 2908 4273 4524 
14166 3826 4042 3949 4541 
14167 3260 3567 3092 4335 
14168 627 1770 626 4121 
14169 89 90 902 3929 
14170 2484 2542 3211 3779 
14171 2654 2623 2583 3887 
14172 3244 3118 3162 4100 
14173 1487 3645 1461 4770 
14174 1486 1483 1536 4080 
14175 2545 2512 2514 3925 
14176 2817 1374 1396 3998 
14177 2821 3650 2791 4144 
14178 3357 3896 3611 4637 
14179 3838 4161 384 4757 
14180 3153 3065 3067 3631 
14181 3800 4188 3385 4540 
14182 2973 973 2972 4159 
14183 1924 706 240 4011 
14184 1924 241 705 4011 
14185 3245 3151 3144 4496 
14186 3350 3516 4307 4606 
14187 3480 4408 3815 4594 
14188 1393 464 1434 3962 
14189 2064 3531 704 4771 
14190 3709 4617 3410 4660 
14191 3391 4279 3946 4681 
14192 2147 2363 1447 4119 
14193 722 723 3545 3848 
14194 3316 3753 3560 4517 
14195 3636 3867 4358 4513 
14196 2766 3471 4254 4534 
14197 1812 1259 3823 4033 
14198 2503 2495 2556 3806 
14199 3371 3650 4349 4409 
14200 1980 1970 4072 4685 
14201 2159 3750 2160 4579 
14202 2122 3621 2119 4290 
14203 3465 3931 3741 4515 
14204 1621 4196 1601 4628 
14205 725 2462 3666 3968 
14206 410 3513 1343 4395 
14207 2182 3614 2168 4340 
14208 3567 3585 4421 4672 
14209 3350 3916 3516 4606 
14210 2149 2307 2322 3789 
14211 1287 3930 1241 4049 
14212 3588 4017 3293 4682 
14213 884 872 3936 3953 
14214 2352 2446 3616 4160 
14215 3353 4239 3664 4532 
14216 3150 3821 3759 4705 
14217 3654 3532 4235 4772 
14218 3351 3898 3820 4522 
14219 3111 3112 3758 4019 
14220 2902 3584 2890 4505 
14221 3526 4332 1689 4403 
14222 2823 2801 3748 4432 
14223 144 3705 4229 4768 
14224 2753 3841 3950 4468 
14225 3597 3373 4262 4561 
14226 2521 2523 3700 4154 
14227 3547 4010 2041 4631 
14228 143 3893 3705 4768 
14229 3443 4145 3917 4795 
14230 3801 4118 3348 4579 
14231 3631 4578 3607 4705 
14232 2009 3828 1978 4685 
14233 1344 464 463 4779 
14234 470 1755 469 3772 
14235 2668 2582 2635 3895 
14236 4026 4192 3313 4449 
14237 3312 3547 4185 4293 
14238 1741 3842 1685 4332 
14239 3592 3992 3072 4520 
14240 3335 3624 3858 4088 
14241 472 473 1425 3656 
14242 3231 3996 3051 4039 
14243 3282 3717 3796 3857 
14244 4129 4225 3295 4637 
14245 3741 3931 3364 4515 
14246 1882 2471 30 2299 
14247 3262 2824 3218 3821 
14248 1829 1880 1831 4161 
14249 1079 3182 3092 4335 
14250 3415 3865 3617 4429 
14251 2930 2902 3584 4667 
14252 3865 4429 3415 4653 
14253 3705 3988 3344 4229 
14254 1456 1459 1458 3978 
14255 2226 3677 2228 4217 
14256 2057 4227 2028 4511 
14257 3869 4157 3300 4479 
14258 1979 2009 1978 4685 
14259 1143 1188 1204 3907 
14260 2922 2949 2923 3635 
14261 2745 2742 2799 4272 
14262 3309 3840 3747 4785 
14263 3736 4020 3611 4463 
14264 476 477 1376 3703 
14265 3641 3829 3464 4363 
14266 3355 4078 3555 4216 
14267 3469 3858 3331 4088 
14268 3329 3879 3529 4257 
14269 3529 3879 3495 4257 
14270 1287 1241 418 4049 
14271 47 3622 430 4214 
14272 446 3565 447 3734 
14273 445 3739 1309 4037 
14274 1684 4148 3610 4332 
14275 3346 3741 3698 3958 
14276 455 1786 3736 4528 
14277 3376 4162 3625 4689 
14278 3319 3934 3596 4450 
14279 1236 1227 1230 3757 
14280 1043 4421 1044 4674 
14281 2209 2210 4352 4736 
14282 3291 3558 4249 4748 
14283 2695 3022 2798 3760 
14284 3312 4185 3537 4293 
14285 3691 4587 3675 4593 
14286 3103 3854 3105 4791 
14287 3546 3831 2544 4260 
14288 1974 2056 1972 4094 
14289 2881 2882 2883 3952 
14290 2985 2847 2961 3814 
14291 3370 3913 3743 4698 
14292 2439 2123 2109 2172 
14293 3674 4258 3225 4444 
14294 3740 4152 2015 4173 
14295 3531 4054 1947 4286 
14296 417 4048 1351 4719 
14297 3516 3864 3307 4146 
14298 3397 3804 3766 4712 
14299 1446 1549 1289 4247 
14300 1764 3847 1653 4130 
14301 2394 3769 2144 4759 
14302 2221 4397 3752 4753 
14303 2851 3996 3793 4039 
14304 3627 3531 3911 4195 
14305 380 3771 3589 4649 
14306 3320 3732 4397 4645 
14307 3091 3081 3152 4284 
14308 3428 4072 3689 4685 
14309 3793 4120 3347 4201 
14310 3311 3565 3734 4423 
14311 2352 4112 3616 4703 
14312 1109 3980 3036 4149 
14313 3493 4277 4008 4351 
14314 2733 3556 2735 4626 
14315 3325 4008 4277 4351 
14316 1387 810 2823 4432 
14317 3312 3537 4170 4293 
14318 3355 3933 3530 4733 
14319 2041 3547 2068 4344 
14320 2218 3634 2219 4202 
14321 466 3695 1338 4395 
14322 476 3703 1376 4357 
14323 1135 1043 3557 4421 
14324 3703 4063 3525 4448 
14325 1663 1660 1661 4766 
14326 3847 1704 4531 4696 
14327 3031 3032 3856 4226 
14328 3925 4002 3392 4531 
14329 3555 4167 3355 4756 
14330 2303 2302 2209 3787 
14331 1871 1848 1861 4354 
14332 1760 3016 1647 3764 
14333 1760 3764 1724 3987 
14334 3510 3827 3661 4012 
14335 3593 3418 4392 4544 
14336 386 4734 3598 4757 
14337 1056 1075 3688 4464 
14338 3464 3955 3795 4789 
14339 3404 3541 4087 4608 
14340 700 4030 701 4071 
14341 2738 2736 2737 4478 
14342 2861 2912 2856 3963 
14343 3273 3171 3189 4487 
14344 3031 3032 3042 3856 
14345 1836 1853 1801 3655 
14346 3423 3747 3650 4613 
14347 3493 4277 3559 4529 
14348 397 3915 398 4021 
14349 3510 3964 3359 4012 
14350 3232 3508 3135 4252 
14351 3593 4544 3675 4728 
14352 2930 3584 2902 4741 
14353 244 1098 245 4180 
14354 1202 886 1164 4183 
14355 3610 3295 4637 4669 
14356 3331 3858 3624 4088 
14357 3856 4408 3480 4556 
14358 4186 4435 3505 4592 
14359 2862 3632 2916 4292 
14360 3108 3571 4216 4791 
14361 2809 2756 3643 4107 
14362 2218 3634 4202 4388 
14363 3232 4149 3508 4252 
14364 143 938 144 4035 
14365 3388 3640 4215 4302 
14366 1047 1108 1087 4003 
14367 3307 3603 4307 4606 
14368 2808 1395 4107 4534 
14369 99 3811 4264 4471 
14370 3497 4323 622 4691 
14371 96 3803 3770 4590 
14372 3643 3920 3810 4107 
14373 2753 2750 2827 3950 
14374 2240 2248 3904 4204 
14375 2882 3952 2881 4729 
14376 2915 2900 2974 3697 
14377 2040 1979 1981 4010 
14378 3331 3568 3803 4209 
14379 4088 4228 3383 4535 
14380 3313 3892 3660 4745 
14381 3301 4611 3778 4673 
14382 1449 3694 1560 4000 
14383 3669 4157 3869 4479 
14384 3527 3979 3339 4182 
14385 1621 3913 1568 4196 
14386 2671 2570 2660 3806 
14387 3465 3953 3528 4253 
14388 45 4095 1323 4560 
14389 2110 3710 3928 4539 
14390 449 2696 3721 4393 
14391 401 4090 4122 4688 
14392 1686 3610 1696 4653 
14393 1680 1681 1679 4693 
14394 2693 3213 3020 4134 
14395 1966 3562 1948 4291 
14396 2246 2219 3634 4364 
14397 3590 4019 3476 4164 
14398 3538 3408 3817 4655 
14399 2938 3799 2924 4027 
14400 2735 2769 2740 3781 
14401 2729 2730 2728 3981 
14402 2093 2041 2068 4344 
14403 3727 4468 3950 4483 
14404 428 3991 3986 4193 
14405 2522 2569 4124 4470 
14406 4172 4261 3298 4441 
14407 1477 4015 1457 4025 
14408 2983 956 999 4725 
14409 2213 2216 2336 3478 
14410 1100 1094 3064 4313 
14411 3355 4078 3853 4167 
14412 3583 4397 3732 4645 
14413 2172 751 2123 4265 
14414 3354 3634 3947 4373 
14415 3775 4086 1535 4438 
14416 2078 1947 2064 4266 
14417 2324 2161 2168 4118 
14418 3339 3915 3780 3979 
14419 3915 3979 3339 4510 
14420 3332 4245 3753 4517 
14421 1513 1538 2366 3805 
14422 1542 3727 1443 3950 
14423 2524 2525 3779 4686 
14424 1174 1208 3993 4538 
14425 3890 4436 3544 4623 
14426 1044 1045 1047 3585 
14427 3337 3837 3638 4376 
14428 3401 4116 3798 4442 
14429 2536 4230 2493 4260 
14430 3135 3232 3099 3508 
14431 3373 3918 3605 4561 
14432 2764 3940 3643 4325 
14433 3286 4382 3885 4594 
14434 3304 3509 3674 4302 
14435 3338 3590 4100 4108 
14436 2569 2566 2529 3563 
14437 2609 2612 2610 3684 
14438 2479 2170 2179 3528 
14439 387 4075 3823 4162 
14440 199 3776 200 4143 
14441 1924 705 706 4011 
14442 1515 3903 1478 4275 
14443 3238 3754 4031 4548 
14444 3661 4333 4193 4735 
14445 1514 3023 3903 4583 
14446 233 3522 1100 4116 
14447 3309 3704 3977 4556 
14448 3521 3307 4475 4577 
14449 3634 3354 4202 4388 
14450 3292 4076 3645 4488 
14451 4211 4406 3543 4603 
14452 3309 3520 3954 4556 
14453 1558 1481 1533 3594 
14454 905 1192 913 4089 
14455 813 2790 812 4704 
14456 3396 3988 3905 4157 
14457 1950 2084 3536 4026 
14458 3572 3756 3537 4067 
14459 3462 3582 3960 4399 
14460 1273 3573 4383 4610 
14461 3474 3900 4354 4718 
14462 3276 3120 3167 4627 
14463 4404 4464 3649 4662 
14464 2479 3824 2332 4253 
14465 3600 3935 3656 4638 
14466 3685 4326 3448 4410 
14467 2275 2399 2351 4004 
14468 1522 1540 1445 4069 
14469 2961 2847 2969 3814 
14470 2372 2150 2355 4699 
14471 1573 3820 2158 4761 
14472 1160 3868 1199 4684 
14473 1937 722 3545 4722 
14474 3504 3291 4458 4694 
14475 1273 1247 3573 4610 
14476 2808 4107 2809 4534 
14477 3815 4123 3417 4205 
14478 2453 2248 2389 3904 
14479 3726 3358 3952 4524 
14480 2137 218 3908 4244 
14481 1434 2490 1393 3962 
14482 3598 4370 3376 4734 
14483 3393 3702 4305 4628 
14484 2546 2488 3806 4680 
14485 3680 4074 3410 4773 
14486 2290 3651 2289 4396 
14487 3693 3988 3300 4157 
14488 2259 3774 2318 4060 
14489 448 449 1428 3721 
14490 3018 3079 3138 3509 
14491 3764 3785 3338 4282 
14492 470 1755 3772 4514 
14493 3817 3748 4200 4720 
14494 199 4093 4143 4691 
14495 1249 3802 4235 4314 
14496 3352 3730 4380 4384 
14497 3798 4116 3522 4442 
14498 3295 3601 4225 4652 
14499 3753 4245 3560 4517 
14500 3608 3502 4407 4562 
14501 4128 4242 3450 4549 
14502 3442 3768 3649 3955 
14503 1810 1847 2410 3837 
14504 2341 4041 2283 4182 
14505 2561 2540 2505 3716 
14506 3623 3678 3342 4710 
14507 3629 3969 896 4430 
14508 1689 1741 1685 4332 
14509 3626 4180 3458 4485 
14510 3035 3189 3246 4445 
14511 396 4020 1332 4021 
14512 1463 1469 1499 4411 
14513 3579 440 4428 4649 
14514 4087 4574 3558 4748 
14515 3282 3535 4331 4587 
14516 3915 3339 4021 4510 
14517 2755 3871 3965 4581 
14518 2875 2880 3723 4729 
14519 2161 2201 3801 4118 
14520 3454 4430 3969 4783 
14521 3382 3857 3717 4057 
14522 1095 1020 1084 4256 
14523 146 3756 4067 4264 
14524 436 2706 2784 3748 
14525 425 4012 4635 4735 
14526 3817 4200 3985 4720 
14527 3642 3769 3351 4688 
14528 3432 3769 3642 4688 
14529 2854 4120 3793 4201 
14530 905 913 88 4089 
14531 2098 3843 1949 4353 
14532 3293 4017 3955 4682 
14533 3076 3234 4231 4687 
14534 1213 3884 1179 4155 
14535 3666 3908 3369 4526 
14536 380 4540 1237 4639 
14537 1133 1102 1033 4000 
14538 3327 3717 3796 4587 
14539 3839 3882 3577 4436 
14540 3582 3915 399 4399 
14541 2504 2502 2503 4508 
14542 3150 3166 3759 3821 
14543 3688 4464 4404 4662 
14544 1177 1191 1213 4793 
14545 2463 2373 4251 4379 
14546 2007 3533 2022 4459 
14547 2281 2313 3922 4698 
14548 1054 1076 1058 3878 
14549 2210 2212 3732 4557 
14550 1747 1790 4531 4740 
14551 2318 4060 3774 4710 
14552 1207 4251 1142 4793 
14553 1411 1376 3633 4446 
14554 2210 2211 4557 4736 
14555 2483 465 466 3989 
14556 3482 3919 3618 4593 
14557 979 1090 996 3894 
14558 3341 4057 3977 4327 
14559 3320 3752 3583 4397 
14560 225 3551 1051 4232 
14561 3468 4174 3752 4753 
14562 3482 4514 3926 4780 
14563 2395 4000 1099 4244 
14564 1990 1985 1986 3914 
14565 3631 3759 3405 4705 
14566 2418 2410 1847 3837 
14567 2995 3670 1025 4003 
14568 2626 2605 2602 4145 
14569 2090 4353 2044 4678 
14570 3320 3568 4005 4113 
14571 1973 1977 2033 4755 
14572 1653 1757 2482 4740 
14573 1119 1024 3492 4231 
14574 3021 3791 2702 3792 
14575 2982 3967 2837 4288 
14576 3050 4077 3277 4317 
14577 1237 4540 3751 4639 
14578 2296 4376 2301 4651 
14579 1775 1773 3011 4205 
14580 3399 4167 3933 4360 
14581 93 891 3744 4109 
14582 2221 2222 3699 4753 
14583 2012 3774 2431 4642 
14584 2177 2486 2543 3831 
14585 2010 2081 2035 3866 
14586 1662 1700 3618 4306 
14587 1123 3004 1095 3814 
14588 3288 3599 4108 4542 
14589 2818 2817 1428 3998 
14590 2161 4118 3801 4579 
14591 1079 1126 1046 4335 
14592 3191 3921 3181 4654 
14593 2076 2059 4152 4173 
14594 3397 4238 3804 4712 
14595 3979 4510 3915 4764 
14596 717 2066 718 4099 
14597 1859 398 1799 3915 
14598 3799 4027 3379 4787 
14599 725 2462 2299 3666 
14600 720 1921 719 3664 
14601 3390 4192 4026 4449 
14602 2110 3710 2111 4290 
14603 3269 2642 2672 3912 
14604 712 233 3879 4385 
14605 1078 3775 3980 4547 
14606 2242 2243 2224 3852 
14607 236 3612 1040 4477 
14608 709 3613 2080 4679 
14609 3232 3136 4149 4252 
14610 3324 3740 3972 4574 
14611 3405 3506 4269 4469 
14612 2832 969 2975 4052 
14613 3589 3800 3682 4540 
14614 3411 3661 4198 4333 
14615 3859 4215 3640 4302 
14616 2974 3697 2840 4159 
14617 3705 4479 3880 4768 
14618 3330 4035 4280 4437 
14619 2449 2259 2318 4060 
14620 2992 3670 2995 4003 
14621 2126 3711 2470 4207 
14622 2651 3912 2589 4417 
14623 3575 3880 3869 4479 
14624 2333 2324 2183 4118 
14625 2694 3630 2792 4575 
14626 3144 3084 3256 4496 
14627 1120 1140 247 910 
14628 3317 3892 3536 4054 
14629 1702 3738 1703 4002 
14630 4059 4463 3736 4473 
14631 469 1755 1650 3772 
14632 1288 414 413 3701 
14633 3312 3539 4170 4249 
14634 196 1005 193 4582 
14635 3475 3992 3637 4210 
14636 3120 3791 3276 4467 
14637 3387 3524 4098 4449 
14638 2235 3681 2361 4217 
14639 3292 3745 3595 4215 
14640 2921 2976 3587 4052 
14641 3730 3973 3446 4447 
14642 3285 3973 3730 4447 
14643 3621 3672 3422 4630 
14644 2067 1954 3692 3848 
14645 3237 4250 3576 4419 
14646 2002 2027 2026 3762 
14647 3041 2828 2939 3921 
14648 2291 3646 4177 4396 
14649 3409 3957 3607 4085 
14650 1421 1409 1386 3497 
14651 3476 4536 3791 4762 
14652 1592 3769 1591 4285 
14653 1993 3539 1994 4678 
14654 1994 1997 3990 4416 
14655 3746 3888 3479 4585 
14656 2280 2281 2278 3668 
14657 1137 3671 1105 4043 
14658 3306 3852 4004 4500 
14659 2315 2296 2301 4651 
14660 241 1018 242 4674 
14661 4 105 922 4375 
14662 139 3 922 4375 
14663 149 3890 3544 4623 
14664 1766 1642 1768 3785 
14665 222 3718 3832 4375 
14666 3551 4232 3690 4347 
14667 1480 3986 428 3991 
14668 2591 2637 2648 4496 
14669 3613 4101 3628 4723 
14670 1421 3497 4190 4691 
14671 3355 3555 4078 4167 
14672 810 2801 4432 4720 
14673 1320 3683 4428 4649 
14674 3600 4316 3517 4552 
14675 3902 4273 2908 4524 
14676 3288 4389 3606 4618 
14677 2307 3876 3789 4334 
14678 3750 1579 4426 4714 
14679 155 3686 3500 3911 
14680 3664 4239 3574 4532 
14681 3629 3969 4430 4783 
14682 3405 4269 3506 4578 
14683 3170 4259 4497 4577 
14684 4086 4464 1074 4521 
14685 3506 3761 4153 4737 
14686 3432 4560 3788 4647 
14687 3915 4510 4021 4764 
14688 905 1147 1192 4089 
14689 3227 4139 3779 4640 
14690 3455 4169 3647 4172 
14691 3473 3935 3927 4569 
14692 3346 3852 3581 3968 
14693 3313 4026 3628 4723 
14694 3596 3322 3703 4357 
14695 458 4323 4429 4616 
14696 3776 4093 3363 4143 
14697 3324 3787 4087 4352 
14698 2610 2611 2608 4023 
14699 3316 3886 3546 4604 
14700 3702 4064 3393 4305 
14701 1493 1523 1508 4438 
14702 2531 2527 2552 3847 
14703 2407 3805 2329 4283 
14704 3334 3760 4082 4453 
14705 1534 1451 1555 3775 
14706 1196 3711 1149 4207 
14707 1978 2010 2037 3828 
14708 2113 3621 2122 4482 
14709 469 411 1346 4780 
14710 3837 2301 4376 4651 
14711 3307 4146 3864 4475 
14712 144 965 3880 4229 
14713 3454 4636 4040 4783 
14714 2493 2540 2561 4260 
14715 2914 2878 2913 3937 
14716 1081 3076 4231 4687 
14717 1119 1065 1024 4231 
14718 3477 3745 3595 4276 
14719 3336 3627 3850 4261 
14720 3011 3222 3215 3658 
14721 2824 2781 3218 3821 
14722 1666 1748 3605 4368 
14723 2875 2880 2861 3723 
14724 3818 4175 3490 4222 
14725 152 153 975 3602 
14726 3618 3919 3441 4593 
14727 1485 1545 1484 4018 
14728 1928 1909 244 4390 
14729 3341 3592 3924 4695 
14730 2619 3633 2636 4446 
14731 3725 4064 1281 4530 
14732 3889 4405 3648 4600 
14733 3026 3159 3737 4165 
14734 3621 2119 4290 4630 
14735 1940 3628 238 4597 
14736 1604 1572 391 3797 
14737 2505 2576 2561 4260 
14738 2152 1801 1878 4102 
14739 1235 906 1215 3868 
14740 1049 3483 4231 4346 
14741 2399 3581 2275 4664 
14742 1527 1442 3028 4111 
14743 1967 3689 1970 4685 
14744 4032 4239 3498 4725 
14745 2437 2260 2261 3898 
14746 917 874 1211 4425 
14747 3211 3227 3779 4061 
14748 3877 4065 3328 4233 
14749 448 449 3721 4106 
14750 2315 2301 4234 4651 
14751 3645 3345 4493 4770 
14752 2705 815 816 4226 
14753 2004 4420 4491 4511 
14754 2264 3678 2388 4710 
14755 3517 4308 3600 4552 
14756 3552 4120 2857 4201 
14757 3394 4382 4311 4554 
14758 3704 3885 3315 4556 
14759 2406 2201 2447 3801 
14760 3837 4234 2301 4651 
14761 4153 4269 3506 4737 
14762 1664 3765 1714 4056 
14763 3286 3608 4409 4751 
14764 2250 2417 2466 4060 
14765 1017 3551 225 4299 
14766 2896 2981 3575 4564 
14767 3736 4473 3610 4653 
14768 1214 1196 1189 3711 
14769 3384 4289 3810 4616 
14770 2050 2382 3812 4431 
14771 2166 3942 195 3971 
14772 3333 3758 3571 4418 
14773 3452 4270 4382 4554 
14774 1256 1269 326 3733 
14775 3435 3703 4063 4648 
14776 3289 4269 4153 4737 
14777 1272 4247 426 4717 
14778 2753 2797 2820 3950 
14779 246 245 921 3457 
14780 3409 4518 3631 4578 
14781 3529 712 3879 4385 
14782 1865 1812 1839 4033 
14783 3826 3949 3290 4541 
14784 3317 3531 3892 4054 
14785 3578 4311 4382 4554 
14786 1984 1985 1976 4304 
14787 2009 2031 4237 4706 
14788 3474 3900 3534 4651 
14789 210 3746 3509 4415 
14790 2016 2007 4459 4460 
14791 1614 3657 1582 4199 
14792 3610 3736 3357 4473 
14793 3326 4053 3493 4529 
14794 3537 4067 3756 4264 
14795 2272 2253 2408 3757 
14796 2836 2951 2987 4256 
14797 3575 3869 3300 4479 
14798 2940 4027 3208 4487 
14799 2515 2513 2528 3680 
14800 2639 4023 2608 4140 
14801 3543 4330 3835 4646 
14802 1250 1268 389 4064 
14803 2067 1954 2091 3692 
14804 395 3725 4033 4510 
14805 3409 3862 3631 4518 
14806 2168 2167 4133 4579 
14807 2121 2122 4290 4482 
14808 3438 4203 3722 4298 
14809 3418 4154 3550 4181 
14810 2122 3621 2113 4065 
14811 3292 3479 3745 4215 
14812 2385 4431 2052 4763 
14813 2281 3922 2313 4759 
14814 3656 4638 1762 4668 
14815 1105 4043 3671 4255 
14816 3228 1647 3016 3764 
14817 3576 4100 3338 4282 
14818 2903 2908 2884 4273 
14819 3610 3357 3736 4637 
14820 1635 1597 1609 3922 
14821 1574 1261 1239 4305 
14822 3276 3021 3257 3791 
14823 229 4055 3559 4570 
14824 3286 3860 3599 4409 
14825 1554 915 1131 3881 
14826 917 1211 3931 4425 
14827 3173 3174 4043 4599 
14828 3350 3516 3859 4307 
14829 89 3819 3686 3850 
14830 3298 3647 4068 4738 
14831 470 3926 4514 4780 
14832 1262 393 3788 4516 
14833 2825 2802 1531 3727 
14834 3409 3607 4518 4578 
14835 935 3504 144 4471 
14836 2167 4366 4133 4579 
14837 904 876 885 3907 
14838 2739 4136 3538 4478 
14839 2703 2795 2826 3742 
14840 3029 2695 2793 4082 
14841 1601 4196 1624 4628 
14842 3836 4242 2778 4455 
14843 1958 3507 2109 4511 
14844 3435 3796 3717 3857 
14845 3885 3945 3463 4751 
14846 3607 4518 3631 4705 
14847 2578 3917 2500 4127 
14848 3427 4414 4110 4477 
14849 1048 4346 3481 4377 
14850 220 1111 83 3813 
14851 3376 3598 4161 4634 
14852 3002 2991 2996 4256 
14853 3159 3737 4165 4216 
14854 2470 2267 4504 4753 
14855 3510 3356 3897 4283 
14856 3040 4121 204 4415 
14857 2746 4272 3985 4558 
14858 1475 1479 1474 4760 
14859 3722 4006 3438 4298 
14860 1625 576 1252 3751 
14861 448 4106 3721 4423 
14862 1770 4121 627 4410 
14863 430 3986 429 4214 
14864 2286 2284 2285 3743 
14865 1242 3755 400 4399 
14866 51 4145 3609 4320 
14867 468 1412 4130 4696 
14868 1393 463 464 3962 
14869 2826 2767 2749 4469 
14870 241 1907 1918 3910 
14871 723 1943 3545 4527 
14872 1817 398 1859 4399 
14873 3454 3941 4636 4783 
14874 2481 2539 2579 4371 
14875 3205 3206 3128 3620 
14876 401 4610 4090 4688 
14877 468 1420 467 3515 
14878 380 3589 3771 4540 
14879 2824 2803 2781 3821 
14880 2047 3581 4268 4664 
14881 3580 4042 4001 4589 
14882 3551 4163 3690 4232 
14883 3333 3571 3758 4548 
14884 3206 3620 3205 4620 
14885 2175 2178 2156 3773 
14886 1326 4090 402 4330 
14887 914 3813 1111 4456 
14888 1488 3923 3588 4770 
14889 3748 4393 436 4677 
14890 3731 4468 2757 4758 
14891 230 3713 1039 4191 
14892 3526 4332 3842 4433 
14893 3770 4436 3890 4623 
14894 3549 4022 1723 4494 
14895 3532 3321 3876 4563 
14896 3665 3725 3370 4516 
14897 3274 3196 3179 3996 
14898 3365 4018 3501 4047 
14899 1602 1598 1603 3702 
14900 89 88 3686 3819 
14901 3389 3884 4379 4793 
14902 2234 2350 2232 4126 
14903 3851 4271 3284 4576 
14904 2700 2798 3166 3759 
14905 3107 3109 3108 3571 
14906 3545 3832 222 4722 
14907 3381 4203 3776 4585 
14908 154 984 980 3902 
14909 2981 2980 2896 3575 
14910 2164 2143 192 4721 
14911 2240 3639 4060 4339 
14912 708 3628 707 4026 
14913 2305 3655 2152 4102 
14914 3299 3524 4192 4665 
14915 3845 4380 3455 4384 
14916 3489 4030 3342 4489 
14917 3565 3281 3712 4106 
14918 2916 3632 2864 4381 
14919 2759 2778 3836 4242 
14920 3848 4268 3581 4500 
14921 3435 4140 4023 4341 
14922 2952 3214 2941 3982 
14923 815 4743 4226 4785 
14924 3281 4106 3565 4274 
14925 3456 3773 3678 4197 
14926 3541 4241 3990 4608 
14927 1205 3948 1220 4492 
14928 1782 3901 4114 4775 
14929 3334 4062 3505 4186 
14930 3270 1083 3226 3814 
14931 1245 1849 4354 4718 
14932 3063 3234 3214 4208 
14933 3343 3934 4048 4206 
14934 3285 3882 3577 4342 
14935 2222 4007 3699 4753 
14936 2476 2379 2359 4502 
14937 3487 4404 3728 4701 
14938 1454 3986 1558 4214 
14939 1898 1923 232 4385 
14940 720 3664 719 4096 
14941 3305 3782 4083 4617 
14942 1656 3142 1752 4413 
14943 2237 2240 2239 3639 
14944 2251 2179 2164 4047 
14945 3188 3612 1067 4605 
14946 3487 4187 4069 4521 
14947 3060 3924 3592 4520 
14948 1720 1748 1688 3875 
14949 868 871 4 3813 
14950 4014 3495 4422 4742 
14951 2864 2862 2863 3632 
14952 2333 3706 2325 4118 
14953 3237 3119 4100 4282 
14954 2816 3965 2690 3998 
14955 2789 4571 3749 4627 
14956 445 444 1309 3739 
14957 3988 4157 3396 4479 
14958 3635 4529 3379 4787 
14959 989 985 948 3641 
14960 1569 1605 1606 3783 
14961 2807 3731 2757 4758 
14962 1437 4015 431 4263 
14963 420 46 1335 4044 
14964 3076 3234 3184 4231 
14965 1634 1596 1597 3922 
14966 95 925 96 3770 
14967 2238 2353 3624 4228 
14968 2954 2911 2926 4329 
14969 3959 4652 4224 4716 
14970 4409 4558 3502 4676 
14971 1239 3702 1598 4305 
14972 3233 3257 3021 3792 
14973 3363 4006 3636 4405 
14974 1783 1730 1644 4114 
14975 415 414 1290 3701 
14976 3459 3762 4151 4220 
14977 3263 3181 3198 3522 
14978 3410 3782 3680 4773 
14979 1862 3823 1846 4075 
14980 3500 4180 3458 4390 
14981 2378 2294 2416 4013 
14982 2110 2116 3710 4539 
14983 1538 2366 3805 3997 
14984 3781 3998 3721 4423 
14985 2356 2222 2357 4007 
14986 240 706 1932 4597 
14987 1715 1716 4308 4607 
14988 1017 1051 3551 4621 
14989 3369 3698 3958 4526 
14990 3406 4105 3522 4313 
14991 2317 4018 3501 4452 
14992 1676 3863 1690 4681 
14993 1233 1107 1140 3868 
14994 3086 3883 3715 4378 
14995 2751 3841 2753 4468 
14996 3003 2996 2994 4256 
14997 437 1313 3771 4677 
14998 2997 2992 2846 3670 
14999 815 3569 4226 4743 
15000 1537 3804 4025 4238 
15001 630 1243 1242 3755 
15002 2259 2431 2156 3774 
15003 2119 2207 3672 4630 
15004 1842 1255 1290 4772 
15005 3350 4480 3944 4606 
15006 3152 4258 3674 4776 
15007 3500 3686 3336 3911 
15008 3527 3339 4510 4615 
15009 3608 4407 3502 4751 
15010 3463 4407 3608 4751 
15011 2446 3616 4160 4194 
15012 997 976 1557 3766 
15013 3665 3283 4021 4156 
15014 3025 1766 3235 3785 
15015 3748 3817 3372 4720 
15016 3421 3965 4406 4603 
15017 2970 209 208 3864 
15018 2335 3899 3820 4278 
15019 3835 4225 3415 4644 
15020 3632 4125 3486 4643 
15021 2723 2767 2750 4070 
15022 3132 3099 3267 3980 
15023 3543 3421 4225 4406 
15024 2229 2231 2230 4038 
15025 3844 4055 3559 4322 
15026 1660 3918 1710 4658 
15027 1749 3656 1762 4766 
15028 3490 4222 4175 4792 
15029 2971 4524 3952 4729 
15030 3499 3883 3954 3977 
15031 3885 4382 3452 4594 
15032 2318 3774 2259 4710 
15033 3526 4546 3425 4567 
15034 702 3500 703 4390 
15035 3667 4092 3448 4355 
15036 3336 3686 3500 4356 
15037 1696 4148 1735 4473 
15038 2969 2987 2951 4256 
15039 2167 2169 4366 4579 
15040 867 3777 3936 4512 
15041 3211 3264 3227 4061 
15042 3835 4429 3617 4616 
15043 1460 3978 1462 4276 
15044 449 391 1307 4106 
15045 147 3756 3572 4067 
15046 1813 1816 1815 4399 
15047 3343 4206 4048 4343 
15048 3791 3792 3360 4144 
15049 3388 3906 3595 4786 
15050 388 1250 389 4064 
15051 3539 3291 4249 4748 
15052 2362 2361 3681 4504 
15053 2210 2211 2212 4557 
15054 2225 2227 2226 3677 
15055 3510 3359 3964 4675 
15056 4124 4154 2519 4773 
15057 1171 2413 1152 4207 
15058 3436 4168 4350 4775 
15059 2836 2994 2951 4256 
15060 3502 4407 3747 4751 
15061 3380 3784 3896 3949 
15062 1484 1482 1483 4080 
15063 2273 4007 3711 4379 
15064 3545 3832 927 4375 
15065 3362 3711 4504 4753 
15066 4067 4185 3572 4584 
15067 1564 1262 392 3788 
15068 1434 2557 2490 3962 
15069 3931 1165 4183 4499 
15070 2548 3847 2552 4130 
15071 3548 1974 4304 4755 
15072 3537 4229 145 4264 
15073 1156 1186 2372 4699 
15074 3307 3690 4146 4475 
15075 3346 3581 3852 4500 
15076 4103 4634 4370 4689 
15077 887 95 96 3993 
15078 3356 3661 4193 4635 
15079 622 199 4143 4691 
15080 3605 3918 1666 4368 
15081 2269 3941 4251 4783 
15082 3282 4331 3691 4587 
15083 3104 3854 3101 4609 
15084 3586 3729 3488 3974 
15085 3646 4634 4188 4689 
15086 96 3770 3568 4590 
15087 1233 919 878 3868 
15088 3436 4350 3673 4775 
15089 3918 4306 1710 4658 
15090 1010 3970 201 4476 
15091 2113 3562 4065 4482 
15092 1545 2148 2426 4018 
15093 1411 1376 1401 3633 
15094 3472 4038 3566 4112 
15095 2982 3795 207 4288 
15096 3370 3725 4064 4516 
15097 3374 3826 4042 4350 
15098 2386 4522 3642 4759 
15099 916 885 3907 4590 
15100 1010 200 3970 4476 
15101 3441 4658 3918 4766 
15102 1537 3804 1438 4025 
15103 1007 3733 197 4582 
15104 3528 3953 3465 4721 
15105 3823 4075 3655 4162 
15106 3592 3924 3413 4520 
15107 1049 3483 1030 4414 
15108 3205 3620 3128 4372 
15109 3651 4177 2290 4614 
15110 439 438 1314 4649 
15111 1333 4020 396 4021 
15112 384 3838 1835 4161 
15113 3353 4163 3570 4359 
15114 3041 2842 3195 3921 
15115 3613 4246 3553 4679 
15116 3303 4435 4186 4592 
15117 872 3825 895 3936 
15118 3767 4207 2362 4504 
15119 2868 2870 2897 3669 
15120 1954 3848 722 4722 
15121 3343 4587 3691 4593 
15122 3508 3944 4480 4606 
15123 2141 2466 2417 3623 
15124 3752 4397 3699 4753 
15125 148 3770 925 4623 
15126 3115 3114 3113 4019 
15127 3708 4549 3505 4592 
15128 494 2640 495 4446 
15129 3298 4172 3647 4738 
15130 3794 3874 3398 4707 
15131 1535 1527 4111 4438 
15132 394 3725 3665 4516 
15133 3666 3958 3698 4526 
15134 3365 3777 3501 4080 
15135 46 3586 420 3872 
15136 1518 1441 3165 3903 
15137 434 159 158 3416 
15138 971 3575 4032 4768 
15139 3376 3638 4396 4634 
15140 2660 2646 2661 3806 
15141 104 3741 103 4073 
15142 1156 2372 3659 4699 
15143 2098 3843 3547 4631 
15144 3484 4044 3586 4400 
15145 3646 4396 3638 4634 
15146 2288 3651 2290 4614 
15147 3353 4239 3574 4321 
15148 1906 1924 240 4011 
15149 2264 2388 3678 4197 
15150 1990 3914 3845 4227 
15151 2240 3639 2237 4204 
15152 2047 2011 3581 4664 
15153 2750 3841 2721 4070 
15154 1313 378 3682 4677 
15155 3094 3093 3251 4326 
15156 1871 1849 1850 4354 
15157 3673 4350 4168 4775 
15158 707 706 3707 4597 
15159 1586 1585 4050 4612 
15160 3284 3839 3577 4223 
15161 4329 4346 3483 4377 
15162 3479 3859 3640 3970 
15163 1573 1631 1590 3820 
15164 2478 2317 4018 4692 
15165 3981 4455 4224 4716 
15166 3927 4034 3372 4432 
15167 3322 3895 4189 4407 
15168 3446 3973 3730 4172 
15169 2528 4317 2558 4620 
15170 3408 4200 3748 4393 
15171 3488 3676 3729 4544 
15172 1171 1149 2371 4207 
15173 227 4051 3570 4232 
15174 2998 1095 3004 3814 
15175 2131 2011 2383 2473 
15176 3473 4316 3600 4552 
15177 2311 4361 2429 4366 
15178 3192 3271 3260 3567 
15179 2921 3587 2920 4117 
15180 408 3619 409 3695 
15181 1392 451 452 4671 
15182 3762 4151 3973 4666 
15183 3465 4253 3528 4721 
15184 3762 3459 4151 4666 
15185 1159 1236 1230 3757 
15186 196 1007 197 4582 
15187 894 865 879 3881 
15188 901 911 133 3975 
15189 1049 1030 3483 4377 
15190 149 3544 4398 4623 
15191 1688 1719 1720 3875 
15192 3313 4192 3524 4449 
15193 903 4425 3953 4519 
15194 964 1509 947 3804 
15195 2807 2757 3731 4468 
15196 2324 2201 4118 4166 
15197 810 2801 2823 4432 
15198 3404 3634 4364 4750 
15199 2020 2038 1989 3845 
15200 1667 1688 1665 4368 
15201 2413 3767 1152 4207 
15202 3359 3510 4012 4582 
15203 3854 4078 3314 4731 
15204 1998 1997 2076 3990 
15205 2553 3221 3269 3912 
15206 222 82 1116 3718 
15207 450 3543 4095 4406 
15208 2172 3507 2257 4265 
15209 3317 4054 3762 4169 
15210 2119 3621 2122 4630 
15211 437 4034 3748 4677 
15212 991 3804 963 4533 
15213 2135 3750 1628 4361 
15214 379 437 1313 3771 
15215 2971 3602 4524 4729 
15216 3847 4531 1790 4740 
15217 3303 3708 4435 4592 
15218 1491 1510 1488 4770 
15219 2034 3866 2036 4679 
15220 2756 2764 2809 3643 
15221 3106 4216 4078 4791 
15222 3417 3875 3815 4205 
15223 3799 4008 3325 4427 
15224 400 3755 1274 4778 
15225 3578 3417 4097 4588 
15226 3339 3527 4182 4615 
15227 241 242 1907 3910 
15228 1174 1148 1208 4538 
15229 225 1017 1051 3551 
15230 3615 4439 2055 4440 
15231 4077 4210 3475 4602 
15232 1964 3710 3740 4045 
15233 2826 3742 2795 4386 
15234 3600 4308 3394 4552 
15235 3547 4293 3843 4353 
15236 2182 3724 2184 4245 
15237 1105 1061 1062 4255 
15238 2885 3726 2884 4273 
15239 2032 2021 1988 4169 
15240 3415 4637 3610 4653 
15241 2458 3805 2407 4119 
15242 3613 3347 4101 4723 
15243 3377 4041 3743 4754 
15244 2692 4031 2789 4627 
15245 1653 2548 3847 4740 
15246 3339 3665 4021 4510 
15247 3317 3973 3446 4172 
15248 3210 4027 3039 4179 
15249 3620 4061 3366 4372 
15250 1535 1527 1451 3775 
15251 1129 1101 1034 3766 
15252 4175 4222 3556 4792 
15253 3286 4138 3608 4751 
15254 2626 2602 491 4145 
15255 1065 4231 3492 4346 
15256 3390 4026 3536 4449 
15257 3557 4553 4466 4674 
15258 3492 4208 2927 4329 
15259 1703 4002 3738 4091 
15260 3656 3934 1373 3935 
15261 2607 2606 2608 4023 
15262 1587 3573 1588 4383 
15263 2737 2740 4136 4626 
15264 2020 2085 4431 4763 
15265 2746 2815 3985 4200 
15266 3481 4346 4329 4377 
15267 1491 3588 4187 4238 
15268 1543 3648 1450 4483 
15269 2825 1531 1556 3727 
15270 1165 1202 1164 4183 
15271 3281 3579 3683 4649 
15272 3684 4328 2614 4559 
15273 149 3770 3890 4623 
15274 2319 2270 2462 3666 
15275 3353 4032 3893 4239 
15276 3473 3608 4503 4641 
15277 3570 3956 226 4232 
15278 233 4105 3879 4385 
15279 1166 1201 4040 4744 
15280 3436 3949 3673 4350 
15281 3060 3592 3924 4378 
15282 3367 4235 3802 4314 
15283 3382 4057 3717 4327 
15284 1810 1880 1852 3837 
15285 622 4143 3497 4691 
15286 1948 2025 2112 3562 
15287 2424 2273 2126 3711 
15288 3319 3564 4450 4465 
15289 409 3695 3619 4395 
15290 1547 2148 1545 4018 
15291 3162 4100 3118 4467 
15292 3760 2796 4082 4453 
15293 484 432 433 4081 
15294 2226 2227 2228 3677 
15295 3355 3555 4165 4216 
15296 3565 3734 446 4171 
15297 3339 3665 4510 4615 
15298 3553 4246 1960 4679 
15299 2523 2526 2521 3700 
15300 2851 2853 2852 4039 
15301 2634 2631 2637 3840 
15302 3050 3277 3204 4317 
15303 1573 2158 1608 4761 
15304 3334 3862 4153 4324 
15305 3053 2941 3214 3982 
15306 4137 4414 3427 4477 
15307 3655 4013 3377 4472 
15308 2979 2833 982 3880 
15309 3689 4072 3428 4271 
15310 3412 4170 3504 4249 
15311 494 495 1411 4446 
15312 1095 2998 1020 4256 
15313 3526 3425 4433 4567 
15314 878 1235 1228 3868 
15315 2882 2884 3952 4524 
15316 3387 3469 3882 3890 
15317 2497 1653 2548 4130 
15318 1692 4056 1714 4668 
15319 3200 1751 1648 4165 
15320 3455 3845 3914 4380 
15321 3399 3853 4360 4451 
15322 1534 1121 1036 3775 
15323 2741 3818 2772 4571 
15324 2366 2147 1513 3805 
15325 3426 3974 3586 4727 
15326 916 97 885 4590 
15327 1442 1508 1523 4776 
15328 2365 3694 4661 4692 
15329 1524 882 865 3822 
15330 3427 3793 3612 4039 
15331 439 4034 438 4649 
15332 3720 3864 3419 4475 
15333 3779 4061 3227 4640 
15334 3643 3810 3471 4107 
15335 575 3801 574 4507 
15336 3514 3458 4273 4580 
15337 2006 3833 1994 3990 
15338 404 405 3974 3983 
15339 3306 3533 3947 4708 
15340 3377 3823 3655 4162 
15341 3230 3713 4179 4654 
15342 1838 1837 1804 4013 
15343 378 3682 44 3800 
15344 2170 4318 2143 4721 
15345 3352 4380 3845 4384 
15346 1766 1722 1647 3785 
15347 3201 1638 3026 3737 
15348 3527 3339 3979 4510 
15349 2145 2475 2448 3657 
15350 155 89 3686 3911 
15351 2386 3769 2144 4761 
15352 3330 3437 4096 4280 
15353 3390 4151 3536 4220 
15354 3533 3306 3947 4750 
15355 130 194 875 4519 
15356 2864 3632 2863 4301 
15357 2413 1186 1152 3767 
15358 2148 3694 2365 4018 
15359 2373 1142 2132 4251 
15360 3521 3720 4445 4749 
15361 3412 4264 3811 4471 
15362 3514 4028 3458 4580 
15363 1731 1784 1637 4473 
15364 221 3545 1943 4527 
15365 2862 2864 2916 3632 
15366 3121 3019 3158 3555 
15367 3030 816 3223 4226 
15368 1733 3555 4165 4756 
15369 2269 4251 2369 4783 
15370 1667 1688 3875 4270 
15371 1039 1068 231 3713 
15372 2884 2883 2882 3952 
15373 1774 4595 3517 4607 
15374 3380 3871 3784 4792 
15375 2477 2389 4348 4431 
15376 1659 1749 1762 4766 
15377 3352 3914 3845 4380 
15378 3599 4349 4016 4409 
15379 1977 3866 2034 4220 
15380 401 4610 3960 4778 
15381 2972 3808 2907 4159 
15382 3811 4471 4310 4694 
15383 815 3569 816 4226 
15384 3959 4224 3466 4716 
15385 3374 3580 4219 4589 
15386 1441 3023 3165 3903 
15387 3335 4441 3446 4447 
15388 1609 1576 2313 3922 
15389 2370 2200 1194 3678 
15390 3292 4076 3640 4493 
15391 3592 3341 3924 4378 
15392 2377 3806 2376 3887 
15393 3625 4037 388 4370 
15394 2150 2372 1186 4699 
15395 947 976 961 3766 
15396 3403 3972 3740 4271 
15397 3918 4368 3605 4561 
15398 3722 3438 4006 4203 
15399 1177 1213 1179 4155 
15400 2921 2976 2899 3587 
15401 1403 3998 1374 4671 
15402 3409 4153 3862 4324 
15403 2890 3584 2902 4667 
15404 450 2689 50 4211 
15405 3495 3879 3529 4246 
15406 326 1269 197 3733 
15407 1566 47 430 4214 
15408 3372 3817 3748 4034 
15409 223 3718 3574 3832 
15410 3711 4207 3362 4504 
15411 2242 4079 3852 4636 
15412 1519 3906 3540 4258 
15413 2353 2230 2238 3624 
15414 3520 3315 4556 4568 
15415 3591 3969 4471 4694 
15416 3205 3620 4372 4620 
15417 2386 3769 4522 4759 
15418 2654 2623 3887 4730 
15419 3547 2041 4010 4706 
15420 3728 4115 3361 4404 
15421 426 4247 3991 4635 
15422 1468 1501 1502 4707 
15423 886 3931 1164 4183 
15424 3576 4016 3360 4419 
15425 448 1312 449 4106 
15426 1593 1592 1594 3769 
15427 873 896 892 4155 
15428 449 1431 2696 4393 
15429 3439 3978 3645 4488 
15430 2807 2751 2757 4468 
15431 3816 3900 3534 4314 
15432 3681 3767 3383 4228 
15433 3839 4436 4223 4576 
15434 3510 2176 4294 4675 
15435 1653 2482 2548 4740 
15436 2001 2015 3740 4152 
15437 1176 1175 1144 4155 
15438 3391 4114 3901 4171 
15439 1671 1695 1669 3578 
15440 2749 2723 2724 4469 
15441 3817 3985 3372 4720 
15442 1024 3085 3182 4335 
15443 3752 4174 3320 4209 
15444 3322 4357 3596 4562 
15445 2463 2357 2373 4379 
15446 1074 4464 4086 4547 
15447 3142 4410 3100 4413 
15448 2617 2673 2651 4559 
15449 2361 2354 2362 3681 
15450 3351 3820 3573 4543 
15451 3321 3652 3789 4362 
15452 4059 4473 1731 4775 
15453 2478 2252 2317 4692 
15454 3417 3875 4382 4594 
15455 245 246 1911 3457 
15456 1969 4484 1967 4685 
15457 463 4392 3676 4779 
15458 3441 3919 3618 4658 
15459 3368 3971 3510 4294 
15460 2436 2387 3698 4253 
15461 3640 3859 3479 4215 
15462 226 227 3570 4232 
15463 900 3884 883 4155 
15464 3286 3599 3860 4311 
15465 3290 3949 3784 4792 
15466 431 4015 1407 4263 
15467 1060 3894 1134 4632 
15468 3355 3571 4078 4216 
15469 3419 4163 3551 4321 
15470 3463 4401 3857 4407 
15471 1495 1523 4498 4776 
15472 452 3611 3896 4406 
15473 101 100 3591 3969 
15474 1812 1259 1846 3823 
15475 2737 2735 2740 4626 
15476 3370 3725 3665 4615 
15477 3414 3558 4574 4748 
15478 3206 3204 3128 3620 
15479 2343 2397 2140 4196 
15480 3506 4269 4153 4578 
15481 2663 2594 4337 4507 
15482 2923 2922 3635 4787 
15483 1325 458 4036 4122 
15484 1475 3805 1479 4760 
15485 1498 1500 1465 3794 
15486 3504 4458 3591 4694 
15487 3264 3227 4061 4640 
15488 1822 1866 1806 3652 
15489 3675 4343 3482 4593 
15490 4193 4635 3661 4735 
15491 1714 4056 3765 4668 
15492 3377 3743 4472 4754 
15493 1570 1614 1605 3657 
15494 3324 3558 4087 4574 
15495 397 1799 398 3915 
15496 3616 4194 2256 4265 
15497 2325 4118 3706 4166 
15498 1748 1688 3875 4368 
15499 3994 4094 1972 4484 
15500 2756 3920 3643 4107 
15501 2014 2013 2000 4241 
15502 2796 2695 3760 4082 
15503 3625 3712 388 4037 
15504 2921 4052 3587 4117 
15505 3617 3865 3415 4129 
15506 3496 4139 3912 4559 
15507 978 144 3880 4768 
15508 715 1941 3844 4322 
15509 1726 1676 1690 4681 
15510 3256 2591 2648 4496 
15511 1119 1079 1046 4335 
15512 3622 3287 4193 4333 
15513 3454 4373 3969 4430 
15514 3480 4123 3815 4408 
15515 2247 2346 2433 3948 
15516 1548 1486 1525 3822 
15517 1985 2046 1976 3914 
15518 227 3570 4051 4295 
15519 3706 4166 3467 4281 
15520 1991 3763 4416 4631 
15521 2755 3965 2816 4581 
15522 3376 4161 3638 4634 
15523 3805 3964 3434 3997 
15524 478 4063 477 4448 
15525 1324 3835 458 4122 
15526 895 3936 3825 4512 
15527 2449 2240 2390 3904 
15528 3531 3892 3358 4195 
15529 3861 4767 3532 4790 
15530 1656 1752 1743 4092 
15531 3361 3728 4404 4701 
15532 3391 4114 4171 4279 
15533 1980 1970 2054 4072 
15534 1316 49 3682 4677 
15535 1699 1662 1700 3618 
15536 2382 2477 3812 4431 
15537 466 1338 467 4395 
15538 2306 4440 4364 4664 
15539 3496 3563 4371 4470 
15540 2764 4243 2722 4325 
15541 3345 4319 3804 4533 
15542 574 1628 2135 3750 
15543 3324 3972 3558 4574 
15544 3720 3325 4008 4427 
15545 400 3960 3755 4778 
15546 425 1256 325 4012 
15547 1084 1045 1126 4421 
15548 2739 3538 4272 4478 
15549 1149 2126 2371 4207 
15550 4065 4194 3616 4265 
15551 461 4315 3920 4330 
15552 2270 3666 2319 4526 
15553 4129 4225 3384 4652 
15554 3217 3134 3237 4123 
15555 3315 3520 4147 4568 
15556 2058 1999 2024 4009 
15557 1675 4494 3863 4711 
15558 3879 4105 3329 4385 
15559 899 104 866 3741 
15560 1591 1592 1565 3769 
15561 3964 4283 3510 4675 
15562 3408 3817 3748 4200 
15563 101 940 102 3909 
15564 3572 4067 3537 4185 
15565 2009 2082 2031 4706 
15566 3400 3828 4237 4706 
15567 3925 4531 3392 4740 
15568 3168 4255 3048 4598 
15569 3766 3894 3397 4632 
15570 1413 455 1637 3736 
15571 3484 4048 3512 4343 
15572 3866 4220 3390 4679 
15573 3286 4097 3599 4311 
15574 2505 2504 3716 4508 
15575 3612 3793 3427 4477 
15576 3206 3050 3204 4317 
15577 4004 4373 3634 4388 
15578 3726 4466 3481 4553 
15579 1225 1224 1182 3678 
15580 3567 4421 4213 4672 
15581 2278 3642 2277 4690 
15582 3409 3631 4153 4578 
15583 3409 4085 3607 4578 
15584 1504 1506 4187 4701 
15585 2291 2292 2290 4177 
15586 148 969 998 4398 
15587 2073 4267 4266 4356 
15588 3313 3808 3723 4729 
15589 2698 2790 813 4558 
15590 1317 438 437 3771 
15591 1774 1767 4595 4607 
15592 1239 1598 1574 4305 
15593 2544 2576 3546 4260 
15594 3394 3600 4552 4641 
15595 3473 4552 3600 4641 
15596 3339 3915 3582 4726 
15597 3291 3558 4087 4131 
15598 2212 4397 3732 4557 
15599 3306 4268 3615 4459 
15600 2289 2290 2288 3651 
15601 2671 2592 2465 3806 
15602 3306 3692 4268 4459 
15603 3329 4105 3719 4391 
15604 442 1777 1639 4595 
15605 2999 3009 2989 3644 
15606 3439 3645 4015 4488 
15607 93 94 3744 3961 
15608 404 3974 46 3983 
15609 3461 3744 3659 4535 
15610 3086 3715 3061 4378 
15611 3415 3736 3611 4637 
15612 2789 4031 4571 4627 
15613 3723 3963 3347 4723 
15614 4136 4478 2737 4626 
15615 3034 1752 3142 4413 
15616 3561 4400 3484 4719 
15617 2504 4218 3716 4508 
15618 3601 4224 2725 4243 
15619 468 469 3772 4780 
15620 3228 3124 3235 3785 
15621 1165 1144 4183 4499 
15622 2166 3942 3971 4675 
15623 1620 1634 1597 3788 
15624 3440 4135 4289 4652 
15625 930 3756 146 4005 
15626 3176 1109 1022 3980 
15627 3847 4029 3392 4457 
15628 715 4322 4344 4353 
15629 910 878 919 3868 
15630 1408 4107 3810 4646 
15631 2689 50 4211 4315 
15632 868 3813 4456 4586 
15633 3740 3414 4072 4271 
15634 395 1271 4033 4530 
15635 105 3958 3545 4527 
15636 629 1813 1815 4184 
15637 1701 3738 1700 4306 
15638 2546 2488 2503 3806 
15639 4153 4269 3289 4578 
15640 3840 4743 3747 4785 
15641 1469 1463 1467 4411 
15642 2221 2266 3752 4397 
15643 409 3619 4336 4395 
15644 3424 4292 3632 4657 
15645 3747 4407 3502 4704 
15646 3676 3729 3525 4320 
15647 3707 4011 3402 4597 
15648 3410 3680 3782 4617 
15649 355 3983 2653 3999 
15650 1055 3649 1073 4464 
15651 3469 3890 3387 3961 
15652 3157 3072 3060 3592 
15653 712 1923 233 4385 
15654 1144 4499 1165 4744 
15655 3443 4412 3550 4765 
15656 3569 4226 4743 4785 
15657 1272 427 426 3991 
15658 3369 3958 3666 4526 
15659 2446 2256 3616 4194 
15660 2396 2128 1811 4790 
15661 3319 3596 3809 4450 
15662 2200 3678 2388 4197 
15663 3368 3827 3755 4778 
15664 3337 3589 3900 4747 
15665 1526 4238 4025 4770 
15666 3303 3519 4186 4435 
15667 142 940 143 4280 
15668 3088 3157 3061 4372 
15669 3634 4004 3306 4373 
15670 3901 4114 3391 4279 
15671 3701 3876 3321 4434 
15672 2880 2881 3723 4729 
15673 1197 3757 1161 4197 
15674 223 224 3574 4299 
15675 3105 3630 3268 4791 
15676 3952 4524 3602 4729 
15677 446 1315 447 4037 
15678 3386 3865 3617 4129 
15679 1736 1751 3737 4165 
15680 1456 1458 1457 4015 
15681 408 3619 3695 4769 
15682 1021 1066 1116 3718 
15683 1312 448 390 3712 
15684 701 4071 3457 4700 
15685 140 3574 4142 4239 
15686 3107 3571 3108 4791 
15687 2898 2934 3967 4564 
15688 2433 3948 2346 4492 
15689 2058 2000 1999 3554 
15690 2242 2243 3852 4079 
15691 3672 4290 2119 4630 
15692 3435 3717 3796 4732 
15693 2030 3740 4072 4501 
15694 324 4012 325 4717 
15695 2263 3642 2386 4522 
15696 3698 4079 2436 4515 
15697 3319 3608 4465 4569 
15698 3657 3323 3800 4199 
15699 3563 4328 3496 4371 
15700 3652 3349 3870 4221 
15701 3573 4150 3411 4198 
15702 429 487 1360 4600 
15703 3411 3622 4612 4624 
15704 3816 4540 380 4639 
15705 3426 4517 3753 4727 
15706 101 896 3969 4430 
15707 3361 4086 3775 4438 
15708 1194 1146 1225 4197 
15709 1315 388 3712 4037 
15710 3138 3255 3957 4444 
15711 1606 1617 1630 4199 
15712 1323 4090 403 4560 
15713 1514 1515 1502 3903 
15714 1137 1037 1105 3671 
15715 1737 1686 1697 3865 
15716 3939 4557 2225 4736 
15717 3432 3891 3769 4688 
15718 1703 3738 1701 4091 
15719 3230 3713 3210 4179 
15720 1868 3755 1242 4399 
15721 3445 4293 3988 4584 
15722 3623 4656 1153 4702 
15723 3048 3168 1080 4255 
15724 1061 4051 227 4309 
15725 3541 4152 3324 4574 
15726 1601 1621 1568 4196 
15727 1715 4607 3600 4638 
15728 393 3665 3788 4516 
15729 1514 3164 3023 4583 
15730 3586 3729 46 4044 
15731 1061 4051 3671 4570 
15732 1067 1093 3070 4605 
15733 1223 1156 3659 4699 
15734 3329 3719 3937 4301 
15735 1911 246 1942 3457 
15736 3396 4067 3587 4584 
15737 3565 3712 3281 4037 
15738 3376 3638 4102 4396 
15739 3725 4510 3665 4615 
15740 3320 4005 3568 4174 
15741 3027 3268 3131 3630 
15742 2477 4348 3812 4431 
15743 1020 1087 1108 4256 
15744 3723 3313 4729 4745 
15745 3427 4039 3612 4110 
15746 3600 4316 3935 4638 
15747 1716 1774 4308 4607 
15748 2742 4272 3518 4478 
15749 1615 1581 378 3800 
15750 3334 3519 4186 4324 
15751 3448 4186 3519 4324 
15752 3860 4409 3608 4676 
15753 4109 4538 1203 4699 
15754 3907 4174 3362 4590 
15755 3610 4148 3357 4176 
15756 3512 4206 3482 4343 
15757 454 4020 3736 4463 
15758 1080 1027 3048 4255 
15759 1764 3847 4130 4696 
15760 3806 3444 3999 4730 
15761 3888 4153 3409 4324 
15762 1259 3823 4033 4530 
15763 2209 2139 3672 3928 
15764 2297 4177 2292 4296 
15765 3117 3212 3201 3987 
15766 2675 3563 2615 4461 
15767 418 3802 4049 4715 
15768 2060 2039 2038 3812 
15769 3587 4067 3396 4117 
15770 1549 1480 428 3991 
15771 3306 4459 3615 4750 
15772 1592 4285 1595 4647 
15773 2870 3869 2928 4443 
15774 231 3844 230 4191 
15775 1023 227 4232 4309 
15776 2690 3965 1374 3998 
15777 3354 3811 4310 4694 
15778 3619 3513 4336 4395 
15779 3855 4015 3645 4488 
15780 2195 4334 3724 4563 
15781 1343 411 469 4780 
15782 3482 3926 3512 4343 
15783 3339 4182 3979 4369 
15784 2638 2615 3563 4328 
15785 2357 2269 2356 3941 
15786 3608 4676 4409 4751 
15787 3705 3893 3453 4359 
15788 2025 3562 2042 4420 
15789 2301 4234 3837 4619 
15790 2923 2876 2922 4787 
15791 1336 46 404 3729 
15792 3376 4370 4634 4689 
15793 194 3733 1007 4519 
15794 226 3570 227 4295 
15795 3510 4582 3359 4675 
15796 429 1358 487 4565 
15797 1170 1223 3659 4650 
15798 3188 1067 3070 4605 
15799 1036 1078 1141 4547 
15800 3395 3758 3737 4625 
15801 2075 3507 2028 4227 
15802 3307 4252 3603 4606 
15803 3782 3410 4660 4773 
15804 3445 3988 3905 4584 
15805 1847 2418 3837 4619 
15806 3660 4151 3536 4449 
15807 1820 3786 1798 4221 
15808 3149 3022 3153 3760 
15809 3238 3754 3017 4031 
15810 1490 1489 1492 4498 
15811 3222 3089 3156 4147 
15812 3050 4317 3206 4620 
15813 3319 3608 4138 4465 
15814 2610 2608 2609 4023 
15815 3336 3627 4261 4738 
15816 2865 2918 2879 4301 
15817 130 875 884 4519 
15818 3981 4224 3601 4716 
15819 1778 3637 1707 4248 
15820 3801 4118 2201 4166 
15821 3649 3768 3442 4662 
15822 3512 3926 3482 4206 
15823 394 1250 1281 4064 
15824 473 4206 1341 4719 
15825 3560 3332 4400 4517 
15826 2393 2138 2402 4102 
15827 1150 876 900 3884 
15828 3358 3892 3531 4286 
15829 1390 1749 1425 3656 
15830 1659 4658 3919 4766 
15831 3595 4411 1499 4786 
15832 3064 3177 1100 4116 
15833 2982 2837 3795 4288 
15834 1153 3623 1181 4656 
15835 1519 3540 3906 4411 
15836 3749 4571 4031 4627 
15837 3215 3658 3222 4659 
15838 3400 4010 3828 4706 
15839 3427 3963 3830 4137 
15840 3115 3113 3120 4467 
15841 1490 1493 3728 4498 
15842 3349 3789 3652 4362 
15843 1231 1230 3757 3868 
15844 1687 1731 4473 4775 
15845 2615 2675 2638 3563 
15846 1372 3604 1388 4432 
15847 3544 3890 149 4398 
15848 1741 1742 1734 4433 
15849 2888 4466 3514 4667 
15850 1982 3763 4072 4416 
15851 93 3744 94 4109 
15852 2668 812 2582 3895 
15853 1043 3557 4421 4674 
15854 3593 4392 3695 4544 
15855 2614 2630 2610 4141 
15856 478 3525 4063 4448 
15857 2785 3748 4200 4393 
15858 1162 1158 193 4721 
15859 1381 1372 438 4432 
15860 93 3961 3446 4506 
15861 3286 3599 4016 4409 
15862 3599 3860 3371 4409 
15863 3582 3960 400 4122 
15864 1856 1798 1823 4221 
15865 4004 4364 3615 4664 
15866 3611 4225 3421 4406 
15867 1834 1850 1869 3654 
15868 2092 3833 2006 4460 
15869 1205 1220 1145 4492 
15870 2335 2158 1573 3820 
15871 3401 3798 4116 4605 
15872 892 1202 1144 4183 
15873 1985 3914 1976 4304 
15874 2235 2361 2360 4217 
15875 2801 3748 4432 4720 
15876 454 1333 455 4020 
15877 2853 2854 2856 3793 
15878 1842 1290 3701 4772 
15879 2173 2270 2199 4526 
15880 2619 2640 494 4446 
15881 3671 4043 3379 4598 
15882 2646 2661 3806 4730 
15883 3155 4326 3095 4410 
15884 1778 3637 3995 4210 
15885 3399 4148 4176 4360 
15886 3189 4259 3246 4445 
15887 3537 4229 3988 4584 
15888 3395 3758 4019 4164 
15889 1293 1604 3797 4305 
15890 1964 4045 3740 4501 
15891 1512 1450 487 3727 
15892 3408 3748 4034 4677 
15893 3482 3618 3919 4514 
15894 1581 1577 3751 4426 
15895 2494 3716 1299 4508 
15896 3773 4197 3456 4236 
15897 3371 3538 4024 4272 
15898 1723 1675 1691 4494 
15899 2004 1951 4420 4511 
15900 2523 2533 2534 4154 
15901 1999 4462 3554 4539 
15902 2609 2608 2606 4023 
15903 2475 2344 3657 4296 
15904 908 1188 877 3907 
15905 1775 1641 3658 4659 
15906 1967 3689 4291 4501 
15907 2120 2109 4265 4511 
15908 2100 4267 2073 4356 
15909 3131 3268 3105 3630 
15910 3749 4536 3476 4762 
15911 1121 3261 1097 3775 
15912 3317 3446 4158 4172 
15913 2196 2307 3789 4334 
15914 1140 247 910 3868 
15915 2825 1556 1410 3727 
15916 3849 4362 3789 4502 
15917 2181 2182 2168 4340 
15918 3309 3569 3840 4785 
15919 4029 4531 1704 4696 
15920 2325 2134 2434 4166 
15921 244 1909 243 4390 
15922 1464 1468 1467 4275 
15923 460 4330 3920 4646 
15924 1165 3931 1163 4499 
15925 2295 3932 2429 4296 
15926 3436 4042 3901 4171 
15927 2257 2352 3616 4703 
15928 3313 3602 3808 4729 
15929 3418 4181 3550 4412 
15930 1165 1164 3931 4183 
15931 3619 3695 3513 4395 
15932 3031 4250 3044 4419 
15933 2091 4268 3692 4459 
15934 3988 4293 3537 4584 
15935 2940 2835 2938 4487 
15936 1408 3920 4107 4646 
15937 1671 3578 1669 4554 
15938 2467 3939 2225 4736 
15939 2612 2614 3684 4328 
15940 2744 2718 2765 3940 
15941 211 3603 210 4663 
15942 3734 4171 3436 4387 
15943 3809 4450 3564 4465 
15944 96 3993 3803 4590 
15945 1604 1600 3797 4305 
15946 1834 3654 1869 4772 
15947 1222 4551 1195 4656 
15948 2195 3724 2338 4563 
15949 3281 3683 3589 3771 
15950 1017 3551 4299 4621 
15951 1715 1692 1714 4668 
15952 3505 4062 3708 4435 
15953 3225 3674 3152 4258 
15954 3368 3960 4495 4778 
15955 1098 1028 138 3644 
15956 3517 4046 4308 4552 
15957 1239 1257 1262 3702 
15958 3369 4523 3813 4527 
15959 3452 4056 4270 4554 
15960 3347 3542 4120 4723 
15961 3786 4230 3870 4525 
15962 1262 3702 1257 4516 
15963 3786 3831 3349 4230 
15964 3404 4241 3541 4608 
15965 426 4635 4012 4717 
15966 1669 4270 3578 4588 
15967 2982 2935 3967 4288 
15968 3290 3853 4175 4792 
15969 3440 4224 3959 4652 
15970 1326 401 402 4090 
15971 3290 4175 3556 4792 
15972 3425 4546 3834 4567 
15973 3378 3548 4094 4233 
15974 3979 4182 3527 4369 
15975 4070 4269 3506 4469 
15976 3371 4558 4409 4676 
15977 1464 3874 1468 4275 
15978 1955 2063 2083 4267 
15979 3700 4074 3410 4611 
15980 1658 3919 1659 4658 
15981 2345 3948 2247 4339 
15982 2021 3647 4169 4266 
15983 3782 4124 2519 4773 
15984 3573 4198 3899 4495 
15985 3521 4445 4259 4749 
15986 3288 3606 4164 4618 
15987 1968 1972 4094 4484 
15988 2651 4417 2649 4559 
15989 1802 384 1835 4161 
15990 3353 3574 4239 4532 
15991 3180 3054 3247 4313 
15992 1449 1560 1532 4000 
15993 2177 2461 2381 3831 
15994 987 2830 984 3902 
15995 1467 1515 1478 4275 
15996 3610 3357 4148 4473 
15997 3480 3945 3856 4556 
15998 3856 3945 3309 4556 
15999 3354 3634 4373 4388 
16000 3231 3179 3996 4605 
16001 3845 4068 3503 4384 
16002 3440 3959 4135 4652 
16003 2351 4004 2220 4388 
16004 3380 3556 4541 4581 
16005 3047 3198 3195 3798 
16006 2860 2913 3937 4201 
16007 3400 4237 3846 4706 
16008 1704 1790 3847 4531 
16009 1840 1839 4033 4764 
16010 3369 3958 4523 4527 
16011 2874 4008 2877 4402 
16012 3032 3143 3043 3856 
16013 160 3855 432 4015 
16014 3132 3098 3099 3944 
16015 2308 3876 2307 4334 
16016 447 1315 389 3712 
16017 147 4394 926 4623 
16018 3598 3281 3739 4757 
16019 1718 3875 1688 4270 
16020 3417 3875 4270 4382 
16021 1728 1746 3662 4681 
16022 3147 3067 4518 4705 
16023 1125 1063 4347 4367 
16024 249 248 1117 3757 
16025 1485 1483 1486 4080 
16026 147 3572 3756 4623 
16027 1527 1508 1442 4111 
16028 3417 3815 3875 4594 
16029 3315 3875 3815 4594 
16030 2135 1628 2415 4361 
16031 2057 3914 4227 4491 
16032 3008 2998 3814 4256 
16033 2505 3716 2504 4218 
16034 1529 1471 1560 4000 
16035 1665 1664 1667 4368 
16036 2430 2333 2202 3706 
16037 2503 3806 2488 4680 
16038 3055 3090 3217 4123 
16039 3319 4138 3608 4641 
16040 3473 4503 4552 4641 
16041 2218 3941 2223 4388 
16042 2195 2184 2338 3724 
16043 3738 4002 1702 4531 
16044 2930 2890 2902 4667 
16045 2365 2148 2364 3694 
16046 2476 2268 2435 3786 
16047 2023 2055 3615 4439 
16048 3373 3597 4262 4331 
16049 3465 3741 3698 4515 
16050 2073 2100 4266 4267 
16051 3106 3108 4216 4791 
16052 2445 4364 4009 4365 
16053 3960 4610 4495 4778 
16054 2553 2571 2538 3912 
16055 3166 2798 3022 3759 
16056 2263 2277 2278 3642 
16057 3448 4092 3685 4410 
16058 2925 2885 2884 4273 
16059 2639 4140 2635 4341 
16060 3447 4598 3671 4749 
16061 2959 2944 2984 3644 
16062 1695 1669 3578 4588 
16063 2312 3913 3743 4196 
16064 4020 4406 4156 4644 
16065 1742 1743 1752 4092 
16066 2860 2878 2863 3937 
16067 1683 1684 1685 4332 
16068 2329 2407 2366 3805 
16069 1784 1783 1383 4059 
16070 3629 4040 3364 4499 
16071 1388 810 3604 4446 
16072 155 156 987 4485 
16073 2264 4197 3773 4236 
16074 1055 1059 1073 3649 
16075 1581 1577 1625 3751 
16076 3739 3946 3391 4279 
16077 3652 3789 3349 4221 
16078 2689 4211 450 4603 
16079 3521 3864 3720 4475 
16080 3322 4189 3604 4562 
16081 88 933 89 3686 
16082 147 4052 967 4067 
16083 3782 4083 3366 4686 
16084 4009 4364 2445 4440 
16085 452 4020 3611 4406 
16086 3474 4314 3900 4718 
16087 479 4565 3731 4758 
16088 2305 2289 2378 4396 
16089 2706 2823 2801 3748 
16090 3365 3694 4018 4692 
16091 2481 2569 2539 4371 
16092 1080 4043 1105 4255 
16093 1027 1082 3183 4255 
16094 3664 4142 3574 4239 
16095 52 4565 479 4758 
16096 1259 387 1267 3823 
16097 3518 4618 4024 4762 
16098 1797 4528 4429 4653 
16099 3281 4274 3739 4428 
16100 2967 3585 4672 4741 
16101 2568 4371 2569 4470 
16102 3199 1750 1643 4303 
16103 479 3731 4565 4566 
16104 3016 1760 3212 3987 
16105 1584 1585 3594 4573 
16106 3237 3119 3118 4100 
16107 3055 3217 3042 4250 
16108 870 1131 915 3881 
16109 3348 3930 3801 4714 
16110 3456 4071 3773 4709 
16111 2406 574 2159 3801 
16112 2098 3547 2041 4631 
16113 3526 3834 4546 4567 
16114 3200 3026 1751 4165 
16115 1861 1852 1829 3838 
16116 4060 4339 3623 4702 
16117 3246 3521 4259 4577 
16118 1498 4386 1561 4707 
16119 3288 3580 4219 4389 
16120 1151 1222 3929 4551 
16121 4156 4406 4095 4644 
16122 3372 3608 4503 4562 
16123 104 3832 3545 4073 
16124 3596 3319 3809 4569 
16125 1194 3678 2200 4197 
16126 3348 3816 3802 4639 
16127 2611 2610 2630 4141 
16128 3342 4060 3774 4489 
16129 3321 3789 3652 4434 
16130 1250 1257 4064 4516 
16131 3338 4022 3549 4542 
16132 403 4090 1323 4330 
16133 3801 3930 3467 4507 
16134 1372 1388 1387 4432 
16135 2161 2324 2201 4118 
16136 2635 3895 2625 4341 
16137 1967 2054 1970 3689 
16138 3857 4401 3460 4407 
16139 208 201 1010 3970 
16140 3523 4115 3728 4498 
16141 3605 4248 4091 4262 
16142 3607 4085 3477 4578 
16143 2147 2407 2458 3805 
16144 2525 2554 2524 3779 
16145 3750 3751 3348 4714 
16146 2314 3887 2428 4058 
16147 3199 3019 1750 4303 
16148 2980 3880 2929 4443 
16149 3413 4248 3605 4262 
16150 3285 3548 4380 4666 
16151 2748 2796 2760 4062 
16152 1288 1800 1290 3701 
16153 3502 4558 3985 4676 
16154 2387 3698 4253 4526 
16155 157 3457 138 4180 
16156 3043 3143 3057 3954 
16157 2018 3647 2021 4267 
16158 3519 3448 4324 4355 
16159 1286 1274 3755 4778 
16160 3316 3586 3974 4727 
16161 1280 1805 1835 3838 
16162 2974 2900 2917 3697 
16163 1131 870 1031 3881 
16164 1408 460 3920 4646 
16165 2069 4096 2065 4460 
16166 1405 1376 1388 4446 
16167 3584 4672 3585 4741 
16168 3623 3342 4060 4710 
16169 2604 2605 3609 4596 
16170 399 400 3582 4399 
16171 3014 3129 3233 3792 
16172 2396 2405 2128 4790 
16173 3203 3062 3202 3912 
16174 3298 4172 3730 4384 
16175 2853 2912 2855 3963 
16176 2443 1568 2157 3913 
16177 815 4226 4613 4785 
16178 930 147 146 3756 
16179 1161 1193 1212 4684 
16180 2768 3871 2755 4581 
16181 1971 3663 3994 4484 
16182 3351 3573 4383 4543 
16183 4045 4291 3403 4501 
16184 2098 2041 2005 4631 
16185 2021 3647 4266 4267 
16186 3721 4106 3565 4423 
16187 2386 2144 2316 4761 
16188 1210 1184 1147 3819 
16189 3386 3526 4403 4669 
16190 2890 2888 2893 4667 
16191 3422 3873 3583 4645 
16192 2402 3638 2300 4376 
16193 1255 1295 1279 3654 
16194 2509 2488 2575 4218 
16195 225 4299 3551 4532 
16196 2399 2246 4004 4664 
16197 3384 3920 3643 4243 
16198 1782 1729 3901 4775 
16199 1743 1656 4092 4410 
16200 157 2843 995 4485 
16201 3603 4252 3082 4480 
16202 3106 3103 3105 4791 
16203 242 1908 1920 4390 
16204 485 3648 4405 4600 
16205 2880 2882 2881 4729 
16206 1630 1572 3797 4199 
16207 393 1330 392 4156 
16208 3351 3769 3642 4522 
16209 3024 1649 3995 4210 
16210 3589 3682 3281 3771 
16211 1057 1072 1066 3768 
16212 2805 2822 3233 3792 
16213 3482 3772 3618 4514 
16214 1616 1586 1585 4050 
16215 3330 3909 3437 4280 
16216 417 1350 475 4048 
16217 1506 1516 4069 4521 
16218 3498 4288 3308 4321 
16219 1452 3262 3073 3821 
16220 3380 3998 3965 4581 
16221 155 3902 3911 4486 
16222 2111 3710 2107 4290 
16223 1736 1751 1745 3737 
16224 1357 4333 423 4481 
16225 4052 4067 3587 4117 
16226 3436 3901 4114 4171 
16227 2565 1292 2501 3999 
16228 3367 4133 3614 4340 
16229 401 1247 4610 4778 
16230 3131 3105 3104 4128 
16231 2871 2870 2869 4053 
16232 1664 1663 1661 3765 
16233 3441 3918 3765 4766 
16234 1905 1932 240 1924 
16235 2807 2757 2804 4758 
16236 3259 3140 3075 3814 
16237 3091 3674 3225 4444 
16238 3447 4259 4598 4749 
16239 2049 4440 2419 4664 
16240 2920 4132 3587 4381 
16241 437 1418 3748 4432 
16242 1969 1967 1970 4685 
16243 3599 3371 4349 4409 
16244 1809 2322 1845 3876 
16245 3316 4517 3586 4727 
16246 2278 3642 4690 4759 
16247 2266 2221 3752 4753 
16248 2113 2112 2106 3562 
16249 3437 4142 3664 4280 
16250 2292 4177 3646 4296 
16251 3813 3825 3451 4586 
16252 1037 1137 1103 4570 
16253 974 3575 971 4768 
16254 1826 3652 1866 4434 
16255 3348 4133 4366 4579 
16256 2386 3642 2278 4759 
16257 2443 2140 1624 4196 
16258 3078 3603 3082 4480 
16259 401 4090 1326 4122 
16260 378 1316 44 3682 
16261 2279 2163 2375 3780 
16262 3530 3374 4168 4350 
16263 3665 3788 3432 4560 
16264 3381 3776 4476 4585 
16265 2256 2257 3616 4265 
16266 1328 453 452 4020 
16267 2365 4018 3694 4692 
16268 722 3848 3545 4722 
16269 393 392 3788 4560 
16270 3358 3531 4195 4486 
16271 2702 3791 2794 3792 
16272 2720 2715 2722 4243 
16273 3363 4081 4006 4405 
16274 2429 3932 2422 4366 
16275 3462 3582 4399 4726 
16276 1394 1783 1644 4114 
16277 1872 4772 3532 4790 
16278 2826 2806 2703 3742 
16279 3781 4541 3556 4581 
16280 3329 3522 4105 4442 
16281 3456 4683 3868 4684 
16282 1706 3637 1778 4210 
16283 2710 2712 3708 4549 
16284 3326 4055 3844 4191 
16285 3332 3560 4245 4517 
16286 2733 2735 2734 4626 
16287 980 153 154 4195 
16288 982 2833 955 3880 
16289 3349 3831 3786 4502 
16290 155 937 89 3911 
16291 3186 4110 3982 4687 
16292 470 4514 3772 4780 
16293 3624 3472 3858 4781 
16294 1975 3762 4304 4755 
16295 2221 2217 2215 3699 
16296 160 433 432 3855 
16297 410 409 1285 4230 
16298 2520 4124 3782 4470 
16299 3629 4155 4783 4793 
16300 1261 1239 372 1574 
16301 3060 3592 3072 4520 
16302 2765 2744 3940 4254 
16303 2107 2111 2110 3710 
16304 3373 3778 3738 4673 
16305 3734 3311 4423 4541 
16306 3418 3593 3989 4728 
16307 2221 3699 2215 4397 
16308 1037 1061 3671 4570 
16309 3210 3230 3174 3713 
16310 4024 4618 3288 4762 
16311 3231 3612 3188 4605 
16312 152 151 934 4506 
16313 3509 3350 4284 4302 
16314 2278 2386 2263 3642 
16315 1714 1664 1661 3765 
16316 393 3665 4156 4560 
16317 1966 2042 2025 3562 
16318 1928 702 703 4390 
16319 2170 2143 2164 4721 
16320 2224 2351 2220 4388 
16321 3629 4783 4744 4793 
16322 3349 4230 3831 4260 
16323 1247 422 1294 4198 
16324 3343 4343 3675 4593 
16325 1472 1557 976 3766 
16326 2324 2333 2325 4118 
16327 197 3733 3827 4582 
16328 1147 3819 1224 4089 
16329 3345 3829 4319 4533 
16330 3047 3196 3274 3798 
16331 2281 2282 2313 4698 
16332 3698 4253 3465 4515 
16333 3299 4192 3542 4422 
16334 3731 4534 4358 4566 
16335 3609 4320 4063 4596 
16336 2920 3587 2899 4381 
16337 3488 3729 3676 4779 
16338 3367 4133 4340 4767 
16339 2630 2631 2611 4141 
16340 3553 4665 3613 4679 
16341 2834 2952 2954 4208 
16342 2654 3806 2661 4730 
16343 3537 4185 4067 4584 
16344 1577 4426 1579 4714 
16345 1967 2054 3689 4501 
16346 3358 3902 4273 4486 
16347 3401 4014 3612 4605 
16348 3629 4744 4155 4793 
16349 699 1962 700 4071 
16350 3588 4493 3345 4770 
16351 2477 2349 3812 4348 
16352 3311 3580 4001 4655 
16353 3668 4690 3642 4759 
16354 1537 4025 1526 4238 
16355 1074 1075 4464 4547 
16356 3880 4443 3869 4479 
16357 3769 3891 3351 4688 
16358 3298 3566 4384 4441 
16359 2192 2334 3897 4294 
16360 2241 2223 2269 3941 
16361 3427 4110 3612 4477 
16362 3566 4112 2236 4348 
16363 3931 4183 869 4345 
16364 3341 3924 4378 4777 
16365 2203 3886 3753 4604 
16366 229 230 3844 4055 
16367 3734 3949 3436 4042 
16368 3284 4113 3873 4645 
16369 1551 1102 1133 4000 
16370 3502 4409 3650 4558 
16371 445 3739 4037 4171 
16372 3526 4433 3425 4546 
16373 3347 3793 3963 4120 
16374 1484 1483 1485 4080 
16375 3451 4000 3694 4661 
16376 3834 3959 3303 4572 
16377 1514 1452 3164 4583 
16378 3504 3591 4471 4694 
16379 1172 1219 1196 4207 
16380 1538 3805 1475 3997 
16381 2018 2021 2100 4267 
16382 2422 2400 2169 4366 
16383 1391 4190 4093 4691 
16384 464 4392 463 4779 
16385 2084 2053 1950 3536 
16386 3303 4186 3685 4592 
16387 3319 4450 3809 4465 
16388 3231 3074 3188 3612 
16389 2239 3639 2240 4339 
16390 1808 1857 1851 3780 
16391 3779 3912 3496 4139 
16392 1292 3999 2565 4508 
16393 3685 4186 3448 4326 
16394 3460 3747 4424 4704 
16395 2296 3932 4376 4651 
16396 3730 4384 3566 4441 
16397 3779 3366 4083 4686 
16398 3435 3796 4648 4732 
16399 1125 1139 1064 4367 
16400 2850 3996 2851 4039 
16401 3668 4182 2280 4698 
16402 3315 3815 3658 4147 
16403 3833 3539 4437 4678 
16404 724 3968 3666 4297 
16405 3548 3994 3378 4094 
16406 1542 1450 3727 4483 
16407 1320 382 383 3683 
16408 3509 4284 3674 4302 
16409 3503 4384 4068 4724 
16410 94 3890 3469 3961 
16411 3525 4044 3484 4448 
16412 702 1936 701 3457 
16413 3045 1088 3687 4497 
16414 2173 2198 2137 3908 
16415 3810 4107 3920 4646 
16416 2244 2436 3698 4079 
16417 3514 4466 3726 4553 
16418 2443 3913 2312 4196 
16419 1373 1414 3656 4638 
16420 3320 4113 3558 4645 
16421 707 706 2084 3707 
16422 3128 3204 3127 3992 
16423 900 873 1179 4155 
16424 1448 133 911 3975 
16425 3312 3763 4010 4631 
16426 715 4322 3844 4344 
16427 1691 3735 1744 4509 
16428 3054 3247 4313 4654 
16429 1845 2322 2396 3876 
16430 2773 4571 3754 4575 
16431 2794 3791 2780 4144 
16432 3843 2044 4353 4678 
16433 3418 3962 4392 4412 
16434 3253 2782 2787 3754 
16435 2806 3742 2826 4469 
16436 1166 4040 2420 4251 
16437 3348 4366 3750 4579 
16438 1961 2011 724 3968 
16439 3052 3173 3174 4043 
16440 2505 3716 2494 4508 
16441 3676 4392 3962 4412 
16442 1048 240 4377 4713 
16443 3589 4540 3816 4747 
16444 1677 1744 1691 3735 
16445 2377 2376 2189 3887 
16446 1919 718 3956 4295 
16447 3820 4522 2437 4761 
16448 1393 2490 1427 3917 
16449 1700 3738 1702 4531 
16450 1860 4033 1839 4764 
16451 3418 4392 3676 4412 
16452 875 903 884 4519 
16453 3281 3683 4428 4757 
16454 3347 3793 4014 4477 
16455 1654 4077 1709 4210 
16456 152 3660 151 4506 
16457 1232 1228 1235 3868 
16458 3281 4428 3739 4757 
16459 397 3915 4021 4764 
16460 397 1799 3915 4764 
16461 1068 1039 1127 3713 
16462 2807 4254 3731 4534 
16463 3542 4120 3552 4422 
16464 2624 2636 2619 3633 
16465 1195 1168 1220 4551 
16466 1493 1504 1490 3728 
16467 1963 4291 4045 4501 
16468 3399 3526 4332 4567 
16469 3779 3496 4083 4139 
16470 46 404 3729 3974 
16471 1523 3523 4498 4776 
16472 2174 3971 2125 4184 
16473 1445 1528 1522 3766 
16474 2166 2136 195 3942 
16475 1543 1476 3648 4300 
16476 3723 4729 3952 4745 
16477 3901 4168 1726 4711 
16478 1779 1713 4248 4659 
16479 157 924 87 3457 
16480 3642 4522 3769 4759 
16481 3383 4228 3767 4699 
16482 3495 4246 3529 4257 
16483 2150 1186 2413 3767 
16484 2264 2440 4197 4236 
16485 2139 2119 2207 3672 
16486 390 1321 389 3712 
16487 1775 3215 1641 4659 
16488 3710 3740 3324 4152 
16489 421 4333 47 4782 
16490 1568 1609 2157 3913 
16491 1195 4551 1205 4656 
16492 1680 4168 3673 4693 
16493 3336 4030 3686 4356 
16494 449 3721 4106 4393 
16495 2289 4396 3651 4472 
16496 1577 3751 4426 4714 
16497 3357 4387 4059 4463 
16498 1713 3995 1778 4248 
16499 2328 3897 4119 4283 
16500 3375 4223 4436 4576 
16501 2130 2432 2321 4194 
16502 3376 4102 3655 4396 
16503 3388 3595 3923 4786 
16504 963 947 961 3804 
16505 1736 3737 1745 4733 
16506 2256 2257 2446 3616 
16507 2028 4227 3507 4511 
16508 1243 1274 1242 3755 
16509 1801 1881 1878 4102 
16510 3598 3683 3281 4757 
16511 1761 3772 1755 4514 
16512 98 930 146 4005 
16513 3596 4357 3927 4562 
16514 154 937 155 3911 
16515 3778 4331 3691 4673 
16516 884 903 872 3953 
16517 1091 4069 1110 4632 
16518 448 1428 1396 3998 
16519 1594 3891 1632 4543 
16520 1205 4551 3948 4656 
16521 445 444 3739 4171 
16522 1158 3931 1211 4425 
16523 1479 3805 1513 4760 
16524 3104 3103 3101 3854 
16525 4214 4612 1566 4782 
16526 1400 3920 2810 4107 
16527 3533 4608 3404 4750 
16528 3355 4084 3737 4733 
16529 1620 1603 1564 3788 
16530 1790 3847 1764 4696 
16531 700 4071 701 4700 
16532 1405 1388 1372 3604 
16533 97 4005 4174 4590 
16534 3491 4163 3570 4351 
16535 3509 3746 3304 3957 
16536 1682 1680 1687 3673 
16537 2780 4144 3791 4536 
16538 3971 4294 2176 4675 
16539 3306 4004 3581 4500 
16540 2994 3001 2951 4256 
16541 3416 4081 3855 4488 
16542 3648 4263 485 4405 
16543 1036 3775 1078 4547 
16544 2150 1186 3767 4699 
16545 1049 1081 4231 4687 
16546 3573 3899 3820 4495 
16547 3561 4715 416 4719 
16548 3488 3974 3729 4779 
16549 1919 3956 226 4295 
16550 2689 450 2813 4603 
16551 3347 4120 3542 4422 
16552 2243 2351 2224 3852 
16553 1743 1651 1770 4092 
16554 3405 4269 3742 4469 
16555 3835 4036 3415 4429 
16556 1278 1248 1860 4764 
16557 452 4156 4020 4406 
16558 2369 4251 4040 4783 
16559 1061 3671 4051 4309 
16560 143 3893 142 4280 
16561 225 1919 719 3956 
16562 3314 3853 4078 4167 
16563 1680 3673 1682 4693 
16564 3573 3820 3351 4495 
16565 1952 2107 2116 3710 
16566 223 1888 222 3832 
16567 3391 3901 4042 4171 
16568 3332 3561 4400 4715 
16569 1724 1760 1763 3764 
16570 3036 3176 3267 3980 
16571 3389 3884 4155 4310 
16572 1328 4020 452 4156 
16573 2560 2501 354 3999 
16574 2714 2712 2760 4062 
16575 2021 4266 2100 4267 
16576 3328 4160 3616 4194 
16577 2895 2877 4008 4427 
16578 3404 4364 4009 4439 
16579 3389 4783 4155 4793 
16580 2054 4072 3689 4501 
16581 2018 4068 3647 4267 
16582 3636 3287 3889 4566 
16583 3591 3354 3969 4694 
16584 2064 4266 3531 4771 
16585 3446 4441 3730 4447 
16586 2696 2771 3721 4393 
16587 3502 4676 3608 4751 
16588 385 4161 4734 4757 
16589 4040 1201 4499 4744 
16590 2232 2238 4038 4126 
16591 3887 3983 3444 4730 
16592 2515 2528 2532 3680 
16593 2358 3752 2266 4397 
16594 3423 3856 3945 4785 
16595 3309 3945 3856 4785 
16596 4269 4298 3398 4737 
16597 716 717 3693 4353 
16598 1675 3863 1676 4711 
16599 3404 3533 4241 4608 
16600 1557 1528 1101 3766 
16601 4364 4440 3615 4664 
16602 4018 4047 3365 4692 
16603 3615 4459 4439 4750 
16604 1826 1806 1866 3652 
16605 3118 3116 3115 4100 
16606 2982 2837 207 3795 
16607 2104 2122 2115 3621 
16608 2262 2191 2337 4184 
16609 2896 2874 2898 4564 
16610 3306 3581 4268 4500 
16611 1917 1882 218 2299 
16612 1786 1637 455 3736 
16613 1151 1195 1222 4551 
16614 964 963 991 3804 
16615 2320 2469 3943 4515 
16616 1590 1589 1618 4278 
16617 3446 3961 3387 4506 
16618 864 3 82 4375 
16619 83 4 864 4375 
16620 3305 3782 4617 4660 
16621 2879 2918 2919 3719 
16622 1494 1499 4411 4786 
16623 2280 4182 3668 4690 
16624 2427 4661 3824 4692 
16625 1981 4010 3763 4631 
16626 1967 4291 1965 4501 
16627 3832 4073 104 4142 
16628 3439 4006 3648 4300 
16629 3237 3044 4250 4419 
16630 2710 2709 2712 4549 
16631 3461 3659 4126 4535 
16632 2716 3940 2764 4325 
16633 2805 3021 2702 3792 
16634 3142 3095 3100 4410 
16635 3467 3872 3706 4281 
16636 2852 3982 2941 4039 
16637 3355 4733 4165 4756 
16638 2650 2631 2630 4141 
16639 3535 3410 4181 4660 
16640 478 4063 3525 4320 
16641 3219 3132 3775 4111 
16642 1139 3687 1064 4367 
16643 3232 3136 3187 4149 
16644 1964 2089 4045 4501 
16645 3349 3870 3786 4230 
16646 226 3956 3570 4295 
16647 1651 626 1770 4355 
16648 3427 4137 3830 4414 
16649 1069 3584 4028 4674 
16650 2412 1608 2158 4761 
16651 2594 2596 2663 4337 
16652 427 3991 1272 4247 
16653 3622 3986 3356 4193 
16654 2230 2232 2238 4038 
16655 2198 4244 3908 4661 
16656 3335 3961 4088 4447 
16657 3506 4153 3631 4578 
16658 3315 4556 3885 4594 
16659 453 1416 3896 4463 
16660 3768 4621 3442 4662 
16661 3659 3744 3383 4535 
16662 1679 1678 4168 4711 
16663 154 3911 3902 4195 
16664 2547 467 2489 3989 
16665 381 3900 3816 4314 
16666 3156 3056 4147 4408 
16667 1385 446 447 3734 
16668 2559 4061 2528 4620 
16669 3432 4285 3668 4759 
16670 140 3574 3832 4142 
16671 1089 1016 1139 4149 
16672 443 3946 442 4428 
16673 2632 3840 2634 4424 
16674 438 4034 3771 4649 
16675 3414 4072 3763 4416 
16676 2720 2761 2713 4224 
16677 3633 4341 3435 4537 
16678 3536 4151 3390 4449 
16679 4304 4380 3548 4666 
16680 2272 3757 2440 4236 
16681 4009 4439 4364 4440 
16682 1542 1498 1497 3950 
16683 2822 816 3014 4226 
16684 3442 4621 4347 4662 
16685 3439 4015 3855 4488 
16686 3896 3965 3380 4671 
16687 3421 3896 3611 4406 
16688 1059 3649 1057 4632 
16689 3194 3982 3186 4110 
16690 3153 3154 3093 3760 
16691 3548 4304 3914 4380 
16692 2258 2172 2404 3507 
16693 1447 1479 1513 4760 
16694 3296 4454 4617 4695 
16695 1416 3896 4387 4671 
16696 1807 3861 2153 4619 
16697 2990 3007 3001 3814 
16698 446 3734 1385 4387 
16699 3122 3152 3081 4776 
16700 2953 3720 2904 4445 
16701 2436 3698 2387 4526 
16702 2483 2526 2577 3989 
16703 1816 1818 1857 3780 
16704 1825 1824 3876 4434 
16705 3190 3921 3191 4179 
16706 2279 4369 4182 4690 
16707 3281 3712 3682 4103 
16708 2837 3967 2934 4402 
16709 2870 2897 3669 4443 
16710 2378 2152 2305 3655 
16711 3543 3601 4211 4315 
16712 2221 2222 2217 3699 
16713 1650 1412 469 4696 
16714 3378 3994 3548 4342 
16715 3893 4032 3353 4670 
16716 2035 2036 3866 4679 
16717 3347 4101 4014 4742 
16718 1714 3765 1661 4668 
16719 2214 2225 2226 4557 
16720 4024 4272 3538 4478 
16721 155 987 984 3902 
16722 4094 4420 3433 4491 
16723 986 4067 967 4117 
16724 225 1891 1919 3956 
16725 3320 3699 3752 4397 
16726 3329 3529 4125 4257 
16727 3366 4083 3782 4617 
16728 1690 3662 1746 4681 
16729 3991 4247 3434 4635 
16730 242 1918 1907 3910 
16731 1288 1290 414 3701 
16732 1712 1666 1748 3605 
16733 888 92 93 3984 
16734 1335 3729 478 4044 
16735 2771 2740 2770 3781 
16736 140 3832 104 4142 
16737 1057 1059 1055 3649 
16738 1906 240 241 4011 
16739 3379 4598 4043 4599 
16740 210 3859 209 4307 
16741 3476 4536 3749 4627 
16742 458 457 3835 4429 
16743 1728 3662 1746 4595 
16744 1282 428 427 3991 
16745 2820 2757 2753 4468 
16746 3662 3946 3517 4595 
16747 1183 1222 1195 4656 
16748 3284 3577 3873 4223 
16749 3337 3932 3646 4188 
16750 3446 3387 3973 4506 
16751 3350 3509 3859 4302 
16752 3193 3231 3051 4039 
16753 1450 1541 486 3648 
16754 2630 2614 2633 4141 
16755 3640 3388 4215 4493 
16756 103 4073 4345 4550 
16757 2699 3731 479 4534 
16758 3402 3830 4137 4713 
16759 3125 4520 3995 4659 
16760 3650 4144 2821 4558 
16761 1435 810 2640 2680 
16762 1337 4044 478 4448 
16763 1229 1231 1230 3757 
16764 2751 2753 2757 4468 
16765 2291 4177 2290 4396 
16766 1170 3659 1156 4492 
16767 155 3902 154 3911 
16768 1067 235 1093 4605 
16769 3502 4562 3608 4676 
16770 100 3591 3969 4471 
16771 1601 1568 1624 4196 
16772 1547 1545 1485 4018 
16773 221 222 3545 4375 
16774 3296 4617 3709 4695 
16775 3646 3932 3337 4376 
16776 1758 1789 1739 3667 
16777 3156 4147 3089 4408 
16778 2223 2218 2356 3941 
16779 3409 4121 3957 4415 
16780 1494 1499 1469 4411 
16781 2074 2027 2084 3536 
16782 3715 4372 3592 4454 
16783 3505 4549 4134 4592 
16784 1739 1740 1689 4403 
16785 143 144 3705 4035 
16786 3542 3347 4422 4723 
16787 2882 2903 2884 4524 
16788 3354 4373 3941 4388 
16789 3125 3126 4520 4659 
16790 1760 1754 3212 3987 
16791 3247 3181 4313 4654 
16792 379 3751 1237 4540 
16793 235 4116 1093 4605 
16794 2785 2784 3748 4393 
16795 2894 2902 2890 4505 
16796 2091 2070 4268 4459 
16797 3507 3352 4227 4703 
16798 3389 4251 3941 4783 
16799 2909 3626 2945 4505 
16800 1789 3667 1758 4355 
16801 3664 4096 3437 4280 
16802 2068 2041 2098 3547 
16803 1782 1780 4114 4279 
16804 3743 4196 3393 4614 
16805 2209 2208 2210 4736 
16806 3327 4320 3525 4648 
16807 1736 4165 3737 4733 
16808 2092 2006 2008 4460 
16809 3413 3995 3992 4520 
16810 2989 3009 3000 3644 
16811 3356 3986 3622 4624 
16812 3967 4564 3491 4670 
16813 95 3770 3469 3890 
16814 3384 3617 4289 4616 
16815 4092 4433 3667 4546 
16816 3391 4001 4042 4589 
16817 1457 1458 1487 3645 
16818 142 3893 971 4032 
16819 3333 3606 4164 4418 
16820 3370 3743 4041 4698 
16821 3068 3957 3255 4444 
16822 872 3825 3953 4523 
16823 1259 1240 387 3823 
16824 2789 3749 2776 4627 
16825 384 4161 385 4757 
16826 2870 2872 2928 3869 
16827 3804 4319 963 4533 
16828 3598 4370 4103 4634 
16829 1404 4093 198 4691 
16830 2806 2800 3759 4469 
16831 3357 3673 4148 4473 
16832 2341 2283 2340 4182 
16833 2414 4112 2352 4703 
16834 1212 1197 1161 4197 
16835 2026 1983 3762 4169 
16836 3299 4257 3552 4657 
16837 3286 4016 3945 4409 
16838 3500 3686 3457 4356 
16839 3330 4458 3833 4460 
16840 2172 2258 2257 3507 
16841 2145 3657 2448 4361 
16842 908 885 876 3907 
16843 3622 3986 3594 4624 
16844 2120 4265 2114 4511 
16845 2398 1883 249 1916 
16846 2706 436 1418 3748 
16847 1569 3783 1633 4628 
16848 3433 4065 3562 4233 
16849 751 2256 2105 4265 
16850 3486 4301 3951 4391 
16851 3951 4301 3719 4391 
16852 3028 3219 1527 4111 
16853 2642 3269 3202 3912 
16854 3403 4291 4045 4482 
16855 1820 3870 3786 4221 
16856 2763 2695 2798 3760 
16857 3104 3105 3103 3854 
16858 3616 4112 3352 4703 
16859 3283 4156 4095 4644 
16860 1614 1580 1582 3657 
16861 884 867 131 3936 
16862 2519 3782 2520 4124 
16863 3559 4277 4055 4529 
16864 1134 1101 1091 3766 
16865 3589 3385 4188 4540 
16866 3397 4187 4238 4712 
16867 3578 4097 3417 4382 
16868 1585 1584 3594 4612 
16869 3322 4407 4189 4562 
16870 1309 444 386 3739 
16871 1755 1761 1650 3772 
16872 893 91 92 3984 
16873 2012 2156 2431 3774 
16874 436 1426 49 4393 
16875 3455 3762 3973 4666 
16876 3842 4433 3425 4567 
16877 2922 4053 2869 4591 
16878 2570 2556 2660 3806 
16879 229 1941 1894 4322 
16880 1152 3767 1172 4207 
16881 3479 201 3970 4476 
16882 3575 3491 4564 4670 
16883 3709 4617 4454 4695 
16884 1064 1139 1088 3687 
16885 3323 4188 4103 4689 
16886 3612 4014 3793 4477 
16887 3995 4520 3413 4659 
16888 3435 3609 4537 4732 
16889 221 1886 220 4527 
16890 2174 2337 2191 4184 
16891 3565 4037 3281 4274 
16892 3387 4151 3660 4449 
16893 1504 1506 1491 4187 
16894 2522 2568 2569 4470 
16895 1830 1828 4075 4734 
16896 3378 4094 3562 4233 
16897 2094 4152 3710 4539 
16898 3632 3486 4381 4643 
16899 45 1323 403 4560 
16900 3830 4377 4137 4713 
16901 3295 4225 4129 4652 
16902 459 3835 1324 4122 
16903 3596 3935 3319 4569 
16904 3567 4335 4213 4421 
16905 1790 1764 1704 4696 
16906 3396 3988 4229 4584 
16907 1960 3553 4237 4246 
16908 3659 3744 3461 4650 
16909 147 146 3756 4067 
16910 4261 4489 3850 4738 
16911 1870 1848 1850 4619 
16912 2327 2193 2176 4675 
16913 3150 3759 3166 4705 
16914 3902 4195 3911 4486 
16915 3662 4595 1728 4681 
16916 3200 4165 3121 4216 
16917 1414 1390 3656 4638 
16918 3562 4065 3433 4420 
16919 2542 3779 2525 4061 
16920 477 1337 478 4448 
16921 3293 3649 4404 4682 
16922 3773 3774 3342 4710 
16923 3896 4387 3357 4463 
16924 1745 1744 4084 4509 
16925 2991 1020 2998 4256 
16926 3254 3181 3191 3921 
16927 3370 4064 3702 4516 
16928 3090 3089 3815 4408 
16929 3867 4190 3636 4358 
16930 3159 4165 3200 4216 
16931 3394 4138 4056 4641 
16932 3374 3901 3863 4711 
16933 3690 4475 4309 4749 
16934 1631 3820 1619 4543 
16935 2185 2187 2202 3753 
16936 411 410 3870 4336 
16937 2956 2935 3967 4564 
16938 2025 2112 3562 4420 
16939 150 929 94 3890 
16940 3696 4038 3335 4126 
16941 1594 1632 1593 4543 
16942 2731 3836 2778 4455 
16943 46 3872 420 4178 
16944 1292 2565 1258 4508 
16945 3784 3871 3421 4490 
16946 3391 3565 4001 4274 
16947 3331 3583 4209 4217 
16948 226 1919 1891 3956 
16949 2212 2213 2210 3732 
16950 2279 2163 3780 4690 
16951 1702 1701 1703 3738 
16952 3365 3501 4018 4080 
16953 1424 1437 431 4263 
16954 2658 490 3917 4145 
16955 2221 2358 2266 4397 
16956 989 999 956 4725 
16957 3669 4053 3326 4591 
16958 1971 1977 1973 3994 
16959 1069 4028 3584 4794 
16960 1462 3978 1459 4300 
16961 3033 2484 3211 3779 
16962 1082 3183 4255 4497 
16963 3621 3422 3939 4630 
16964 2546 3806 2403 4680 
16965 3138 3255 3068 3957 
16966 2796 3760 2763 4453 
16967 1153 4656 1187 4702 
16968 1195 1151 1167 4551 
16969 3489 3904 3774 4642 
16970 1122 4367 1064 4497 
16971 1967 4291 3689 4484 
16972 990 2977 2838 4117 
16973 1044 1069 3584 4794 
16974 3203 3033 3779 3912 
16975 2608 4023 2611 4140 
16976 3371 3860 3817 4676 
16977 415 414 3701 4555 
16978 3612 3996 3401 4605 
16979 1020 1108 1084 4256 
16980 3664 3956 3353 4532 
16981 2286 2312 2284 3743 
16982 222 3832 3545 4375 
16983 3615 4268 2099 4459 
16984 2649 4417 2633 4559 
16985 3362 3993 3907 4590 
16986 3440 4243 3643 4325 
16987 1609 2313 2157 3922 
16988 992 138 1028 3644 
16989 3622 4612 4214 4782 
16990 960 3006 988 3644 
16991 1860 1248 1865 4033 
16992 3593 3418 4544 4728 
16993 411 3513 410 4336 
16994 380 379 1237 4540 
16995 2919 2918 2948 3719 
16996 3518 4536 3749 4762 
16997 3194 3231 3193 4039 
16998 2725 4224 2720 4243 
16999 2547 466 467 3989 
17000 3576 3338 4097 4282 
17001 3283 4021 4020 4036 
17002 233 232 4105 4385 
17003 2803 2806 2781 3821 
17004 133 1466 322 3975 
17005 2039 2097 2075 4227 
17006 2034 2035 2036 3866 
17007 2196 2186 2195 4334 
17008 233 1100 234 4116 
17009 3717 4023 3494 4732 
17010 813 4424 3747 4704 
17011 1125 1063 1058 4347 
17012 3208 3172 4487 4599 
17013 2277 2163 3780 4788 
17014 3029 3229 3251 4082 
17015 437 3771 4034 4677 
17016 404 1263 405 3983 
17017 714 715 3844 4344 
17018 3730 3455 4380 4384 
17019 1346 3926 470 4780 
17020 2338 4340 2205 4563 
17021 3403 4290 3621 4482 
17022 2354 2361 2235 3681 
17023 4137 4377 3830 4414 
17024 2525 4061 3779 4686 
17025 3286 3945 3885 4751 
17026 2324 4118 2325 4166 
17027 3110 3111 3112 3758 
17028 2882 3952 2971 4524 
17029 3949 4042 3734 4541 
17030 3779 4083 3366 4640 
17031 228 3559 4051 4570 
17032 2767 2826 2795 4386 
17033 3758 4019 3112 4625 
17034 985 3641 957 4363 
17035 2115 4194 4065 4265 
17036 3447 4259 4255 4598 
17037 2850 3196 2829 3996 
17038 2752 2812 2725 4315 
17039 199 1011 206 4287 
17040 3475 3925 4002 4240 
17041 1530 1454 1558 4214 
17042 3712 3625 4103 4370 
17043 1300 2679 2644 576 
17044 395 4033 396 4510 
17045 1964 3710 2001 3740 
17046 3445 4344 4322 4353 
17047 2145 1570 3657 4361 
17048 2731 2759 2778 3836 
17049 1052 1054 4347 4621 
17050 2103 3672 2139 3928 
17051 2504 2503 2488 4218 
17052 3608 3372 4503 4676 
17053 1374 3965 1392 4671 
17054 3346 3852 4079 4697 
17055 3399 3842 3933 4167 
17056 3087 4139 3227 4640 
17057 3306 4268 3692 4500 
17058 2198 3824 2427 4661 
17059 3 3718 82 4375 
17060 917 886 890 3931 
17061 2272 249 3757 4236 
17062 3703 3525 4063 4648 
17063 2998 3004 2990 3814 
17064 1400 1408 460 3920 
17065 2982 2935 2837 3967 
17066 2060 2020 2085 4431 
17067 1215 906 1199 3868 
17068 1915 234 711 3879 
17069 4466 4553 3514 4674 
17070 466 467 3989 4395 
17071 2674 2627 2658 4145 
17072 105 4523 3958 4527 
17073 3198 3274 3178 3798 
17074 2277 3780 2163 4690 
17075 965 986 958 4117 
17076 915 1554 894 3881 
17077 3412 3504 4264 4471 
17078 2868 3669 4132 4591 
17079 1581 3800 1582 4426 
17080 3607 3957 3409 4518 
17081 2168 2161 2167 4579 
17082 425 426 4012 4717 
17083 2746 2747 4200 4272 
17084 3291 4608 4087 4748 
17085 138 157 14 923 
17086 3433 4491 4420 4511 
17087 2240 4060 2250 4339 
17088 1818 1799 1873 3915 
17089 2763 2796 2695 3760 
17090 1701 4091 3738 4306 
17091 2820 3727 2704 4758 
17092 3452 4270 3875 4382 
17093 3812 4227 3352 4703 
17094 3008 3814 3001 4256 
17095 1574 1239 372 1598 
17096 3287 3636 3889 4601 
17097 1171 2371 2413 4207 
17098 3063 2834 3197 4208 
17099 3673 4168 3530 4693 
17100 3353 3498 4239 4321 
17101 3985 4200 2815 4720 
17102 3495 4246 3613 4742 
17103 3812 4348 2349 4703 
17104 3061 3157 3060 4378 
17105 2560 354 2586 3999 
17106 2889 3557 4667 4672 
17107 3493 3559 4277 4351 
17108 1702 4002 1705 4531 
17109 3712 4106 3682 4622 
17110 1648 1733 1750 4165 
17111 422 4333 1357 4566 
17112 2053 2084 2027 3536 
17113 3182 1079 1024 4335 
17114 3482 3772 4514 4780 
17115 866 3953 903 4425 
17116 3387 4098 4151 4449 
17117 1413 454 455 3736 
17118 236 4014 3612 4477 
17119 3731 3889 4565 4566 
17120 1553 1629 1275 4214 
17121 3286 4409 3945 4751 
17122 1408 3920 1400 4107 
17123 1962 2071 2063 4030 
17124 2460 2477 2349 3812 
17125 1854 1798 1820 3786 
17126 1584 4214 3594 4612 
17127 3298 4384 3730 4441 
17128 3710 4045 2107 4290 
17129 1768 1642 1719 4205 
17130 149 148 925 4623 
17131 3127 3125 3992 3995 
17132 446 4171 3734 4387 
17133 3016 3220 3123 3764 
17134 1476 4263 3648 4300 
17135 2060 2050 3812 4431 
17136 1810 1852 1847 3837 
17137 3083 1097 3261 3775 
17138 1268 3702 1239 4305 
17139 3414 4416 4249 4748 
17140 100 4035 3591 4471 
17141 3777 4080 3365 4512 
17142 2724 2762 2763 4453 
17143 3432 3769 4285 4759 
17144 1963 4045 4291 4482 
17145 3797 4305 1600 4628 
17146 3596 4562 3927 4569 
17147 716 2090 717 4353 
17148 892 3629 889 4183 
17149 3041 3191 3190 3921 
17150 471 470 3926 4514 
17151 576 4507 3930 4714 
17152 1940 707 3628 4597 
17153 1238 4314 4235 4718 
17154 233 4105 232 4313 
17155 2125 3971 628 4184 
17156 3411 4612 4050 4624 
17157 952 979 961 3766 
17158 2943 2914 2829 3798 
17159 3062 4139 3133 4417 
17160 3662 3946 3391 4739 
17161 3740 4045 3403 4501 
17162 3898 3960 3351 4495 
17163 3412 3504 4170 4264 
17164 3593 3515 3989 4728 
17165 2582 2636 2625 3895 
17166 4333 4565 3287 4566 
17167 3203 3912 3779 4139 
17168 3514 4028 3584 4674 
17169 3985 4272 3371 4558 
17170 1833 2421 1807 3861 
17171 2967 3585 2931 4672 
17172 3773 4071 699 4709 
17173 2768 2755 2816 4581 
17174 3534 4234 3474 4651 
17175 472 3919 471 4206 
17176 3385 3751 3750 4426 
17177 3124 3239 3025 3785 
17178 954 3829 977 4319 
17179 3281 3771 3579 4649 
17180 1568 1635 1609 3913 
17181 3602 4729 3313 4745 
17182 3089 4147 3815 4408 
17183 2046 2056 1974 4491 
17184 326 197 1003 3733 
17185 466 465 3695 4392 
17186 3155 3066 3095 4326 
17187 2175 2156 698 3773 
17188 3336 3911 3531 4771 
17189 2160 3750 2311 4366 
17190 3732 4397 3583 4557 
17191 3323 3800 4199 4622 
17192 3336 3531 4266 4771 
17193 3336 4261 3850 4738 
17194 950 961 979 3894 
17195 1172 1174 3993 4538 
17196 2079 1953 712 4237 
17197 3581 4004 3615 4664 
17198 478 3525 3729 4320 
17199 2440 2408 2180 3757 
17200 2193 3964 2454 4675 
17201 2726 3981 2728 4455 
17202 1437 1455 431 4015 
17203 3529 3790 4125 4257 
17204 3390 4026 3613 4679 
17205 2037 2035 1977 3866 
17206 3449 4598 4259 4749 
17207 3479 4476 3776 4585 
17208 3352 4112 3566 4348 
17209 885 877 916 3907 
17210 1248 4033 1860 4764 
17211 3344 4170 3537 4293 
17212 384 1802 385 4161 
17213 2952 840 2941 3214 
17214 3933 4733 3355 4756 
17215 3290 4350 3530 4360 
17216 1205 1145 3948 4492 
17217 3390 4665 3553 4679 
17218 1189 1188 1150 3907 
17219 1243 1256 1286 3827 
17220 2312 3743 2286 4196 
17221 3783 3797 3323 4199 
17222 627 4121 3155 4410 
17223 1670 4308 4046 4554 
17224 2902 3584 4505 4741 
17225 3036 3980 3267 4149 
17226 3447 4309 4475 4749 
17227 3531 3358 4286 4486 
17228 1696 1684 1735 4148 
17229 105 3545 927 4375 
17230 1809 1825 1824 3876 
17231 3573 3351 4383 4610 
17232 2760 4062 2796 4453 
17233 3613 4192 3390 4665 
17234 2394 585 1591 1576 
17235 2834 2955 3197 4208 
17236 2137 1124 218 4244 
17237 1692 4056 4308 4554 
17238 2857 4120 2854 4201 
17239 1975 3762 1983 4304 
17240 4259 4445 3189 4487 
17241 3041 2939 2842 3921 
17242 4186 4326 3685 4592 
17243 2943 2842 2948 3798 
17244 2980 2928 2896 3869 
17245 3502 4409 4676 4751 
17246 3247 3191 3181 4654 
17247 3297 3817 3860 4503 
17248 2155 2049 2419 4664 
17249 2127 3659 2391 4492 
17250 988 2984 2944 3644 
17251 3433 4233 3562 4420 
17252 3524 4449 4192 4665 
17253 4070 4269 3398 4737 
17254 2717 2762 3966 4453 
17255 3600 3935 3473 4641 
17256 3319 3935 3600 4641 
17257 248 247 3868 4709 
17258 3349 3786 3870 4221 
17259 2174 2176 3971 4294 
17260 2314 2430 2202 4058 
17261 1653 1764 1790 3847 
17262 3685 4410 4092 4413 
17263 1069 1044 3584 4674 
17264 3309 3977 3704 4401 
17265 3856 4226 3423 4250 
17266 2717 2760 2762 4453 
17267 1566 430 1612 4214 
17268 2895 2904 2877 4427 
17269 2652 4178 2597 4281 
17270 1600 1630 3797 4628 
17271 1195 1205 1183 4656 
17272 2910 2904 2988 3720 
17273 3524 4098 4449 4665 
17274 1967 1965 2054 4501 
17275 1406 4059 1375 4387 
17276 3562 4291 3403 4482 
17277 1969 2037 3663 4685 
17278 1668 1669 4270 4554 
17279 3544 3310 4098 4374 
17280 2382 2477 2460 3812 
17281 2969 2963 2932 3567 
17282 1663 1666 3918 4368 
17283 3354 4373 3947 4694 
17284 1149 1196 1214 3711 
17285 3152 3225 3091 3674 
17286 453 3611 452 4020 
17287 1751 1638 1745 3737 
17288 1548 1449 1485 3694 
17289 3855 4076 3416 4488 
17290 1294 422 1260 4150 
17291 2028 2075 1958 3507 
17292 3759 3821 3405 4705 
17293 3080 3944 3081 4284 
17294 3578 3417 4270 4382 
17295 4051 4277 3559 4351 
17296 870 1031 3881 4456 
17297 2491 3925 1645 4602 
17298 3513 3695 3619 4633 
17299 3594 3986 3622 4214 
17300 50 461 1323 4095 
17301 3682 4103 3712 4622 
17302 3400 3547 4010 4706 
17303 3668 4182 3339 4690 
17304 2442 4000 2276 4661 
17305 3933 3355 4167 4756 
17306 1650 3772 1761 4696 
17307 3609 4537 2604 4596 
17308 3735 3374 4219 4711 
17309 1961 3848 2067 4268 
17310 1952 2116 1995 3710 
17311 225 1051 226 4232 
17312 3855 4025 983 4533 
17313 1969 3663 1971 4484 
17314 3847 4531 4029 4696 
17315 157 4180 3626 4485 
17316 435 1404 1391 4093 
17317 3578 4270 3417 4588 
17318 1969 2037 1971 3663 
17319 429 3986 1454 4214 
17320 3290 4451 3853 4792 
17321 478 4063 4320 4596 
17322 1416 4387 3896 4463 
17323 1699 3618 4514 4658 
17324 2519 4124 2520 4470 
17325 3441 3934 4450 4593 
17326 431 432 1407 4015 
17327 2259 2390 2431 3774 
17328 2104 752 2130 4194 
17329 2346 1187 1145 3948 
17330 242 1069 4028 4674 
17331 627 3155 1792 4410 
17332 2371 2126 2470 4207 
17333 3799 3379 4529 4787 
17334 233 1915 712 3879 
17335 1975 2002 3762 4755 
17336 2310 3849 2196 4502 
17337 3301 3618 4029 4673 
17338 460 461 3920 4330 
17339 3219 3278 3132 4111 
17340 3084 3032 3030 4226 
17341 3692 4268 3848 4500 
17342 2091 2016 2070 4459 
17343 2613 3983 2620 4178 
17344 2307 2309 2196 3789 
17345 2081 3553 1960 4679 
17346 3291 3990 4608 4748 
17347 3362 3681 3803 4209 
17348 2462 2274 2319 3968 
17349 1064 3687 1088 4497 
17350 2171 2143 2170 4318 
17351 3352 4348 3566 4384 
17352 3905 3988 3445 4157 
17353 888 1167 893 3984 
17354 3336 3500 3911 4771 
17355 2944 1000 14 2843 
17356 3339 3780 3915 4726 
17357 3054 4313 1068 4654 
17358 1708 1705 1706 4002 
17359 3500 3336 4356 4771 
17360 3214 2952 839 3063 
17361 3306 3615 4004 4750 
17362 878 1228 1233 3868 
17363 957 3641 205 4363 
17364 3402 4011 3726 4713 
17365 3321 3876 3789 4434 
17366 3863 4219 3374 4711 
17367 2743 2738 2742 4478 
17368 2177 2381 2379 3831 
17369 3353 3551 4163 4321 
17370 4259 4475 3521 4749 
17371 3385 3816 3751 4540 
17372 1604 1630 1572 3797 
17373 2691 2808 1379 4107 
17374 3518 4272 4024 4478 
17375 890 869 3931 4183 
17376 2040 4010 1981 4631 
17377 3657 3800 3385 4426 
17378 3582 4090 3432 4688 
17379 1697 1686 1696 4653 
17380 2554 2538 2492 3912 
17381 3327 4746 4412 4765 
17382 3305 3550 4660 4746 
17383 1061 227 1023 4309 
17384 2115 2105 4194 4265 
17385 1748 1665 1688 4368 
17386 3751 4540 3816 4639 
17387 2004 4491 1987 4511 
17388 1427 2490 2499 3917 
17389 3240 2584 2647 4066 
17390 3347 3613 4422 4723 
17391 3346 4500 3852 4697 
17392 3151 3143 3144 3954 
17393 2889 3557 4466 4667 
17394 2973 2972 2907 4159 
17395 3806 3444 3887 4680 
17396 407 406 3716 4769 
17397 3706 3872 3426 4281 
17398 1394 1644 1402 4114 
17399 3208 3172 3037 4487 
17400 3570 3956 3353 4359 
17401 2526 2527 2521 3700 
17402 3860 4311 3599 4338 
17403 3433 4094 4233 4420 
17404 3550 4412 3327 4746 
17405 3974 3983 3444 4727 
17406 3899 4198 3368 4495 
17407 3180 1068 3054 4313 
17408 903 875 4425 4519 
17409 3476 3749 4031 4627 
17410 193 4425 4519 4721 
17411 3502 4189 4562 4676 
17412 1503 1502 1501 3742 
17413 1313 436 378 4677 
17414 3450 4572 3834 4774 
17415 3663 3828 3428 4685 
17416 3102 3100 3101 4413 
17417 3300 3570 4351 4359 
17418 815 4613 4743 4785 
17419 3418 3700 4154 4181 
17420 3604 3927 3372 4432 
17421 1278 396 1248 4764 
17422 2389 4204 2348 4348 
17423 365 1260 1567 1244 
17424 2283 2280 4182 4698 
17425 3343 3596 3934 4450 
17426 714 713 2093 3846 
17427 44 1316 49 3682 
17428 3335 3730 4441 4447 
17429 239 1932 1904 4597 
17430 1720 1773 1775 4205 
17431 2987 2931 2967 3585 
17432 3484 4044 418 4448 
17433 3453 3956 4295 4359 
17434 1422 475 476 4357 
17435 3740 4271 4072 4501 
17436 3331 3803 3681 4209 
17437 2650 4066 2584 4496 
17438 1863 1832 1831 4102 
17439 3673 4168 1680 4775 
17440 2518 2519 4154 4773 
17441 2081 1960 3553 4237 
17442 106 3868 4683 4684 
17443 2073 4356 4266 4771 
17444 2477 2389 2349 4348 
17445 3334 4153 3761 4324 
17446 1466 322 3975 4247 
17447 3886 3887 3444 4680 
17448 3447 4309 3690 4475 
17449 3026 3200 3159 4165 
17450 3631 4518 3067 4705 
17451 3739 4428 443 4757 
17452 2993 2995 2997 3670 
17453 4087 4608 3541 4748 
17454 3697 4292 3424 4657 
17455 2843 3626 2909 4485 
17456 3020 3229 2788 4134 
17457 1345 3695 465 4769 
17458 1287 418 3802 4049 
17459 1221 1191 1177 4793 
17460 1745 1725 1744 4509 
17461 4025 4238 3345 4770 
17462 1948 1966 2025 3562 
17463 49 449 1307 4106 
17464 4129 4289 3386 4652 
17465 2788 2693 3020 4134 
17466 1478 1441 1518 3903 
17467 132 3777 3975 4717 
17468 3116 3118 3119 4100 
17469 2722 4243 2715 4325 
17470 1204 1189 1196 3907 
17471 2614 2610 2612 3684 
17472 1779 3658 1641 4659 
17473 3154 3760 2695 4082 
17474 3403 3877 3972 4271 
17475 1788 1709 1654 4077 
17476 3346 3958 3666 4297 
17477 3722 4545 3429 4737 
17478 2967 4672 2930 4741 
17479 1994 1992 1997 4416 
17480 3560 4400 3653 4517 
17481 3462 3960 3755 4399 
17482 3392 4240 4074 4611 
17483 703 3500 702 4771 
17484 3458 4028 3626 4580 
17485 3281 3682 4106 4677 
17486 156 924 157 4180 
17487 1645 2491 2535 3925 
17488 2362 3767 2413 4207 
17489 248 3757 249 4236 
17490 2649 2633 2614 4559 
17491 3317 4158 3627 4172 
17492 153 936 91 4158 
17493 3270 3226 3140 3814 
17494 3284 3839 4223 4576 
17495 2012 1957 2072 4642 
17496 3161 4031 3216 4627 
17497 2843 2945 2909 3626 
17498 2460 3812 2349 4703 
17499 1492 4498 1489 4786 
17500 3588 3345 4238 4770 
17501 3329 3719 4301 4391 
17502 3298 4068 4724 4738 
17503 1225 1182 1194 3678 
17504 3789 3876 3321 4334 
17505 234 1915 1899 3879 
17506 1687 3673 1680 4775 
17507 1699 1662 3618 4658 
17508 1757 1790 1747 4740 
17509 3678 3773 3342 4710 
17510 2875 3808 2906 4729 
17511 2695 3154 3022 3760 
17512 3333 3749 3818 4571 
17513 2330 2146 4050 4278 
17514 436 2784 2706 1426 
17515 2099 2023 3615 4459 
17516 2012 2431 1957 4642 
17517 96 3568 3770 4394 
17518 1093 4116 3070 4605 
17519 3053 2941 840 3214 
17520 3586 4400 3332 4517 
17521 3686 4030 3342 4071 
17522 3458 3500 4390 4486 
17523 1846 1267 1827 4075 
17524 195 3942 1005 4582 
17525 3979 4033 3527 4510 
17526 2203 3753 2187 4604 
17527 2324 2325 2201 4166 
17528 1953 3846 713 4385 
17529 2850 3051 3196 3996 
17530 2563 1285 409 4230 
17531 1390 1425 473 3656 
17532 3413 4262 3597 4695 
17533 3136 3045 3187 3687 
17534 147 3756 4394 4623 
17535 2055 3615 4440 4664 
17536 2399 2306 2246 4664 
17537 2702 3021 2786 3791 
17538 1972 1971 3994 4484 
17539 628 3971 629 4184 
17540 1847 3837 1852 4619 
17541 198 435 1404 1004 
17542 3426 3983 3974 4727 
17543 3408 4393 3748 4677 
17544 3604 4189 811 4720 
17545 2136 2164 1006 3942 
17546 3410 4617 3782 4660 
17547 1726 3901 1729 4168 
17548 3720 3521 4475 4749 
17549 1675 1674 1676 3863 
17550 3906 4498 1492 4786 
17551 474 3934 473 4048 
17552 3731 3889 3318 4468 
17553 2426 4018 2317 4452 
17554 3323 3646 4177 4296 
17555 3793 3996 3612 4039 
17556 3139 4134 3207 4609 
17557 3977 4057 3382 4327 
17558 3846 4237 1953 4706 
17559 3283 4090 3582 4122 
17560 2314 2189 2428 3887 
17561 3737 4084 1745 4733 
17562 867 3936 895 4512 
17563 418 1287 3802 4715 
17564 3380 4541 3781 4581 
17565 3035 2849 2947 4445 
17566 3636 4481 3287 4566 
17567 2043 1994 3833 4678 
17568 2301 3837 2418 4619 
17569 2818 2696 2771 3721 
17570 3391 3946 4274 4739 
17571 1242 1274 400 3755 
17572 4189 4407 3502 4562 
17573 2602 492 491 4596 
17574 3548 3285 4342 4666 
17575 2257 2352 2446 3616 
17576 3360 4100 3576 4419 
17577 3598 4734 4161 4757 
17578 4189 4407 3895 4704 
17579 3349 3789 4362 4502 
17580 2293 2402 2300 4376 
17581 3699 4007 3468 4753 
17582 2446 4160 2245 4194 
17583 1408 1382 3810 4107 
17584 4069 4187 3487 4682 
17585 3489 4489 4724 4738 
17586 2716 2744 2764 3940 
17587 2582 2625 2635 3895 
17588 3445 4584 3905 4629 
17589 3863 3901 3374 4589 
17590 3125 3992 3995 4520 
17591 2343 2297 3783 4177 
17592 1683 1732 3933 4756 
17593 866 105 912 4523 
17594 3682 3712 3281 4106 
17595 238 239 1904 4597 
17596 242 243 1908 4390 
17597 2403 2570 2465 3806 
17598 1795 1737 3865 4403 
17599 3068 3049 3957 4518 
17600 3842 4332 3526 4567 
17601 104 4073 932 4142 
17602 233 1899 1915 3879 
17603 1967 1966 4291 4484 
17604 159 160 949 3855 
17605 3335 3624 4088 4535 
17606 1782 1727 1780 4279 
17607 473 1373 3656 3934 
17608 3435 4023 3717 4732 
17609 1343 468 4395 4780 
17610 2486 2549 2507 3786 
17611 4249 4416 3539 4748 
17612 2793 2695 3029 829 
17613 2257 2414 2352 4703 
17614 3388 3588 3923 4493 
17615 1674 3863 1675 4494 
17616 2754 3981 2727 4211 
17617 3008 2991 2998 4256 
17618 2427 2365 4661 4692 
17619 2650 2633 2584 4066 
17620 3774 4060 3342 4710 
17621 3493 3799 4529 4787 
17622 245 138 3457 4180 
17623 3648 4006 3439 4405 
17624 2475 2297 2344 4296 
17625 2630 2633 2650 4141 
17626 148 147 926 4623 
17627 3170 4259 3171 4598 
17628 3601 4243 3384 4652 
17629 2305 4102 2402 4396 
17630 1408 1429 1382 4107 
17631 2137 3908 2198 4244 
17632 3550 3443 4312 4412 
17633 1441 1514 3023 3903 
17634 1275 1454 1553 4214 
17635 1658 1657 1659 3919 
17636 3364 4345 3741 4697 
17637 2752 4243 3920 4315 
17638 2881 2861 2880 3723 
17639 2436 2171 2387 4253 
17640 2337 2262 4184 4788 
17641 1728 4595 4279 4681 
17642 478 3729 3525 4044 
17643 3840 4424 3747 4743 
17644 3591 3969 3354 4373 
17645 3284 3972 3877 4271 
17646 3629 3364 4183 4499 
17647 3398 3874 3794 4298 
17648 3794 3874 3438 4298 
17649 3403 4271 3740 4501 
17650 355 1263 3983 3999 
17651 3526 4433 3842 4567 
17652 2497 2548 2552 4130 
17653 1961 2047 3581 4268 
17654 2878 2860 2913 3937 
17655 4033 4510 3979 4764 
17656 1633 1569 1606 3783 
17657 2519 4124 2533 4154 
17658 917 1164 886 3931 
17659 3446 4172 3730 4441 
17660 3425 3685 4413 4774 
17661 3779 4139 4083 4640 
17662 1464 1467 1463 4276 
17663 3399 4332 3842 4567 
17664 478 1401 4063 4596 
17665 414 413 3701 4212 
17666 3146 3147 3067 4518 
17667 1170 1156 1209 4492 
17668 1604 1600 1630 3797 
17669 1729 4168 3901 4775 
17670 747 1952 2107 2116 
17671 3556 4222 3871 4792 
17672 3219 3261 1451 3775 
17673 3129 3257 3792 4419 
17674 3728 4115 3388 4498 
17675 2062 2055 4439 4440 
17676 2311 3750 4361 4366 
17677 3609 51 4320 4596 
17678 3394 4308 4046 4552 
17679 4 3825 872 4523 
17680 3370 4041 3725 4615 
17681 140 104 932 4142 
17682 1226 1203 4538 4699 
17683 3355 4165 3737 4216 
17684 3722 4298 3289 4737 
17685 425 4012 324 4717 
17686 3333 4175 3606 4418 
17687 1840 1860 1839 4764 
17688 1850 1803 1869 3654 
17689 1643 3034 3199 4303 
17690 2266 4504 2267 4753 
17691 1187 4656 3948 4702 
17692 3473 3935 3600 4316 
17693 2151 2469 2347 3943 
17694 476 1350 418 4448 
17695 122 893 888 1167 
17696 3621 4290 3672 4630 
17697 197 326 1003 1269 
17698 2898 3967 2935 4564 
17699 2856 2912 2853 3963 
17700 1743 4092 1770 4410 
17701 1250 1281 4064 4530 
17702 3510 3971 3827 4582 
17703 2465 2592 2376 3806 
17704 3015 3040 204 4415 
17705 3086 3883 3245 4066 
17706 3377 4064 3725 4530 
17707 1136 1049 1030 4414 
17708 917 1211 1164 3931 
17709 3243 3137 3082 4577 
17710 2131 2462 725 3968 
17711 1870 3861 1834 4790 
17712 2704 2825 1410 3727 
17713 3129 3031 3044 4419 
17714 2059 2015 4152 4173 
17715 2235 2353 2354 4228 
17716 3362 4504 3752 4753 
17717 3990 4416 4173 4748 
17718 1881 1801 1853 3655 
17719 3184 3085 1106 4231 
17720 3183 3170 4255 4497 
17721 1344 406 464 4769 
17722 1067 1040 236 3612 
17723 3905 3988 3396 4584 
17724 2654 2592 2661 3806 
17725 2147 2458 2363 4119 
17726 2845 2981 2956 4564 
17727 2944 2959 2945 3644 
17728 3902 3358 4273 4524 
17729 3777 3975 3501 4080 
17730 3397 4187 4069 4682 
17731 1842 1290 1800 3701 
17732 2819 3721 2771 4393 
17733 4083 4139 3496 4559 
17734 3346 3679 4500 4697 
17735 2632 2611 2631 4140 
17736 3311 4042 3826 4541 
17737 3040 3010 204 4121 
17738 3484 4715 3561 4719 
17739 1948 2102 2118 4482 
17740 3824 3908 3451 4661 
17741 2387 4253 2332 4526 
17742 3318 4468 3841 4513 
17743 1316 378 436 4677 
17744 3584 4667 3514 4674 
17745 1172 1174 1219 3993 
17746 392 1262 393 3788 
17747 3346 3666 3968 4297 
17748 2327 2192 2328 4283 
17749 3393 3797 3783 4628 
17750 701 4030 2063 4356 
17751 424 1256 425 3827 
17752 2153 1807 2421 3861 
17753 1701 1711 4091 4306 
17754 2996 3003 2992 4003 
17755 2952 2834 839 3063 
17756 2338 3724 2182 4340 
17757 3549 3735 4219 4494 
17758 968 4032 2845 4725 
17759 132 901 133 3975 
17760 488 3727 3889 4758 
17761 1316 3682 378 4677 
17762 1238 1255 3654 4235 
17763 3481 4474 3726 4713 
17764 1147 1224 1192 4089 
17765 3149 3631 3067 4705 
17766 1878 2393 2152 4102 
17767 3325 4051 3570 4351 
17768 1318 444 443 3739 
17769 1293 1604 391 3797 
17770 2115 3621 2122 4065 
17771 1954 2067 722 3848 
17772 4193 4601 426 4735 
17773 2924 3799 2933 4787 
17774 959 969 2832 4052 
17775 4006 4081 3439 4405 
17776 1707 3637 4091 4248 
17777 106 910 247 3868 
17778 3611 3896 3357 4463 
17779 4061 4372 3620 4620 
17780 192 1006 2164 3942 
17781 1835 3838 1829 4161 
17782 2417 3623 4060 4710 
17783 979 996 950 3894 
17784 2579 2539 2657 4371 
17785 3305 4617 3709 4660 
17786 1702 1703 1705 4002 
17787 3391 3946 3739 4274 
17788 2230 2353 2228 3624 
17789 3724 4334 3321 4563 
17790 2298 4079 2242 4636 
17791 1491 4187 1507 4238 
17792 1663 1710 1660 3918 
17793 400 399 3582 4122 
17794 2160 3750 4366 4579 
17795 2092 1946 2043 3833 
17796 3471 3731 4358 4513 
17797 3361 3980 3775 4547 
17798 3372 3927 3604 4562 
17799 2455 3964 2329 3997 
17800 3325 3671 4051 4277 
17801 3528 4519 3953 4721 
17802 382 1284 4354 4718 
17803 3576 4123 3480 4250 
17804 1044 3584 1050 4794 
17805 2922 2876 2869 4053 
17806 446 447 3565 4037 
17807 103 3741 899 4345 
17808 2091 3692 2016 4459 
17809 3 139 3718 4375 
17810 3335 4088 3858 4447 
17811 4192 4422 3613 4723 
17812 1860 1865 1839 4033 
17813 288 1085 1019 4069 
17814 3476 3791 4536 4627 
17815 3415 3736 4637 4653 
17816 3882 3890 3469 4436 
17817 3314 3834 3938 4567 
17818 3507 4227 3812 4703 
17819 2338 3724 4340 4563 
17820 1448 1466 133 3975 
17821 2308 3876 4334 4563 
17822 1947 705 704 4286 
17823 901 132 867 3777 
17824 238 4377 4137 4414 
17825 2574 2547 2489 3989 
17826 3420 3981 3871 4490 
17827 3871 3981 3421 4490 
17828 1195 1220 1205 4551 
17829 2533 4154 4124 4312 
17830 2152 2378 2416 3655 
17831 957 985 989 3641 
17832 2668 2635 2585 4424 
17833 1995 1952 747 2116 
17834 2427 3824 2254 4692 
17835 2721 2750 2751 3841 
17836 3893 4032 3575 4768 
17837 3422 4630 3672 4736 
17838 1963 1965 4291 4501 
17839 1945 2133 2382 4431 
17840 3343 3934 4206 4593 
17841 2839 2941 841 3193 
17842 2852 2941 2839 4039 
17843 2192 3897 2328 4283 
17844 814 3747 813 4424 
17845 3465 4318 4253 4721 
17846 3455 4380 4304 4666 
17847 1682 3673 4148 4693 
17848 3089 3222 3145 3815 
17849 3025 3235 3124 3785 
17850 1874 2337 4184 4788 
17851 1438 1537 1509 3804 
17852 2756 3920 2752 4243 
17853 2398 2444 1883 1916 
17854 3726 3952 3402 4474 
17855 3324 4152 3740 4574 
17856 4429 4528 3415 4653 
17857 3183 3048 1027 4255 
17858 3205 4372 4061 4620 
17859 1700 1701 1702 3738 
17860 470 3772 469 4780 
17861 2806 2800 2700 3759 
17862 2352 2245 2446 4160 
17863 2160 4366 2169 4579 
17864 4412 4746 3550 4765 
17865 1293 3797 390 4305 
17866 3171 4259 3189 4487 
17867 3168 3048 3169 4598 
17868 389 388 3625 3712 
17869 4124 4154 3550 4312 
17870 3817 4034 3372 4503 
17871 3750 4579 3801 4714 
17872 3813 3451 4456 4586 
17873 1773 3236 3011 4205 
17874 3953 4519 3465 4721 
17875 3361 3775 4086 4547 
17876 1531 1443 1542 3727 
17877 417 4715 3484 4719 
17878 2203 3886 2409 4680 
17879 3458 4273 3902 4486 
17880 3369 4253 3698 4526 
17881 2773 3754 2782 4575 
17882 3344 4099 4437 4678 
17883 1926 1914 249 4236 
17884 1668 1669 1667 4270 
17885 420 3872 3586 4044 
17886 457 4036 3835 4429 
17887 889 892 896 3629 
17888 3351 3891 3769 4543 
17889 2789 2775 2776 3749 
17890 3334 4062 4186 4435 
17891 1987 4491 2057 4511 
17892 3880 4479 3575 4768 
17893 3112 4019 3114 4625 
17894 3250 3050 2551 4077 
17895 2801 810 811 4720 
17896 1664 1665 1663 4368 
17897 917 907 874 4425 
17898 1599 1598 3702 4305 
17899 1953 713 712 4385 
17900 4075 3376 4370 4734 
17901 449 49 1431 4393 
17902 3420 3871 3784 4490 
17903 3750 4426 3751 4714 
17904 2865 2864 4301 4381 
17905 3648 3318 3889 4483 
17906 3487 4404 3649 4682 
17907 2995 2992 2997 3670 
17908 3581 4004 3852 4500 
17909 3447 4255 3671 4598 
17910 2296 3932 2295 4376 
17911 1453 894 1554 3881 
17912 1051 1063 1023 4232 
17913 3915 4399 3582 4726 
17914 2521 3700 2527 4457 
17915 416 4235 3561 4719 
17916 630 1242 1868 3755 
17917 918 87 1157 4684 
17918 1518 1519 1478 3540 
17919 1536 1524 1486 3822 
17920 3725 4041 3527 4615 
17921 3240 4066 2647 4417 
17922 2279 2277 2163 4690 
17923 233 234 1899 3879 
17924 195 1005 196 4582 
17925 3172 4598 3449 4599 
17926 1728 1690 1746 4681 
17927 3446 4158 92 4506 
17928 3163 3277 3097 4077 
17929 1525 1486 1524 3822 
17930 4059 4387 1406 4463 
17931 2458 2328 4119 4283 
17932 1190 310 2424 4379 
17933 1173 1172 3767 4538 
17934 1400 2810 2691 4107 
17935 1830 4075 1827 4734 
17936 3552 4257 3632 4657 
17937 3470 4344 3844 4629 
17938 4078 4216 3571 4791 
17939 3941 4373 3454 4388 
17940 3319 3608 4569 4641 
17941 1707 4091 1711 4248 
17942 1678 1726 4168 4711 
17943 485 486 3648 4600 
17944 3383 3659 4228 4699 
17945 2546 2570 2403 3806 
17946 3323 3625 4103 4622 
17947 1628 3750 1579 4361 
17948 203 3746 210 4415 
17949 3369 3825 3813 4523 
17950 3580 3288 4024 4389 
17951 3435 4063 3633 4537 
17952 3632 4301 2864 4381 
17953 3474 3837 4234 4619 
17954 3542 4422 4192 4723 
17955 417 3484 4048 4719 
17956 3602 4195 4524 4745 
17957 1153 1183 1187 4656 
17958 2505 2494 2504 4508 
17959 1999 2000 1996 3554 
17960 1782 4114 1730 4775 
17961 3487 3649 4404 4464 
17962 3411 4050 3897 4624 
17963 3086 3087 3061 3715 
17964 3790 4257 3299 4657 
17965 698 2012 699 3773 
17966 3525 4320 4063 4648 
17967 2105 2256 4194 4265 
17968 3123 3228 3016 3764 
17969 2208 3672 2207 4630 
17970 1519 1478 3540 4411 
17971 2216 2215 2217 4202 
17972 940 3909 101 4035 
17973 4138 4311 3394 4382 
17974 1927 218 1917 1885 
17975 1914 1926 249 1916 
17976 3365 3936 3777 4512 
17977 3543 4211 3421 4406 
17978 3503 4204 4384 4724 
17979 1996 1999 3554 4539 
17980 1587 365 1567 1244 
17981 2423 2343 4196 4614 
17982 3184 3085 281 1106 
17983 2217 2356 2218 4202 
17984 3711 4007 2273 4753 
17985 2016 4459 3692 4460 
17986 2005 2040 1981 4631 
17987 4208 4231 3483 4346 
17988 3345 3804 4025 4533 
17989 2016 2007 2022 4459 
17990 3875 4270 3452 4368 
17991 2799 2821 4144 4558 
17992 3358 4524 4195 4745 
17993 2732 2733 2734 4222 
17994 1028 1115 1071 3644 
17995 2483 466 2547 3989 
17996 3770 4223 3375 4394 
17997 4208 3483 4329 4346 
17998 3349 3849 3831 4502 
17999 971 4032 3893 4768 
18000 900 883 873 4155 
18001 3002 1025 1087 4003 
18002 1165 1144 1202 4183 
18003 1892 1925 226 4295 
18004 1743 4092 1742 4433 
18005 3024 1776 1649 4210 
18006 576 3751 1577 4714 
18007 983 160 3855 4533 
18008 1021 1060 1066 3894 
18009 1732 1681 3933 4733 
18010 3637 3995 3413 4248 
18011 2019 4068 2018 4267 
18012 428 427 3991 4193 
18013 2838 2979 958 4117 
18014 3415 4429 4036 4528 
18015 3706 3426 4058 4281 
18016 3345 4025 3804 4238 
18017 469 1346 470 4780 
18018 2550 2489 1420 4130 
18019 2766 4254 2807 4534 
18020 1982 3763 1980 4072 
18021 1199 3868 906 4684 
18022 87 4089 1157 4684 
18023 3929 4551 1222 4656 
18024 537 1640 1390 1430 
18025 1586 4050 1618 4612 
18026 1195 3984 1168 4551 
18027 1579 4361 3750 4426 
18028 2178 3773 2264 4710 
18029 2016 3692 2069 4460 
18030 228 4051 1061 4570 
18031 95 3770 96 3803 
18032 1541 1543 1476 3648 
18033 2809 2766 2808 4534 
18034 3749 4618 3518 4762 
18035 1744 3735 4084 4509 
18036 3037 2835 3208 4487 
18037 3050 3206 3266 4620 
18038 2758 2708 2711 4242 
18039 436 437 3748 4677 
18040 1827 1267 386 4075 
18041 222 3718 223 3832 
18042 3489 3639 3904 4724 
18043 872 3953 912 4523 
18044 1646 1739 1795 4403 
18045 3503 4204 4348 4384 
18046 3733 4012 3827 4582 
18047 3425 4092 3685 4546 
18048 1775 1641 1779 3658 
18049 2719 2718 2717 3966 
18050 1996 4152 2094 4539 
18051 3394 4056 3600 4641 
18052 1194 2200 1146 4197 
18053 207 200 1009 4287 
18054 483 4405 3636 4601 
18055 2828 2949 2939 3921 
18056 220 219 3813 4784 
18057 3344 3504 4170 4437 
18058 2106 4420 1951 4511 
18059 3447 3521 4259 4475 
18060 1717 4046 1670 4308 
18061 2791 3650 2698 4613 
18062 3156 3089 3056 4408 
18063 3327 3609 4320 4648 
18064 1961 723 3848 4297 
18065 3469 3858 4088 4447 
18066 1140 1107 247 3868 
18067 3505 4326 4186 4592 
18068 3481 3726 4553 4713 
18069 1512 1410 1556 3727 
18070 1618 4050 1575 4278 
18071 1743 1789 1651 4092 
18072 3283 4020 4156 4644 
18073 3436 3901 4168 4775 
18074 1777 4279 1728 4595 
18075 2706 436 1426 501 
18076 1972 1968 1971 4484 
18077 1676 1674 1690 3863 
18078 2099 2023 2055 3615 
18079 3521 3447 4259 4577 
18080 3299 4192 3613 4665 
18081 1541 3648 1476 4263 
18082 2966 4505 3670 4741 
18083 2342 1804 1836 4013 
18084 3529 4237 3553 4246 
18085 1081 1049 1136 4687 
18086 2917 2976 2832 4052 
18087 2520 3782 2519 4773 
18088 3545 4073 3832 4722 
18089 1988 2021 2018 3647 
18090 3420 4490 3938 4716 
18091 2395 2411 2276 4244 
18092 2470 3711 2273 4753 
18093 2550 2552 2489 4130 
18094 3160 3201 3737 4625 
18095 1010 200 207 3970 
18096 3323 4188 3646 4296 
18097 3505 4186 4062 4435 
18098 3613 4422 3495 4742 
18099 3326 3635 4053 4529 
18100 912 903 866 3953 
18101 3375 3756 3572 4623 
18102 3464 4076 3970 4287 
18103 1494 3906 1492 4786 
18104 3129 3244 3257 4419 
18105 3456 3773 4236 4709 
18106 3280 4544 3695 4633 
18107 892 886 1202 4183 
18108 3815 4123 3480 4594 
18109 2903 3902 2908 4524 
18110 990 959 2977 4052 
18111 3379 4043 3671 4570 
18112 1072 3768 1053 4621 
18113 3340 3639 4339 4489 
18114 2467 4630 3939 4736 
18115 2708 2758 2707 4128 
18116 2298 2436 4079 4515 
18117 2536 2555 4230 4260 
18118 2817 2690 1374 3998 
18119 1969 1978 2037 4685 
18120 1175 1179 873 4155 
18121 3474 4234 3837 4651 
18122 3704 4556 3315 4568 
18123 3380 3965 3871 4581 
18124 1729 1726 1782 3901 
18125 2186 2185 2184 4245 
18126 3172 3449 4487 4599 
18127 3234 4208 3242 4231 
18128 1526 1477 1457 4025 
18129 2632 2585 2635 4424 
18130 1726 1727 1782 3901 
18131 452 3896 1416 4671 
18132 3399 4148 3610 4176 
18133 3495 4257 3552 4422 
18134 3552 4257 3299 4422 
18135 3827 4012 3510 4582 
18136 3336 4267 4030 4356 
18137 2093 714 3846 4344 
18138 3447 3521 4475 4577 
18139 3848 4073 3437 4550 
18140 828 3029 2793 3229 
18141 1399 1384 1433 3935 
18142 1109 1077 3980 4149 
18143 1580 3657 1570 4361 
18144 142 3909 940 4280 
18145 3404 4009 4364 4365 
18146 837 2955 3069 3197 
18147 473 4048 3934 4206 
18148 1584 1578 1585 4573 
18149 4013 3377 4472 4754 
18150 404 405 1342 4779 
18151 3805 2407 4119 4283 
18152 3880 4229 3396 4479 
18153 3628 4101 3347 4723 
18154 1056 1074 1075 4464 
18155 2318 2259 2178 4710 
18156 1112 1099 1033 4000 
18157 3024 3127 3163 4210 
18158 3914 4304 3455 4380 
18159 3843 4293 3344 4353 
18160 2311 3750 2135 4361 
18161 3592 4378 3715 4454 
18162 205 158 435 1004 
18163 2850 2839 842 3051 
18164 1872 1825 1845 3876 
18165 3608 4562 3372 4676 
18166 1830 1827 1828 4734 
18167 1616 2146 1575 4050 
18168 3052 1080 3168 4043 
18169 2638 4328 3563 4371 
18170 449 4106 49 4393 
18171 3540 3906 3674 4258 
18172 3316 3886 4604 4727 
18173 83 220 3813 4527 
18174 3327 3609 4648 4732 
18175 4145 4320 462 4795 
18176 1579 3750 574 4714 
18177 1727 3901 1726 4681 
18178 3566 4348 4204 4384 
18179 1042 240 1048 4553 
18180 2885 2883 2884 3726 
18181 1513 1475 1538 3805 
18182 427 3991 4193 4635 
18183 3600 4308 3517 4607 
18184 2144 3769 1565 4761 
18185 1699 4514 1658 4658 
18186 1280 1805 3838 4354 
18187 2339 3849 2380 4604 
18188 2858 2861 2856 4120 
18189 1345 465 407 4769 
18190 1919 718 719 3956 
18191 1163 1165 1164 3931 
18192 3118 4100 3115 4467 
18193 1218 3943 1155 4499 
18194 3290 3949 3826 4350 
18195 2839 2850 2851 4039 
18196 3645 4493 3923 4770 
18197 3316 4604 3753 4727 
18198 405 3974 3488 4779 
18199 3409 3957 3746 4415 
18200 459 4122 1326 4330 
18201 1977 2035 2034 3866 
18202 2388 2370 2417 4710 
18203 3409 4153 4085 4578 
18204 701 700 2063 4030 
18205 3205 3264 4061 4372 
18206 2913 2854 2937 4201 
18207 398 399 3915 4399 
18208 3405 4578 3631 4705 
18209 2182 2184 2183 4245 
18210 3096 3685 3095 4326 
18211 2774 2694 2792 4575 
18212 2555 2544 3831 4260 
18213 402 3891 4090 4610 
18214 1096 1554 1131 3881 
18215 3295 4225 4490 4637 
18216 3672 4630 2208 4736 
18217 1562 4438 4086 4701 
18218 2646 3999 2669 4730 
18219 458 4323 457 4429 
18220 1060 1134 1091 4632 
18221 1103 4055 229 4570 
18222 1715 1716 1692 4308 
18223 3329 4125 3632 4257 
18224 3600 4056 3394 4308 
18225 2446 2245 2432 4194 
18226 3668 4285 3922 4759 
18227 4193 4333 3287 4735 
18228 2932 2841 2958 4213 
18229 3340 3623 4339 4702 
18230 3417 4123 3815 4594 
18231 2320 2298 2469 4515 
18232 1713 1781 3995 4659 
18233 2425 4234 2301 4619 
18234 3035 2947 3189 4445 
18235 96 3568 4394 4590 
18236 2760 2712 2748 4062 
18237 3370 3788 3665 4516 
18238 1221 4379 1191 4793 
18239 1150 1179 1213 3884 
18240 1639 1774 1767 4595 
18241 3088 3061 3087 3715 
18242 826 2693 2707 3213 
18243 1493 1504 3728 4701 
18244 905 88 89 3819 
18245 2517 2532 2520 3782 
18246 3600 3517 4316 4607 
18247 3349 4362 3849 4502 
18248 2856 2854 2857 4120 
18249 3100 3685 3096 4609 
18250 434 433 159 4081 
18251 3217 3237 3044 4250 
18252 2202 2187 2203 3753 
18253 2138 2300 2402 3638 
18254 2578 2499 2490 3917 
18255 2283 4182 4041 4698 
18256 2144 3769 2386 4759 
18257 3386 4129 3617 4289 
18258 1500 1464 1465 3874 
18259 142 971 951 4032 
18260 3278 3122 3098 4111 
18261 401 400 3960 4122 
18262 3592 3341 4378 4454 
18263 4193 426 4635 4735 
18264 3028 3122 3278 4111 
18265 4073 4142 3832 4722 
18266 3398 4269 3874 4298 
18267 3742 3398 4269 4707 
18268 3193 2941 841 3053 
18269 634 1851 1844 4369 
18270 4266 4267 3336 4356 
18271 3471 4254 3731 4513 
18272 3504 4035 3591 4458 
18273 890 3931 886 4183 
18274 3281 4037 3739 4274 
18275 3573 4495 3351 4610 
18276 3287 3889 4600 4601 
18277 1120 247 106 910 
18278 2392 2488 2162 4680 
18279 3299 3613 4192 4422 
18280 1530 1553 1454 4214 
18281 993 983 161 4025 
18282 3447 4475 4259 4749 
18283 2266 3752 4504 4753 
18284 2691 1379 1400 4107 
18285 3568 4223 3770 4394 
18286 2457 2409 2204 3886 
18287 3174 3230 3209 3713 
18288 1788 1708 1709 4602 
18289 2261 3898 2262 4522 
18290 2184 2182 2338 3724 
18291 3203 3221 3033 3912 
18292 1272 323 4247 4717 
18293 1373 3934 474 3935 
18294 3786 4221 3349 4502 
18295 3466 3959 3834 4572 
18296 206 205 3641 4363 
18297 3560 3321 4334 4362 
18298 1512 1542 1450 3727 
18299 3088 3715 3087 4640 
18300 2727 2728 2726 3981 
18301 2966 3670 2950 4741 
18302 1835 384 1280 3838 
18303 3078 3077 3082 3603 
18304 1035 1103 1137 4043 
18305 2180 2374 2440 4197 
18306 1692 4308 1670 4554 
18307 1920 3910 242 4390 
18308 1775 1779 1720 3658 
18309 322 323 3975 4247 
18310 1809 2322 646 1845 
18311 3436 3949 3734 4387 
18312 3047 845 2842 3195 
18313 3340 4656 3623 4702 
18314 3891 4383 1632 4543 
18315 1092 1041 1029 4456 
18316 2754 2729 2727 3981 
18317 2794 2821 2791 4144 
18318 3199 3158 3019 4303 
18319 978 144 965 3880 
18320 1778 3995 1649 4210 
18321 3413 4147 3924 4568 
18322 3281 3771 3682 4677 
18323 1615 1582 1581 3800 
18324 3609 4320 4145 4795 
18325 3959 4129 3386 4652 
18326 3749 4536 2776 4627 
18327 2039 3812 2097 4227 
18328 2909 3626 4505 4580 
18329 3430 4139 4083 4559 
18330 3648 4263 3439 4300 
18331 3374 4219 3863 4589 
18332 3249 3687 3136 4577 
18333 3476 4618 3749 4762 
18334 1197 1216 1159 3757 
18335 3278 3098 3132 4111 
18336 3844 4322 3445 4344 
18337 479 4534 3731 4566 
18338 131 324 325 4717 
18339 1990 3845 2038 4227 
18340 3378 3994 3663 4484 
18341 3527 4510 3725 4615 
18342 1680 1679 1678 4168 
18343 888 1154 1167 3984 
18344 1683 1693 1732 4756 
18345 1610 1587 1588 4383 
18346 1510 4238 1526 4770 
18347 3889 3731 4565 4758 
18348 139 3832 3718 4375 
18349 4061 4372 3264 4640 
18350 3268 3130 3107 4791 
18351 1781 3141 1649 3995 
18352 2905 2904 4427 4445 
18353 917 3931 907 4425 
18354 1056 1075 1076 3688 
18355 2911 3830 2936 4474 
18356 3057 3058 3056 4777 
18357 3326 3669 3905 4157 
18358 2133 1945 2385 4431 
18359 1466 3975 1473 4247 
18360 2436 2319 3698 4526 
18361 104 899 103 3741 
18362 391 390 3797 4622 
18363 3384 3617 4129 4289 
18364 3130 3754 3238 4548 
18365 913 1157 87 4089 
18366 2166 195 2125 3971 
18367 2772 2741 2734 3818 
18368 2090 2044 2066 4678 
18369 3427 3982 4039 4110 
18370 889 3629 896 4430 
18371 2789 2775 3749 4571 
18372 2021 4169 2078 4266 
18373 2885 2883 3726 4474 
18374 3110 3758 3112 4625 
18375 1340 471 470 3926 
18376 2911 2855 2936 3830 
18377 2302 2304 2384 4009 
18378 1759 2491 1645 4602 
18379 1580 3657 4361 4426 
18380 2033 1977 2034 4220 
18381 3303 3685 4546 4774 
18382 2899 2920 2921 3587 
18383 3728 4438 1493 4701 
18384 3435 4063 3609 4732 
18385 3559 4055 4277 4570 
18386 1330 4095 392 4156 
18387 3213 3207 3020 4134 
18388 3301 4181 4611 4728 
18389 1027 1082 267 3183 
18390 2663 4337 2644 4507 
18391 3390 4151 4098 4449 
18392 1375 445 446 4171 
18393 1668 4056 1692 4554 
18394 1473 1466 1482 3975 
18395 3385 4361 3750 4366 
18396 2821 2698 3650 4558 
18397 4077 4317 2511 4602 
18398 3481 3830 4474 4713 
18399 698 2175 3773 4236 
18400 973 2973 962 4159 
18401 1870 1833 3861 4790 
18402 2001 3710 2094 4152 
18403 1808 3780 2163 4788 
18404 1257 1239 1268 3702 
18405 1296 391 374 1572 
18406 3569 4743 3840 4785 
18407 3852 4500 3679 4697 
18408 3995 4248 1713 4659 
18409 1882 30 218 2299 
18410 437 3748 4034 4432 
18411 1023 1062 4309 4367 
18412 3738 4029 3618 4673 
18413 3751 3816 3348 4639 
18414 838 2834 3197 3063 
18415 3830 4377 3483 4414 
18416 3110 3111 3758 4548 
18417 2422 2429 2295 3932 
18418 2240 2237 2248 4204 
18419 1450 1543 1541 3648 
18420 2048 2067 2091 4268 
18421 3609 4063 3435 4537 
18422 2549 2506 2507 3786 
18423 139 927 140 3832 
18424 1833 1807 1870 3861 
18425 3436 4114 3901 4775 
18426 2858 2857 2859 4120 
18427 94 928 150 3961 
18428 3433 4265 3507 4511 
18429 1519 3906 1494 4411 
18430 1769 1764 1653 4130 
18431 2293 2292 2291 3646 
18432 3451 4244 4000 4661 
18433 1275 429 1454 4214 
18434 2159 2161 3801 4579 
18435 1592 1595 1594 4647 
18436 2023 2062 2055 4439 
18437 3431 4478 4136 4626 
18438 3497 3617 4323 4616 
18439 2632 2631 2634 3840 
18440 2588 2659 2651 3912 
18441 461 2811 3920 4315 
18442 3034 4303 1752 4413 
18443 3249 4497 3687 4577 
18444 3580 4389 4024 4655 
18445 3068 3049 3040 3957 
18446 3756 4005 930 4394 
18447 3275 3225 3038 4258 
18448 2097 2060 2050 3812 
18449 3510 4294 3971 4675 
18450 3668 3922 3370 4698 
18451 242 1920 704 3910 
18452 237 1902 236 4101 
18453 3327 4587 3796 4648 
18454 3253 2787 3017 3754 
18455 3327 4320 4765 4795 
18456 195 2136 1006 3942 
18457 3364 3931 3741 4345 
18458 2699 2807 3731 4534 
18459 3469 4088 3961 4447 
18460 1508 4111 1527 4438 
18461 2924 2923 4027 4787 
18462 3930 4507 3801 4714 
18463 3671 4255 3447 4309 
18464 3371 3985 4558 4676 
18465 1955 701 2063 4356 
18466 1993 2061 3843 4678 
18467 3338 4108 3599 4542 
18468 3406 4179 3713 4654 
18469 1164 1211 1158 3931 
18470 382 3900 1264 4718 
18471 3150 3218 3166 3821 
18472 705 3910 704 4286 
18473 816 3030 3014 4226 
18474 3325 4427 3720 4749 
18475 3467 4166 3801 4507 
18476 2259 2449 2390 3774 
18477 810 811 3604 4446 
18478 3216 3161 3017 4031 
18479 3565 446 4037 4171 
18480 1409 4323 458 4616 
18481 1298 3802 1249 4314 
18482 2651 2589 2649 4417 
18483 1072 1057 1053 3768 
18484 2510 1771 1794 4077 
18485 1223 1200 1156 4699 
18486 2671 2660 2592 3806 
18487 2050 1945 2382 4431 
18488 3441 4450 3691 4593 
18489 1669 3578 4270 4554 
18490 83 3813 4 4527 
18491 1961 2047 2011 3581 
18492 464 4769 4392 4779 
18493 3892 4195 3602 4745 
18494 2396 646 2322 1845 
18495 1041 1111 3813 4456 
18496 3715 3883 3341 4378 
18497 3029 3154 2695 4082 
18498 1958 2028 3507 4511 
18499 2563 2508 1285 4230 
18500 1374 1392 1403 4671 
18501 2154 2390 2453 3904 
18502 1024 1079 1119 4335 
18503 4048 4206 3512 4343 
18504 1548 1560 1449 3694 
18505 3461 3984 3714 4551 
18506 2357 4007 2273 4379 
18507 2286 2288 2423 4614 
18508 2732 2731 2730 4222 
18509 2953 2988 2904 3720 
18510 2764 2722 2715 4325 
18511 3541 4574 4087 4748 
18512 452 453 1416 3896 
18513 382 1284 383 4354 
18514 429 428 3986 4193 
18515 3986 3991 1480 4760 
18516 3240 3013 2584 4066 
18517 3323 3646 4188 4689 
18518 2619 2636 2640 4446 
18519 3554 4462 3928 4539 
18520 3611 4406 4020 4644 
18521 3325 4309 3671 4749 
18522 2770 3998 3781 4581 
18523 2012 1962 699 3774 
18524 2839 842 3051 3193 
18525 2892 2932 4213 4672 
18526 1090 1134 1060 3894 
18527 3493 4529 4053 4787 
18528 101 3909 3591 4035 
18529 3921 4179 3406 4654 
18530 1102 1096 1112 4000 
18531 2043 3833 1946 4099 
18532 1008 203 210 4415 
18533 211 204 1008 4415 
18534 2056 4420 4094 4491 
18535 2768 2730 2729 3871 
18536 1492 3906 1495 4498 
18537 2597 4178 2598 4752 
18538 3775 4111 3361 4438 
18539 3900 4314 1264 4718 
18540 1654 1709 1776 4210 
18541 2659 2672 2642 3912 
18542 574 3801 575 4714 
18543 3552 3632 4292 4657 
18544 2821 2698 2791 3650 
18545 2505 2540 2494 3716 
18546 458 1324 459 3835 
18547 3331 4209 3681 4217 
18548 3706 4118 3467 4166 
18549 3203 3779 3227 4139 
18550 742 2117 2106 4511 
18551 3081 3080 3098 3944 
18552 133 322 323 3975 
18553 379 1252 1237 3751 
18554 2965 2903 2968 4524 
18555 3328 3939 3677 4160 
18556 1239 1262 371 1598 
18557 3691 4331 3535 4587 
18558 143 940 101 4035 
18559 3356 4119 3897 4283 
18560 1923 713 232 4385 
18561 1259 4033 1271 4530 
18562 2094 1996 2003 4152 
18563 2820 2704 2757 4758 
18564 3090 3055 3089 4408 
18565 200 3970 3776 4287 
18566 1565 1591 2394 586 
18567 3757 3456 4197 4236 
18568 3359 4012 3733 4582 
18569 3447 3690 4367 4475 
18570 3874 4269 3398 4707 
18571 2022 4241 4439 4459 
18572 482 483 3636 4481 
18573 3540 4258 3674 4444 
18574 2776 3749 2775 4536 
18575 3295 3601 4652 4716 
18576 489 2499 2562 3917 
18577 226 1891 225 3956 
18578 3330 4437 3833 4458 
18579 3947 4373 3634 4750 
18580 3541 4608 3990 4748 
18581 2112 3562 2113 4482 
18582 2419 4440 2306 4664 
18583 401 1251 1247 4778 
18584 2391 2127 2372 3659 
18585 3036 264 1109 4149 
18586 2635 2639 2632 4140 
18587 1320 382 3683 4649 
18588 263 3176 3036 1109 
18589 2414 4348 4112 4703 
18590 3450 4731 3854 4774 
18591 2395 2194 2468 4000 
18592 1611 1570 2415 4361 
18593 2348 2237 2233 4204 
18594 3631 4518 3607 4578 
18595 1086 1015 1440 4086 
18596 3327 4765 4412 4795 
18597 1468 4275 3874 4707 
18598 3028 3278 3219 4111 
18599 3389 4155 3884 4793 
18600 3191 4179 3921 4654 
18601 1292 354 2501 3999 
18602 3045 3687 3249 4497 
18603 3165 3023 3224 3903 
18604 1501 4386 3742 4707 
18605 3429 3841 4254 4513 
18606 3671 4598 3449 4749 
18607 4377 4597 4137 4713 
18608 1964 1952 3710 4045 
18609 3130 3238 3109 4548 
18610 3456 4089 4071 4683 
18611 621 622 4323 4691 
18612 160 432 161 4015 
18613 3041 2842 846 3195 
18614 3325 4051 3671 4309 
18615 3983 3999 3444 4730 
18616 742 1951 1987 4511 
18617 2774 2792 2779 4575 
18618 3350 4307 3603 4606 
18619 1743 1740 1789 4092 
18620 93 94 891 4109 
18621 3448 4121 3862 4324 
18622 1196 1149 1171 4207 
18623 1108 1047 1045 3585 
18624 491 492 51 4596 
18625 2180 1197 2374 4197 
18626 1229 1230 1227 3757 
18627 1195 1167 3984 4551 
18628 1219 1143 1204 3993 
18629 3058 3071 3156 3924 
18630 2160 2311 2169 4366 
18631 3376 4396 3646 4634 
18632 3082 3137 4252 4577 
18633 3700 4611 4181 4728 
18634 1494 4411 3906 4786 
18635 221 863 222 4375 
18636 3689 4484 3663 4685 
18637 3294 4125 3790 4643 
18638 1038 4414 4110 4687 
18639 2971 3952 2882 4729 
18640 1154 122 888 1167 
18641 709 4101 3613 4742 
18642 1595 1596 1634 4285 
18643 3297 3580 4338 4655 
18644 2843 2957 995 4485 
18645 704 4390 703 4771 
18646 3366 4372 3715 4454 
18647 458 457 1325 4036 
18648 1967 1968 1966 4484 
18649 2190 3899 2334 4294 
18650 3066 3862 3093 4326 
18651 2510 1794 2572 4077 
18652 396 4033 1248 4764 
18653 2943 2829 844 3047 
18654 3170 4497 3249 4577 
18655 235 1901 1930 4742 
18656 2088 1960 4246 4679 
18657 3671 4255 4043 4598 
18658 121 888 891 1154 
18659 2581 2658 489 3917 
18660 3873 4113 3284 4223 
18661 1072 4299 3768 4621 
18662 3159 3200 3121 4216 
18663 3185 4110 3186 4687 
18664 2853 2851 2854 3793 
18665 3534 3900 3816 4747 
18666 3399 4360 4176 4451 
18667 2833 2929 2980 3880 
18668 878 906 1235 3868 
18669 2266 2267 2265 4753 
18670 2303 3787 2336 4365 
18671 2704 2802 2825 3727 
18672 3419 3967 4163 4321 
18673 87 918 1157 913 
18674 3370 3922 3913 4698 
18675 3715 4139 3087 4640 
18676 2157 2464 2312 3913 
18677 2198 2332 2427 3824 
18678 2652 2583 2623 4058 
18679 2992 857 2836 3003 
18680 3458 3626 4485 4580 
18681 423 4333 3661 4735 
18682 4024 4389 3288 4618 
18683 2004 1987 1951 4511 
18684 402 4090 401 4610 
18685 3965 3998 3380 4671 
18686 488 3727 487 3889 
18687 399 1868 1242 4399 
18688 3846 4344 3470 4629 
18689 3306 4004 3634 4750 
18690 1506 4069 1540 4187 
18691 1980 1982 1981 3763 
18692 1956 2383 2011 4664 
18693 3589 3771 3683 4649 
18694 3306 4373 3947 4750 
18695 395 1271 396 4033 
18696 3561 3484 4400 4715 
18697 3073 3262 3218 3821 
18698 3512 4048 3484 4719 
18699 3047 2829 844 3196 
18700 2145 2415 1570 4361 
18701 908 877 885 3907 
18702 2308 2396 3876 4563 
18703 3500 703 4390 4771 
18704 2843 1000 157 995 
18705 3835 4330 3543 4644 
18706 1663 1665 1666 4368 
18707 2719 2717 2762 3966 
18708 2892 2931 2932 4672 
18709 2365 3694 2442 4661 
18710 1658 4514 3919 4658 
18711 2373 2132 2463 4251 
18712 1609 584 2313 1576 
18713 2383 2399 2275 4664 
18714 2711 4242 2708 4549 
18715 3578 4382 4270 4554 
18716 300 2141 1180 1153 
18717 2810 3920 2756 4107 
18718 3422 3583 4557 4645 
18719 1760 1647 1763 3764 
18720 2965 3902 2903 4524 
18721 1381 438 1433 3927 
18722 3151 3954 3883 4777 
18723 3676 4412 3962 4795 
18724 742 1987 2117 4511 
18725 3182 282 3085 1024 
18726 2055 4440 2049 4664 
18727 3471 4358 3867 4513 
18728 1526 1537 1438 4025 
18729 2613 2597 2652 4178 
18730 3128 3127 3072 3992 
18731 1418 436 437 3748 
18732 3011 3236 3145 4205 
18733 3291 4131 3947 4694 
18734 490 1398 3917 4145 
18735 3408 4106 3721 4393 
18736 2772 2734 2736 3818 
18737 2406 2159 2201 3801 
18738 780 2588 2657 4371 
18739 1037 1061 1105 3671 
18740 2567 1389 1793 4130 
18741 870 1114 1031 4456 
18742 242 704 1918 3910 
18743 3513 4395 3593 4780 
18744 423 4198 3661 4333 
18745 2252 2179 4047 4692 
18746 2307 2149 2309 3789 
18747 1571 403 1265 3891 
18748 2746 2739 2747 4272 
18749 812 3985 2701 4189 
18750 949 3855 160 4533 
18751 1159 1161 1197 3757 
18752 1571 1632 3891 4383 
18753 2139 2207 2208 3672 
18754 3464 4017 3955 4789 
18755 2587 576 2687 4507 
18756 2674 3917 2645 4127 
18757 3065 3153 3093 3862 
18758 2787 3754 2773 4571 
18759 1421 1386 481 4190 
18760 1206 1224 1147 3819 
18761 4152 4173 3740 4574 
18762 2326 4767 3861 4790 
18763 370 1564 1603 1262 
18764 1035 1080 3052 4043 
18765 2151 3943 2347 4040 
18766 429 4565 487 4600 
18767 880 94 95 4109 
18768 3933 3399 4360 4693 
18769 1876 1862 1853 3823 
18770 3392 4002 3925 4240 
18771 198 1011 199 4093 
18772 2810 461 2811 3920 
18773 3862 4121 3409 4324 
18774 420 3586 46 4044 
18775 3192 836 2841 3069 
18776 2783 2758 2792 4128 
18777 1391 482 4190 4691 
18778 4427 4445 3720 4749 
18779 1383 4059 1406 4463 
18780 3659 4492 1170 4650 
18781 1477 161 1455 4015 
18782 1707 1778 1706 3637 
18783 1259 1240 3823 4530 
18784 2972 2906 2907 3808 
18785 3771 4034 3579 4649 
18786 3297 3580 4655 4739 
18787 1539 1516 1506 4521 
18788 2364 572 2194 1532 
18789 879 4456 3881 4586 
18790 3692 4459 3533 4460 
18791 1778 1707 1713 4248 
18792 2045 1982 2030 4072 
18793 222 1116 223 3718 
18794 3422 4557 3939 4736 
18795 3753 4604 3886 4727 
18796 2159 2161 2201 3801 
18797 427 426 3991 4635 
18798 3821 4583 3405 4705 
18799 964 166 1509 1438 
18800 1698 3736 1786 4528 
18801 3099 3944 3080 4480 
18802 1837 1853 1836 4013 
18803 4063 4648 3609 4732 
18804 3853 3290 4360 4451 
18805 3355 3737 4165 4733 
18806 837 2955 2841 3069 
18807 1293 1574 1604 4305 
18808 3444 3887 3886 4727 
18809 495 1435 2640 2680 
18810 447 389 1321 3712 
18811 395 396 4021 4510 
18812 3531 4286 3910 4486 
18813 3486 4301 3632 4381 
18814 3659 3383 4228 4535 
18815 1226 1203 4109 4538 
18816 1535 4086 1562 4438 
18817 3492 4231 4208 4346 
18818 4192 4449 3390 4665 
18819 3671 4277 3379 4570 
18820 1460 1462 1463 4276 
18821 2815 4200 2785 4720 
18822 3041 3195 3254 3921 
18823 3700 4457 4074 4611 
18824 1974 3994 1973 4755 
18825 3051 3231 3179 3996 
18826 2722 2756 2752 4243 
18827 2007 2096 2022 4241 
18828 3393 3783 4614 4628 
18829 1610 1631 1619 4543 
18830 2965 984 2830 3902 
18831 3986 3991 3356 4193 
18832 3969 4310 100 4471 
18833 1842 3701 1843 4772 
18834 3492 4208 4329 4346 
18835 3738 4029 3392 4531 
18836 223 1066 1072 3718 
18837 3260 3092 3182 4335 
18838 3288 4349 4024 4762 
18839 1991 3763 1982 4416 
18840 3579 4428 3683 4649 
18841 2213 2303 2210 3787 
18842 2176 2166 2174 3971 
18843 1768 1719 1718 4588 
18844 2030 1964 3740 4501 
18845 2621 3983 2623 4730 
18846 2416 2342 1836 4013 
18847 2119 2122 2104 4630 
18848 3300 3988 3705 4479 
18849 2790 2746 2815 3985 
18850 1190 1142 310 4379 
18851 3746 3957 3509 4415 
18852 2042 1968 1972 4094 
18853 1666 1665 1748 4368 
18854 1198 3943 1163 4318 
18855 223 1072 224 4299 
18856 4098 3390 4449 4665 
18857 1857 1873 1841 3979 
18858 1393 1427 1398 3917 
18859 2620 3983 356 4178 
18860 1731 1730 4059 4775 
18861 308 2371 1171 1149 
18862 2779 2759 2731 3836 
18863 2362 4207 2267 4504 
18864 3372 4562 4189 4676 
18865 4036 4429 456 4528 
18866 94 150 3890 3961 
18867 1231 1232 1230 3868 
18868 2955 838 2834 3197 
18869 2628 2615 2609 4461 
18870 3413 3637 4248 4262 
18871 2166 3971 2176 4675 
18872 1056 3688 1076 4662 
18873 1083 1123 1095 3814 
18874 417 416 4715 4719 
18875 997 952 976 3766 
18876 1974 1972 1973 3994 
18877 1598 1602 1599 3702 
18878 2395 2276 4000 4244 
18879 1820 1819 1854 3786 
18880 2874 2877 2934 4402 
18881 2921 2920 2978 4117 
18882 2167 2160 2169 4579 
18883 2910 2837 2934 4402 
18884 2790 2746 3985 4558 
18885 3425 4546 3685 4774 
18886 2719 2723 2721 4070 
18887 916 3993 96 4590 
18888 3435 4648 4063 4732 
18889 3734 4042 3436 4171 
18890 3426 3872 4178 4281 
18891 1390 1373 1414 3656 
18892 1734 1693 3842 4756 
18893 4090 4610 3891 4688 
18894 3901 4279 3391 4681 
18895 3489 4642 4068 4763 
18896 3406 3951 3719 4391 
18897 425 4012 426 4635 
18898 1064 4367 3687 4497 
18899 1975 2033 2002 4755 
18900 356 3983 46 4178 
18901 2632 2634 2585 4424 
18902 1154 891 121 1185 
18903 3127 3024 3125 3995 
18904 966 985 957 4363 
18905 404 3729 3974 4779 
18906 2308 2322 2307 3876 
18907 826 2693 3213 3020 
18908 716 3693 4322 4353 
18909 3685 4092 3425 4413 
18910 2817 2818 2770 3998 
18911 1537 1509 3804 4712 
18912 194 1003 197 3733 
18913 3200 606 1648 1751 
18914 1651 1789 1758 4355 
18915 1802 385 4161 4734 
18916 3512 4212 414 4555 
18917 3071 3924 3060 4520 
18918 2245 2227 2472 4160 
18919 1981 3763 1991 4631 
18920 3580 3297 4338 4739 
18921 445 4114 444 4171 
18922 2486 2555 2543 3831 
18923 3407 4219 4494 4542 
18924 3872 4281 3467 4752 
18925 967 986 146 4067 
18926 3707 3892 3358 4286 
18927 2710 2712 2713 3708 
18928 2003 2076 2059 4152 
18929 2244 2436 2319 3698 
18930 2443 2157 2312 3913 
18931 3371 3817 3985 4676 
18932 3082 3603 3077 4663 
18933 3344 3843 4170 4293 
18934 4086 4521 1562 4701 
18935 3396 3669 4443 4479 
18936 91 939 153 3627 
18937 49 4106 3682 4677 
18938 2301 2300 3837 4376 
18939 1844 1804 635 2142 
18940 2116 1995 3710 4539 
18941 3657 3385 4361 4426 
18942 2264 3773 2175 4236 
18943 1374 1396 505 2817 
18944 2139 2208 2209 3672 
18945 2293 2296 2295 4376 
18946 2139 2103 2119 3672 
18947 2895 3799 2938 4427 
18948 1195 1167 1168 3984 
18949 3687 4252 3136 4577 
18950 3434 4012 4635 4717 
18951 898 1210 902 3929 
18952 4390 4486 3500 4771 
18953 1992 1994 1993 4416 
18954 3026 1751 1638 607 
18955 3211 787 3012 4061 
18956 1611 2415 1628 4361 
18957 998 967 147 4052 
18958 419 418 1241 4049 
18959 3280 3488 4544 4633 
18960 224 3574 4299 4532 
18961 2458 4119 2407 4283 
18962 3351 4522 3820 4761 
18963 1648 605 3019 1750 
18964 147 3756 930 4394 
18965 2741 2774 2779 4575 
18966 3281 3683 3771 4649 
18967 140 948 139 3976 
18968 2393 1878 1863 4102 
18969 4206 4343 3343 4593 
18970 1643 3199 604 1750 
18971 1037 228 1061 4570 
18972 2942 955 185 2833 
18973 1042 1048 1135 4346 
18974 3356 3805 3991 4760 
18975 231 230 1039 4191 
18976 3390 3613 4665 4679 
18977 1137 1105 1080 4043 
18978 576 575 4507 4714 
18979 1540 4187 4069 4712 
18980 3185 3194 3186 4110 
18981 3615 4268 3581 4664 
18982 1657 539 1423 1636 
18983 2788 828 2793 3229 
18984 2149 1823 1809 647 
18985 3992 3995 3637 4210 
18986 889 4345 4183 4430 
18987 3363 3722 4006 4203 
18988 3318 3731 4468 4513 
18989 4 871 872 3825 
18990 3845 3914 3352 4227 
18991 3418 3989 3700 4728 
18992 483 3636 4481 4601 
18993 3544 4374 4098 4665 
18994 2706 2785 2784 3748 
18995 1298 381 3816 4314 
18996 2115 2105 752 4194 
18997 1052 1054 1058 4347 
18998 159 966 158 4363 
18999 3530 4168 3673 4350 
19000 725 3666 724 3968 
19001 2473 2462 2131 3968 
19002 2846 856 2950 2992 
19003 2321 3939 2467 4630 
19004 478 4320 51 4596 
19005 870 3881 879 4456 
19006 1034 1101 1134 3766 
19007 3310 3882 3839 4436 
19008 3149 3166 3759 4705 
19009 1209 304 2127 1156 
19010 2938 2924 2940 4027 
19011 2334 3899 2335 4278 
19012 2822 2805 2705 3792 
19013 1098 1115 1028 3644 
19014 3250 3277 3050 4077 
19015 3385 3816 4540 4747 
19016 1171 2413 307 1152 
19017 2321 2225 2467 3939 
19018 3512 4206 4048 4719 
19019 3784 3871 3420 4792 
19020 1107 1233 1231 3868 
19021 1718 4270 1669 4588 
19022 2938 2895 2933 3799 
19023 3423 3945 3747 4785 
19024 3379 4055 4277 4529 
19025 2008 2006 2007 4460 
19026 2448 2429 2311 4361 
19027 424 423 3661 4735 
19028 2565 2501 2502 3999 
19029 3243 3246 3137 4577 
19030 2759 2711 2778 4242 
19031 2745 4144 2780 4536 
19032 3352 4348 3812 4703 
19033 2044 3843 2061 4678 
19034 3311 3734 4042 4541 
19035 1187 3948 2452 4702 
19036 2520 3782 2532 4686 
19037 1498 1561 1500 4707 
19038 1916 2175 698 4236 
19039 3988 4229 3705 4479 
19040 3340 3850 4261 4489 
19041 3358 3892 3707 4745 
19042 1975 4304 1974 4755 
19043 2200 2370 2388 3678 
19044 2729 2755 2768 3871 
19045 2583 2641 2428 4058 
19046 858 2836 3003 2994 
19047 1616 2367 2146 4050 
19048 3707 3358 4011 4286 
19049 1320 440 382 4649 
19050 3024 3163 1776 4210 
19051 1851 2163 633 1808 
19052 810 1435 2640 4446 
19053 4148 4360 3399 4693 
19054 3847 3515 4130 4696 
19055 3580 4589 4001 4739 
19056 3543 4406 4225 4644 
19057 4225 4406 3611 4644 
19058 211 210 2960 4663 
19059 3504 4437 4035 4458 
19060 3455 4304 3762 4666 
19061 2599 2598 2597 4178 
19062 766 2461 2543 2129 
19063 3891 4090 3432 4647 
19064 1394 445 1375 4114 
19065 2167 2181 2168 4133 
19066 1218 1163 3943 4499 
19067 2211 2467 4557 4736 
19068 555 1531 2802 2797 
19069 3391 4001 4589 4739 
19070 2629 2628 2627 4461 
19071 1440 4086 1015 4521 
19072 448 1321 390 3712 
19073 3713 4191 3406 4654 
19074 2694 2774 2782 4575 
19075 1402 1780 444 4114 
19076 2508 1285 4230 4525 
19077 2736 3818 2734 4626 
19078 3076 279 3185 4687 
19079 2980 2929 2928 4443 
19080 3150 4583 3821 4705 
19081 2966 2846 2950 3670 
19082 3405 4275 3903 4583 
19083 2163 633 2375 1851 
19084 2586 2653 2669 3999 
19085 3385 3589 4188 4747 
19086 3700 3989 3515 4728 
19087 2816 3998 2770 4581 
19088 884 872 895 3936 
19089 1579 574 575 4714 
19090 388 4162 3625 4370 
19091 3356 3991 3986 4760 
19092 1820 1822 3870 4221 
19093 1645 3925 2535 4740 
19094 2579 2657 2638 4371 
19095 3518 4024 4349 4762 
19096 1152 2413 306 1186 
19097 2119 753 2139 2207 
19098 2125 195 628 3971 
19099 575 576 1577 4714 
19100 3543 4330 4095 4644 
19101 1374 2690 1397 3965 
19102 3549 4494 4219 4542 
19103 1757 2535 2482 4740 
19104 2106 1951 742 4511 
19105 1565 3769 1593 4761 
19106 2346 2247 2345 3948 
19107 1800 1843 1842 3701 
19108 2112 2025 743 4420 
19109 2111 2122 2119 4290 
19110 2043 1994 2006 3833 
19111 714 715 1939 3844 
19112 1176 1144 1165 4744 
19113 4364 4439 3615 4440 
19114 3306 3634 4373 4750 
19115 88 4089 87 4683 
19116 1643 1752 3034 4303 
19117 3112 3114 3117 4625 
19118 3453 4096 3664 4280 
19119 3610 4148 3399 4332 
19120 2700 2800 2798 3759 
19121 1637 3736 1785 4473 
19122 1723 4022 1673 4494 
19123 1462 1460 1459 3978 
19124 2473 2275 2274 3968 
19125 2867 3951 2922 4591 
19126 2634 4424 3840 4743 
19127 427 1272 1289 4247 
19128 1145 1187 1205 3948 
19129 2030 2089 1964 4501 
19130 437 1387 1418 4432 
19131 440 1399 439 4316 
19132 2340 4182 2279 4369 
19133 240 1905 239 4597 
19134 3149 3153 3067 3631 
19135 1836 1801 637 2416 
19136 3256 2648 3248 4496 
19137 2367 2331 2330 4050 
19138 3725 3527 4033 4510 
19139 2325 2333 2430 3706 
19140 3058 3060 3924 4378 
19141 1947 4054 2074 4286 
19142 410 1343 468 4395 
19143 1546 1503 1501 3742 
19144 3625 4162 3376 4370 
19145 2380 2339 2310 3849 
19146 403 1571 1622 3891 
19147 1068 232 231 4313 
19148 585 2394 2313 1576 
19149 2623 2621 2613 3983 
19150 3953 4425 3465 4519 
19151 3161 3238 3017 4031 
19152 3169 3170 3171 4598 
19153 1940 707 708 3628 
19154 2174 2190 2176 4294 
19155 3715 4372 3366 4640 
19156 1152 1172 1171 4207 
19157 1272 426 323 4717 
19158 3430 4141 3684 4327 
19159 3684 4141 3382 4327 
19160 1262 1603 371 1598 
19161 3861 4234 2425 4619 
19162 932 4073 103 4142 
19163 2647 4066 2633 4417 
19164 4266 4356 3336 4771 
19165 3025 3236 1642 4205 
19166 1693 1741 1734 3842 
19167 2115 4065 2114 4265 
19168 2206 2400 2315 4234 
19169 2936 2881 2883 4474 
19170 3372 4189 3604 4720 
19171 2810 1400 461 3920 
19172 3016 3212 3220 3987 
19173 4235 4555 3561 4719 
19174 3432 4090 3891 4688 
19175 1995 2094 3710 4539 
19176 3744 4088 3383 4535 
19177 3676 3488 4392 4544 
19178 3019 604 3199 1750 
19179 780 2657 2539 4371 
19180 462 4145 51 4320 
19181 3770 3469 3890 4436 
19182 487 4565 3889 4600 
19183 3933 4167 3842 4756 
19184 3591 4035 3504 4471 
19185 2295 2429 2344 4296 
19186 3337 4188 3589 4747 
19187 3231 3188 3179 4605 
19188 645 2396 1811 1845 
19189 3141 3995 1781 4659 
19190 2352 2229 2245 4160 
19191 222 863 82 4375 
19192 1874 2323 2337 4788 
19193 3695 4544 3488 4633 
19194 3599 4338 3407 4542 
19195 3287 4600 4193 4601 
19196 2859 2900 2915 4292 
19197 2511 4077 2551 4317 
19198 3295 4652 3959 4716 
19199 1528 1557 1472 3766 
19200 1153 1187 2452 4702 
19201 2158 3820 2437 4761 
19202 3221 3202 3269 3912 
19203 437 3771 438 4034 
19204 3611 4225 3415 4637 
19205 3033 3211 3227 3779 
19206 1468 3874 1500 4707 
19207 2546 2162 2488 4680 
19208 3384 4616 3810 4646 
19209 889 102 4345 4430 
19210 209 3864 2844 4307 
19211 395 453 1328 4020 
19212 3058 4378 3924 4777 
19213 3111 3113 3112 4019 
19214 2405 2338 2205 4563 
19215 1166 2132 1207 4251 
19216 400 1325 399 4122 
19217 725 2011 2131 3968 
19218 2903 2882 2971 4524 
19219 456 455 4036 4528 
19220 1990 2057 3914 4227 
19221 1516 1085 288 4069 
19222 461 1323 4095 4330 
19223 437 436 1313 4677 
19224 1772 1377 1791 4323 
19225 3897 4119 3356 4624 
19226 2531 2545 4457 4740 
19227 1325 4036 399 4122 
19228 1246 1287 3802 4639 
19229 3962 4312 3443 4412 
19230 717 1925 1933 4295 
19231 913 1192 1157 4089 
19232 2290 2292 2297 4177 
19233 2070 2099 4268 4459 
19234 466 408 1338 3695 
19235 476 477 3703 4448 
19236 2842 2943 845 3047 
19237 2381 2379 3831 4502 
19238 3364 4183 3931 4345 
19239 1500 1468 1464 3874 
19240 2273 2470 2126 3711 
19241 1381 1422 1405 4357 
19242 2285 4041 2283 4754 
19243 2560 2586 2495 3999 
19244 706 705 2074 4286 
19245 359 4337 2616 4752 
19246 1427 2499 489 3917 
19247 1662 1701 1700 4306 
19248 3379 4277 4055 4570 
19249 1031 1092 3881 4456 
19250 1424 431 1407 4263 
19251 2398 249 2272 4236 
19252 2642 2589 2651 3912 
19253 383 1320 3683 4428 
19254 2531 2552 2548 3847 
19255 2001 2059 2015 4152 
19256 2107 3710 1952 4045 
19257 1859 1799 1818 3915 
19258 3967 4163 3491 4402 
19259 3419 4163 3967 4402 
19260 398 1817 399 4399 
19261 2956 2898 2935 4564 
19262 1186 1173 1152 3767 
19263 1794 3250 2572 4077 
19264 4125 4257 3790 4657 
19265 1743 1740 4092 4433 
19266 1600 1633 1630 4628 
19267 195 3971 3942 4582 
19268 2026 1983 2002 3762 
19269 425 324 426 4717 
19270 2484 2525 2542 3779 
19271 3806 3887 3444 4730 
19272 2925 4273 2964 4580 
19273 2311 2135 2415 4361 
19274 1495 1492 1494 3906 
19275 3372 3604 4189 4562 
19276 1107 248 247 3868 
19277 1807 1870 3861 4619 
19278 2272 2408 2440 3757 
19279 2546 2403 2162 4680 
19280 1645 1796 3925 4740 
19281 3074 3231 3194 4110 
19282 2696 2819 2771 4393 
19283 3283 4095 4330 4644 
19284 2871 4053 2876 4787 
19285 1246 1249 1298 3802 
19286 3364 3931 4183 4499 
19287 3711 3468 4007 4753 
19288 146 931 98 4264 
19289 3183 3170 3048 4255 
19290 3617 4429 4323 4616 
19291 2773 2741 2772 4571 
19292 2865 2866 2864 4381 
19293 4224 4652 3601 4716 
19294 1238 4235 3654 4718 
19295 2023 4439 3615 4459 
19296 1621 1602 1635 3913 
19297 3813 4523 4 4527 
19298 4196 4614 3783 4628 
19299 1926 249 1916 4236 
19300 400 1274 1251 4778 
19301 1095 1084 1083 3814 
19302 2426 2148 2317 4018 
19303 1038 3185 279 4687 
19304 889 4183 3629 4430 
19305 1707 1711 1712 4248 
19306 3444 3716 4218 4508 
19307 2236 4112 2414 4348 
19308 2398 2272 2175 4236 
19309 3325 4277 4051 4351 
19310 3357 3610 4176 4637 
19311 3448 3862 4186 4324 
19312 3334 4186 3862 4324 
19313 2927 4208 2954 4329 
19314 1780 444 4114 4279 
19315 1026 284 3226 3092 
19316 3059 3883 3086 4378 
19317 2294 4013 4472 4754 
19318 3052 1080 269 3168 
19319 3341 4454 3592 4695 
19320 1452 1502 1503 3821 
19321 3475 4317 4077 4602 
19322 2586 354 2653 3999 
19323 1032 1070 1115 4794 
19324 1512 1556 1531 3727 
19325 2857 2913 2860 4201 
19326 236 4101 1930 4742 
19327 1169 1185 1203 4109 
19328 2349 4348 2414 4703 
19329 1082 1088 266 4497 
19330 3533 3947 4608 4750 
19331 3860 4503 3817 4676 
19332 2370 2141 2417 3623 
19333 2519 2522 4124 4470 
19334 2850 843 2829 3196 
19335 1404 1391 4093 4691 
19336 2750 2753 2751 3841 
19337 1976 1974 1975 4304 
19338 3295 4176 3610 4637 
19339 636 1804 1836 2342 
19340 3982 4110 3427 4414 
19341 1963 4045 2089 4501 
19342 3671 4309 3447 4749 
19343 868 3813 914 4456 
19344 1513 1538 567 2366 
19345 3327 4320 3609 4765 
19346 3068 3146 3049 4518 
19347 993 1477 1438 4025 
19348 3448 4186 3862 4326 
19349 3358 4195 3892 4745 
19350 3045 3136 3249 3687 
19351 310 2373 2424 4379 
19352 1343 469 468 4780 
19353 3591 3909 3330 4035 
19354 3990 3539 4416 4748 
19355 324 425 325 4012 
19356 2502 2495 2503 3999 
19357 2394 2144 1565 586 
19358 1026 3226 284 1083 
19359 2979 2929 2833 3880 
19360 2118 4045 1963 4482 
19361 3357 4463 3736 4637 
19362 3625 3323 4103 4689 
19363 3477 4276 3595 4411 
19364 220 3813 4527 4784 
19365 3413 4248 3995 4659 
19366 3226 3271 3075 3814 
19367 2254 2332 2479 3824 
19368 603 3199 1643 3034 
19369 2213 2336 2303 3787 
19370 2875 2907 2906 3808 
19371 2323 2277 2262 4788 
19372 1715 1762 4638 4668 
19373 1416 4387 1385 4671 
19374 1577 576 1625 3751 
19375 1402 1644 1780 4114 
19376 2397 1569 1605 580 
19377 2343 4177 3783 4614 
19378 3374 4168 3901 4711 
19379 3871 4222 3420 4792 
19380 2100 1955 4267 4356 
19381 2016 1954 2069 3692 
19382 3361 4438 3728 4701 
19383 2644 576 2587 4507 
19384 2413 2451 2150 3767 
19385 2316 2437 4522 4761 
19386 1198 2151 1155 3943 
19387 3333 3754 4031 4571 
19388 1419 4316 441 4607 
19389 2614 4328 2617 4559 
19390 883 99 100 4310 
19391 1715 4638 3600 4668 
19392 478 4044 3525 4448 
19393 2722 2725 2720 4243 
19394 1889 1929 224 1921 
19395 1317 437 379 3771 
19396 3600 4638 3656 4668 
19397 3638 4376 3646 4634 
19398 3646 4376 3337 4634 
19399 2785 4200 2819 4393 
19400 3715 4083 4139 4640 
19401 3844 4055 230 4191 
19402 1654 1776 619 3097 
19403 3287 4601 4193 4735 
19404 814 4613 3747 4743 
19405 3293 3955 4017 4789 
19406 1456 4015 1437 4263 
19407 1086 1440 1517 4086 
19408 1643 1750 1734 4303 
19409 3322 3604 4357 4562 
19410 705 1947 2074 4286 
19411 3151 3057 3954 4777 
19412 3736 4463 3611 4637 
19413 3591 4035 3330 4458 
19414 3321 4334 3876 4563 
19415 1695 1718 1669 4588 
19416 2047 1956 2011 4664 
19417 1892 226 227 4295 
19418 1975 2002 1983 3762 
19419 3190 3210 3039 4179 
19420 2886 2911 2936 4474 
19421 4 4523 105 4527 
19422 1682 4148 1683 4693 
19423 144 938 100 4035 
19424 49 4393 4106 4677 
19425 1041 1111 220 3813 
19426 1961 2067 2048 4268 
19427 1741 1693 1685 3842 
19428 4 4375 83 4527 
19429 2467 2225 4557 4736 
19430 1184 1206 1147 3819 
19431 3032 3043 3042 3856 
19432 1538 1444 2165 3997 
19433 1679 1694 1744 4084 
19434 2110 3928 2108 4539 
19435 1505 1493 4438 4701 
19436 3095 3096 3100 3685 
19437 3646 3337 4188 4634 
19438 3715 3366 4083 4640 
19439 1158 194 193 4425 
19440 2375 1851 634 4369 
19441 3372 3985 3817 4676 
19442 2329 2455 2454 3964 
19443 385 4734 386 4757 
19444 1872 1834 4772 4790 
19445 2459 2433 2346 4492 
19446 3835 3415 4036 4644 
19447 1870 1834 1833 4790 
19448 3211 2542 787 4061 
19449 1055 3649 4464 4662 
19450 3385 3932 4188 4296 
19451 3380 3949 3734 4541 
19452 3402 4474 3830 4713 
19453 2770 3781 2769 4581 
19454 1841 1840 1838 3979 
19455 97 930 98 4005 
19456 3167 3120 3161 4627 
19457 1577 1579 575 4714 
19458 3776 3970 200 4476 
19459 397 1333 396 4021 
19460 2305 2152 2393 4102 
19461 1097 1036 1121 3775 
19462 3500 4356 702 4771 
19463 3097 1794 1654 4077 
19464 2345 3948 4339 4702 
19465 3825 3936 3365 4512 
19466 3341 4378 3883 4777 
19467 1158 1163 1164 3931 
19468 3255 3091 3225 4444 
19469 3391 4274 4001 4739 
19470 1950 708 707 4026 
19471 2192 2334 2330 3897 
19472 339 1827 1846 1267 
19473 2045 4173 1997 4416 
19474 992 960 138 3644 
19475 2794 2702 2780 3791 
19476 3493 3799 4277 4529 
19477 3430 3715 4083 4139 
19478 145 935 99 4471 
19479 1495 3906 1519 4258 
19480 932 103 141 4142 
19481 1683 1732 1681 3933 
19482 743 2106 2112 4420 
19483 2940 3208 2835 4487 
19484 333 1255 1803 1295 
19485 427 4193 426 4635 
19486 2283 2282 2280 4698 
19487 4 105 4375 4527 
19488 1797 3865 1697 4653 
19489 3137 3136 4252 4577 
19490 3151 3057 3143 3954 
19491 3393 4614 4196 4628 
19492 3410 4154 3700 4181 
19493 2765 2751 2807 4254 
19494 3481 4377 3830 4713 
19495 4259 4445 3449 4749 
19496 1922 235 1901 1930 
19497 3335 4088 3744 4535 
19498 1532 2364 572 1449 
19499 3465 4519 4425 4721 
19500 106 921 138 3457 
19501 827 2788 2693 3020 
19502 102 3909 3679 4430 
19503 1681 1683 3933 4693 
19504 949 977 3829 4533 
19505 3330 3909 3591 4708 
19506 1170 4492 1220 4650 
19507 1835 1805 1861 3838 
19508 2938 2933 2924 3799 
19509 1264 3900 381 4314 
19510 3611 4020 453 4463 
19511 4000 4244 2276 4661 
19512 473 4048 4206 4719 
19513 2143 4318 192 4721 
19514 399 1242 400 4399 
19515 2531 3847 2548 4740 
19516 2866 2868 4132 4591 
19517 3803 3993 3362 4590 
19518 890 899 907 3931 
19519 1079 3182 283 3092 
19520 2366 2407 2147 3805 
19521 2125 628 1874 4184 
19522 471 413 1347 3926 
19523 2019 2071 2029 4642 
19524 1505 4438 1562 4701 
19525 1383 1783 1394 4059 
19526 1716 1774 1717 4308 
19527 1599 1621 1601 4628 
19528 990 2838 958 4117 
19529 1856 1866 1822 4221 
19530 3343 3691 4450 4593 
19531 3579 3946 4274 4428 
19532 3773 699 4236 4709 
19533 437 4034 438 4432 
19534 2004 2057 1987 4491 
19535 420 4178 3872 4752 
19536 3835 4036 458 4122 
19537 3454 3679 4430 4697 
19538 704 3910 1920 4390 
19539 1757 1747 1796 4740 
19540 1173 3767 1186 4699 
19541 1151 1210 898 3929 
19542 2160 2135 2311 3750 
19543 4011 4597 240 4713 
19544 1821 1820 3870 4525 
19545 3402 4597 4011 4713 
19546 1932 706 240 1924 
19547 3662 4589 3391 4681 
19548 3349 4221 3789 4502 
19549 988 2944 14 3644 
19550 1112 1099 4000 4244 
19551 1148 1185 120 4109 
19552 2149 1809 2322 647 
19553 3467 4118 3801 4166 
19554 4103 4370 3625 4689 
19555 1808 1816 3780 4788 
19556 3610 4637 3736 4653 
19557 436 4393 49 4677 
19558 3738 4091 3373 4306 
19559 95 929 149 3890 
19560 3303 4572 3708 4592 
19561 4020 4021 3283 4156 
19562 2723 2750 2721 4070 
19563 4165 4733 1733 4756 
19564 1604 1574 1600 4305 
19565 2155 2419 2306 4664 
19566 239 1905 1932 4597 
19567 3369 3953 3825 4523 
19568 2702 2794 2805 3792 
19569 3333 4031 3754 4548 
19570 3309 4401 3704 4556 
19571 3196 2850 843 3051 
19572 2009 2031 2010 3828 
19573 435 1391 434 4093 
19574 2301 2410 2418 3837 
19575 3328 3939 4160 4194 
19576 1390 1749 1640 537 
19577 2019 4642 2029 4763 
19578 2909 4485 3626 4580 
19579 242 1018 1069 4674 
19580 2467 2225 2211 4557 
19581 2565 3999 2502 4508 
19582 1162 1198 1163 4318 
19583 2525 2559 4061 4686 
19584 1015 4086 1074 4521 
19585 2828 847 3190 3041 
19586 634 1844 2142 4369 
19587 1732 1694 1681 4733 
19588 2508 4230 2507 4525 
19589 398 456 1331 4036 
19590 386 444 1318 3739 
19591 2124 1944 2384 4009 
19592 2578 2498 3917 4127 
19593 1823 1798 648 2149 
19594 142 3893 143 4768 
19595 1851 1841 1844 4369 
19596 1316 436 49 4677 
19597 495 2640 1435 4446 
19598 1451 1534 1535 3775 
19599 3392 4029 3847 4531 
19600 417 3802 1287 4715 
19601 87 4683 4089 4684 
19602 1950 707 2084 4026 
19603 1421 4190 482 4691 
19604 3008 3001 2994 4256 
19605 3466 4242 3836 4455 
19606 3366 4454 4083 4617 
19607 1438 964 993 4025 
19608 3608 4503 3860 4676 
19609 2022 4439 2023 4459 
19610 3676 4392 3488 4779 
19611 2785 4200 3748 4720 
19612 2765 2766 2744 4254 
19613 1682 1684 1683 4148 
19614 90 937 154 3911 
19615 2510 1771 4077 4602 
19616 1827 386 339 1297 
19617 2025 1951 743 4420 
19618 1109 264 1016 4149 
19619 3372 3604 4432 4720 
19620 2545 2535 3925 4740 
19621 3376 4370 3598 4634 
19622 3138 3068 3040 3957 
19623 208 207 2837 3795 
19624 1021 1090 1060 3894 
19625 3385 3750 4361 4426 
19626 1848 1847 1852 4619 
19627 1664 1714 1668 4056 
19628 2887 2889 2891 4466 
19629 810 2666 811 4446 
19630 1813 3755 1868 4399 
19631 1143 1208 887 3993 
19632 3449 4445 4427 4749 
19633 1645 2535 1757 4740 
19634 3881 4456 3451 4586 
19635 1226 1200 1203 4699 
19636 3519 4324 3888 4355 
19637 3985 4189 3502 4676 
19638 195 196 3971 4582 
19639 105 3545 4375 4527 
19640 3562 4233 4094 4420 
19641 3045 266 1088 4497 
19642 2846 3000 2959 855 
19643 931 146 145 4264 
19644 1419 1414 4316 4638 
19645 3790 3424 4643 4657 
19646 2879 2922 2867 3951 
19647 1469 1467 1478 4411 
19648 2442 2194 2276 4000 
19649 1395 480 1429 4534 
19650 3910 4011 3358 4286 
19651 3352 4112 4348 4703 
19652 1704 1700 1702 4531 
19653 2584 2633 2647 4066 
19654 1539 1562 4521 4701 
19655 959 998 969 4052 
19656 2948 2914 2943 3798 
19657 1435 810 1388 4446 
19658 1538 1475 1544 3997 
19659 2519 2533 2518 4154 
19660 160 159 433 3855 
19661 2178 2264 2388 4710 
19662 3533 4460 4458 4708 
19663 2264 2200 2388 4197 
19664 2260 2191 2261 3898 
19665 2570 2546 2556 3806 
19666 2303 2304 2302 4365 
19667 889 896 101 4430 
19668 3402 4137 3628 4597 
19669 3385 4540 3589 4747 
19670 1150 900 115 1179 
19671 3239 3236 3025 4205 
19672 606 3200 3026 1751 
19673 236 4101 4014 4477 
19674 818 3021 2805 3233 
19675 3712 4103 3625 4622 
19676 1623 2335 2158 1573 
19677 1543 1496 1476 4300 
19678 2773 2782 2774 4575 
19679 132 133 323 3975 
19680 2517 3782 2520 4773 
19681 2744 2716 2718 3940 
19682 3365 4080 3822 4512 
19683 383 1280 384 3838 
19684 205 206 1011 4363 
19685 2534 2500 3962 4312 
19686 3234 3242 3184 4231 
19687 567 2147 1513 2366 
19688 2032 2078 2021 4169 
19689 3097 3250 1794 4077 
19690 2083 2019 2018 4267 
19691 396 4510 4033 4764 
19692 294 1230 1232 1160 
19693 3362 3681 4209 4504 
19694 2902 4505 2966 4741 
19695 2346 2452 1187 3948 
19696 1408 3810 459 4646 
19697 3357 3611 4463 4637 
19698 2559 2480 4061 4620 
19699 2941 2852 2901 3982 
19700 1923 1897 232 1931 
19701 1078 3980 1022 4547 
19702 1564 370 392 1262 
19703 102 3679 3909 4550 
19704 444 1780 1432 4279 
19705 3715 4378 3341 4454 
19706 3315 4561 3704 4568 
19707 97 4394 4005 4590 
19708 1241 3930 1276 4337 
19709 2879 2949 2922 3951 
19710 1261 1268 1239 4305 
19711 1617 1582 1572 4199 
19712 3636 4358 4190 4481 
19713 1989 2018 2019 4068 
19714 4063 4320 3609 4648 
19715 3289 4085 3745 4585 
19716 1858 411 1277 3870 
19717 1291 1581 378 1615 
19718 267 1027 3183 3048 
19719 871 4512 3825 4586 
19720 3452 4138 3885 4465 
19721 3568 3803 4209 4590 
19722 1122 1062 1064 4367 
19723 1611 1628 1579 4361 
19724 3333 4031 3749 4571 
19725 1645 3925 1708 4602 
19726 1349 4392 464 4769 
19727 3704 4561 3597 4568 
19728 3622 3594 4214 4612 
19729 103 932 104 4073 
19730 1426 2784 2706 501 
19731 3534 4366 3932 4747 
19732 3183 1082 266 4497 
19733 1422 1381 1384 3927 
19734 3356 3805 4119 4283 
19735 962 2973 2840 4159 
19736 149 925 95 3770 
19737 395 3725 1281 4530 
19738 52 1353 479 4565 
19739 895 3825 871 4512 
19740 2941 2901 2952 3982 
19741 4137 4377 239 4597 
19742 3295 4129 3959 4652 
19743 2442 2365 2364 3694 
19744 2326 2425 3861 4767 
19745 3298 3730 4172 4441 
19746 1722 3785 1768 4588 
19747 3354 3591 4373 4694 
19748 2938 2905 4427 4487 
19749 1827 339 386 1267 
19750 3392 4002 3738 4531 
19751 3938 4490 3295 4716 
19752 1663 1666 1710 3918 
19753 3389 4379 4251 4793 
19754 381 1264 382 3900 
19755 1944 4009 2124 4440 
19756 4005 4394 3568 4590 
19757 1410 488 2704 3727 
19758 3489 4489 3639 4724 
19759 364 1567 1260 4150 
19760 144 3504 4035 4471 
19761 1583 1578 1584 4214 
19762 1542 1543 1450 4483 
19763 1709 1706 1778 4210 
19764 2597 4281 4178 4752 
19765 2607 4341 2625 4537 
19766 1614 1570 1580 3657 
19767 2553 2538 2554 3912 
19768 1575 4050 2146 4278 
19769 484 1356 485 4601 
19770 3127 3992 3125 4520 
19771 3076 1081 279 4687 
19772 3391 4589 3662 4739 
19773 2296 2422 2295 3932 
19774 1698 1785 3736 4653 
19775 932 141 140 4142 
19776 3609 3494 4732 4765 
19777 2530 2531 2545 4457 
19778 62 2135 2159 574 
19779 2271 3928 2302 4462 
19780 707 1932 706 4597 
19781 1142 4379 1221 4793 
19782 488 3889 4565 4758 
19783 422 4198 423 4333 
19784 3127 3072 3992 4520 
19785 3779 4061 3366 4686 
19786 2205 4340 2181 4767 
19787 484 485 4263 4405 
19788 2158 1608 588 1573 
19789 2153 3861 2425 4619 
19790 1052 4347 1051 4621 
19791 2371 2413 307 1171 
19792 3395 4084 3735 4509 
19793 1668 1692 1670 4554 
19794 3608 3473 4569 4641 
19795 2297 2368 2343 3783 
19796 3500 4486 3911 4771 
19797 3330 4458 4460 4708 
19798 895 867 884 3936 
19799 3901 4589 3863 4681 
19800 2242 2244 2243 4079 
19801 3283 4330 3835 4644 
19802 1610 1632 4383 4543 
19803 3666 4297 3958 4784 
19804 3611 3415 4225 4644 
19805 3676 4779 4320 4795 
19806 1354 4333 422 4566 
19807 3368 3898 3899 4495 
19808 1678 1726 1729 4168 
19809 1985 1990 2057 3914 
19810 3420 4451 3938 4490 
19811 3330 4460 3692 4708 
19812 143 3705 144 4768 
19813 1207 1142 1178 4793 
19814 1829 1835 1861 3838 
19815 131 3777 132 4717 
19816 3422 3939 4630 4736 
19817 2107 2110 2116 3710 
19818 745 2102 2118 1948 
19819 1607 1567 364 4150 
19820 3747 3945 3309 4785 
19821 1173 1172 1152 3767 
19822 3330 3591 4458 4708 
19823 3498 3967 4288 4321 
19824 743 1951 2106 4420 
19825 3168 3169 4043 4598 
19826 3790 4643 4125 4657 
19827 386 1827 4075 4734 
19828 1378 621 1377 4691 
19829 3001 3008 2990 3814 
19830 148 926 4394 4623 
19831 3543 4095 4406 4644 
19832 1662 4306 3618 4658 
19833 929 150 149 3890 
19834 393 394 3665 4516 
19835 3330 4035 4437 4458 
19836 3429 3761 3966 4737 
19837 3726 4474 3402 4713 
19838 2095 2042 4094 4420 
19839 4392 4769 3488 4779 
19840 156 4180 157 4485 
19841 1410 1512 487 3727 
19842 3265 3023 3164 4583 
19843 1723 1721 1673 4022 
19844 722 2067 723 3848 
19845 3036 3187 264 4149 
19846 574 1579 1628 3750 
19847 2112 2113 2102 4482 
19848 2110 2108 2116 4539 
19849 2990 3008 2998 3814 
19850 1293 1261 1574 4305 
19851 239 4377 240 4713 
19852 2308 2405 2396 4563 
19853 2707 825 3213 4128 
19854 3938 4451 4176 4490 
19855 865 3822 881 4586 
19856 2078 2026 4054 4169 
19857 1986 1989 2038 3845 
19858 2281 2313 2394 4759 
19859 1054 4621 1053 4662 
19860 3414 3740 4173 4574 
19861 3395 4019 3758 4625 
19862 3852 3454 4636 4697 
19863 3010 3155 627 4121 
19864 1970 1980 1979 4685 
19865 3636 4190 482 4481 
19866 1222 1184 3929 4656 
19867 2040 4010 2041 4706 
19868 1537 1526 1510 4238 
19869 407 350 408 2540 
19870 1293 391 390 3797 
19871 3990 4173 3541 4748 
19872 2670 2681 2406 574 
19873 140 4142 141 4239 
19874 1533 565 2197 2363 
19875 3541 4173 4152 4574 
19876 80 816 3030 3014 
19877 3351 4383 3891 4543 
19878 2425 4234 3861 4767 
19879 1461 3923 1488 4770 
19880 990 958 967 4117 
19881 4060 4339 3639 4489 
19882 1733 4165 1736 4733 
19883 1024 3182 282 1079 
19884 2236 2414 2349 4348 
19885 1617 1606 1614 4199 
19886 3927 4357 3604 4562 
19887 539 471 1423 1636 
19888 1250 388 1281 4530 
19889 764 2177 2549 2486 
19890 1609 584 2157 2313 
19891 1035 1080 269 3052 
19892 3891 4383 3351 4610 
19893 423 424 1361 4735 
19894 2441 2193 2454 4675 
19895 3102 4303 3034 4413 
19896 238 239 4137 4377 
19897 202 1013 203 3746 
19898 2770 2740 2769 3781 
19899 3781 3998 3380 4581 
19900 1077 1022 1109 3980 
19901 1349 465 4392 4769 
19902 1969 3663 4484 4685 
19903 2310 2339 2196 3849 
19904 1104 4110 1038 4414 
19905 489 2562 2581 3917 
19906 3508 4480 4252 4606 
19907 2707 2783 825 4128 
19908 1445 288 1019 4069 
19909 1779 1641 1713 4659 
19910 1049 4346 1048 4377 
19911 2697 1443 2797 3950 
19912 3687 4367 3447 4497 
19913 3833 4099 2043 4678 
19914 3371 3650 4409 4558 
19915 3045 3183 266 4497 
19916 1762 3656 4668 4766 
19917 3676 4392 3418 4544 
19918 4041 4182 3527 4615 
19919 2413 2150 306 1186 
19920 3094 3066 3093 4326 
19921 2866 2867 2868 4591 
19922 2531 2548 2482 4740 
19923 3919 4514 3618 4658 
19924 3373 3691 4331 4673 
19925 2550 1389 2567 4130 
19926 1044 1050 1069 4794 
19927 3833 4437 4099 4678 
19928 930 4005 97 4394 
19929 545 3073 3164 1452 
19930 2412 587 1608 4761 
19931 2100 2073 1955 4356 
19932 2663 2644 2587 4507 
19933 1754 1760 3212 609 
19934 482 1363 483 4481 
19935 3439 4263 3648 4405 
19936 2412 1608 588 2158 
19937 2745 2799 2821 4144 
19938 480 1357 481 4566 
19939 3012 3205 4061 4620 
19940 2458 2407 2328 4283 
19941 2903 2965 2908 3902 
19942 2470 2267 2371 4207 
19943 132 3975 323 4717 
19944 2708 4134 2709 4549 
19945 3366 4061 3779 4640 
19946 3533 4458 3947 4708 
19947 3214 3186 3053 3982 
19948 1096 1131 1031 3881 
19949 1280 3838 383 4354 
19950 1636 3919 1658 4514 
19951 300 2141 2370 1180 
19952 3473 3935 4569 4641 
19953 3319 4569 3935 4641 
19954 3303 4592 3685 4774 
19955 2905 4445 4427 4487 
19956 3366 3715 4083 4454 
19957 3603 4480 3350 4606 
19958 1398 4145 462 4795 
19959 2392 2575 2487 767 
19960 1038 279 1081 4687 
19961 1509 947 166 964 
19962 1226 4109 1148 4538 
19963 2957 2830 987 4485 
19964 1230 294 1159 1160 
19965 816 2667 2682 3223 
19966 4342 4666 3459 4755 
19967 2748 2793 2796 4082 
19968 3417 4382 4097 4594 
19969 869 4183 889 4345 
19970 448 3998 1403 4423 
19971 3336 4266 3647 4267 
19972 2144 587 2412 4761 
19973 2045 1997 1992 4416 
19974 2679 2644 360 1300 
19975 1793 1389 1753 4130 
19976 473 1373 1390 3656 
19977 890 907 917 3931 
19978 2142 2341 2340 4369 
19979 3123 3119 3124 4282 
19980 2709 2708 2693 4134 
19981 2362 2413 2371 4207 
19982 1058 1089 1125 3878 
19983 1571 403 367 1265 
19984 3422 4352 3732 4557 
19985 2612 2617 2614 4328 
19986 2273 4007 2222 4753 
19987 1357 4481 481 4566 
19988 1612 1275 1629 4214 
19989 3378 4094 3994 4484 
19990 2136 2166 195 2125 
19991 1521 3950 2697 4386 
19992 2639 2608 2611 4140 
19993 1640 1715 1762 4638 
19994 2382 2133 2477 4431 
19995 2158 2437 2412 4761 
19996 1249 4235 1238 4314 
19997 3372 4034 3748 4432 
19998 2300 2410 2301 3837 
19999 3019 3200 605 1648 
20000 4224 4243 3601 4652 
20001 3440 4243 4224 4652 
20002 3994 4342 3459 4755 
20003 3024 1649 3141 3995 
20004 2330 2334 2146 4278 
20005 1960 4237 2079 4246 
20006 1194 299 2370 1180 
20007 759 2428 2583 2641 
20008 2866 4132 2920 4381 
20009 3351 3769 4522 4761 
20010 3626 4505 4028 4794 
20011 1579 1580 4361 4426 
20012 724 3666 1927 4784 
20013 2741 2773 2774 4575 
20014 3026 3160 3201 3737 
20015 386 1297 1827 4734 
20016 3327 3609 4732 4765 
20017 1992 1993 1991 4416 
20018 1722 1766 1768 3785 
20019 2342 635 1804 2142 
20020 1519 1494 1469 4411 
20021 1354 421 4333 4566 
20022 1136 4414 1038 4687 
20023 2542 2525 2559 4061 
20024 2937 2851 2850 3996 
20025 3646 4188 3932 4296 
20026 2104 2115 752 4194 
20027 1538 2165 2366 3997 
20028 2199 2387 2332 4526 
20029 3100 3096 3101 4609 
20030 1443 2697 1521 3950 
20031 1145 2346 302 1187 
20032 3343 4450 3934 4593 
20033 1461 1489 3923 4786 
20034 2306 2445 4364 4440 
20035 2802 2704 2820 3727 
20036 2788 2709 2693 4134 
20037 3238 4031 3161 4548 
20038 575 3801 4507 4714 
20039 2464 2157 2313 3922 
20040 3396 4229 3988 4479 
20041 1403 1396 1374 3998 
20042 3671 4051 4277 4570 
20043 2788 827 3229 3020 
20044 983 949 160 4533 
20045 3615 4364 4004 4750 
20046 1578 1470 1530 562 
20047 3088 3264 4372 4640 
20048 2166 2125 2174 3971 
20049 3201 3026 1638 607 
20050 2868 2897 2920 4132 
20051 1019 1101 287 1445 
20052 1160 1199 1161 4684 
20053 2493 408 350 2540 
20054 3205 3264 3012 4061 
20055 1186 2372 305 1156 
20056 1596 1576 1597 3922 
20057 3329 4105 3879 4442 
20058 1601 1569 1633 4628 
20059 2529 2522 2569 4124 
20060 2541 2558 4317 4620 
20061 1080 1027 268 3048 
20062 2654 2661 2623 4730 
20063 1490 1492 1493 4498 
20064 812 2790 2701 3985 
20065 2257 2256 2172 4265 
20066 2848 2983 2962 4725 
20067 236 1040 237 4477 
20068 1836 636 2342 2416 
20069 423 1361 4481 4735 
20070 3619 4633 3695 4769 
20071 3482 4206 3919 4593 
20072 416 1238 1249 4235 
20073 1673 1721 1671 4022 
20074 2397 2343 2368 3783 
20075 2780 4536 3791 4627 
20076 2565 1299 1258 4508 
20077 2283 4041 2341 4754 
20078 2008 2069 2065 4460 
20079 2010 1978 2009 3828 
20080 1056 1076 1054 4662 
20081 2303 2209 2210 3787 
20082 1454 1481 1558 3986 
20083 3744 3984 3461 4650 
20084 3184 280 3076 1106 
20085 2464 3922 2313 4698 
20086 3422 3732 4352 4645 
20087 3119 3237 3134 4282 
20088 879 868 4456 4586 
20089 310 1142 2373 4379 
20090 2337 2323 2262 4788 
20091 3731 4254 3471 4534 
20092 1058 1076 1089 3878 
20093 3932 4366 3385 4747 
20094 1471 1102 1551 4000 
20095 2264 2272 2440 4236 
20096 1950 2101 2080 4026 
20097 3166 2700 831 2798 
20098 3386 4129 3959 4669 
20099 914 1111 1114 4456 
20100 1760 3016 3212 609 
20101 2342 4013 2294 4754 
20102 3323 4177 3646 4689 
20103 3339 4182 3668 4615 
20104 869 889 102 4345 
20105 2393 2402 2305 4102 
20106 2285 2283 2341 4754 
20107 2581 2562 2645 3917 
20108 2056 2095 4094 4420 
20109 3372 4189 3985 4676 
20110 1701 1710 1711 4306 
20111 2094 2001 1995 3710 
20112 1463 1462 1464 4276 
20113 2203 2204 3886 4604 
20114 2391 2372 2355 3659 
20115 90 91 898 3929 
20116 2492 2588 780 4371 
20117 1861 3838 1805 4354 
20118 1991 1981 1982 3763 
20119 414 4212 3701 4555 
20120 1986 2038 1990 3845 
20121 1038 4110 3185 4687 
20122 3690 4309 3447 4367 
20123 2537 2655 2645 4127 
20124 2808 2691 2809 4107 
20125 1135 1046 1043 4421 
20126 1448 1482 1466 3975 
20127 193 4425 194 4519 
20128 3361 4086 4438 4701 
20129 966 977 954 3829 
20130 3732 4557 4352 4736 
20131 2810 2756 2691 4107 
20132 2780 3791 2786 4627 
20133 1593 1565 1592 3769 
20134 3447 3687 4497 4577 
20135 3035 3272 2849 4663 
20136 4091 4248 3637 4262 
20137 1958 2117 741 4511 
20138 458 3835 457 4036 
20139 1915 711 234 1922 
20140 712 1915 233 1923 
20141 1599 1574 1598 4305 
20142 1946 2065 719 4096 
20143 1265 3891 402 4383 
20144 704 242 1918 1920 
20145 222 1 82 863 
20146 858 2951 2836 2994 
20147 3293 3916 4115 4404 
20148 2244 2298 2436 4079 
20149 2842 3041 846 2939 
20150 1926 248 1914 4236 
20151 3708 4572 4549 4592 
20152 1559 428 1480 3986 
20153 447 1403 1385 4671 
20154 2343 2140 2423 4196 
20155 3669 3869 4443 4479 
20156 120 1185 891 4109 
20157 1636 471 3919 4514 
20158 2500 2490 2534 3962 
20159 47 362 1566 430 
20160 1217 192 2143 4318 
20161 1043 1018 1042 4674 
20162 3321 3652 4212 4434 
20163 1472 1522 1528 3766 
20164 1675 1676 1677 4711 
20165 3168 3169 3173 4043 
20166 1949 3843 2044 4353 
20167 2620 2599 2613 4178 
20168 3437 4280 3909 4550 
20169 1353 479 4565 4566 
20170 2070 2099 2048 4268 
20171 2659 2588 781 2538 
20172 2511 2551 2485 4317 
20173 3375 4436 3770 4623 
20174 3295 3938 4176 4490 
20175 93 928 94 3961 
20176 443 1318 3739 4757 
20177 3328 4160 3677 4781 
20178 2312 2286 2423 4196 
20179 859 2951 2994 3001 
20180 236 4014 4101 4742 
20181 3752 3362 4174 4209 
20182 4110 4414 3982 4687 
20183 3173 4043 3169 4598 
20184 3936 3953 3528 4519 
20185 3892 4054 3531 4286 
20186 1043 1045 1044 4421 
20187 1817 1868 399 4399 
20188 2510 1759 1771 4602 
20189 457 4323 1772 4429 
20190 1240 388 4162 4530 
20191 3638 3337 4376 4634 
20192 3848 4073 3545 4722 
20193 3040 3046 3010 4121 
20194 2187 2186 2339 4604 
20195 2704 3727 488 4758 
20196 896 873 883 4155 
20197 2062 4439 4009 4440 
20198 3148 3225 3275 4444 
20199 1800 1879 1843 3701 
20200 2266 2265 2221 4753 
20201 1355 426 4601 4735 
20202 2485 784 3050 2551 
20203 199 198 4093 4691 
20204 3080 3944 4284 4480 
20205 2263 2261 2262 4522 
20206 2487 766 2543 2129 
20207 2791 2698 814 4613 
20208 1529 1554 1096 3881 
20209 3420 4455 3981 4716 
20210 2512 3925 2491 4602 
20211 2796 2793 2695 4082 
20212 1535 1508 1527 4438 
20213 1711 1703 1701 4091 
20214 126 913 905 1192 
20215 2478 4018 2365 4692 
20216 3168 1080 268 3048 
20217 1930 4101 709 4742 
20218 2604 2602 2605 4596 
20219 1816 1857 1808 3780 
20220 3083 3176 262 1097 
20221 1919 225 719 1921 
20222 2088 2081 1960 4679 
20223 2928 2872 2896 3869 
20224 915 894 870 3881 
20225 3339 4690 3780 4726 
20226 1725 3987 1724 4509 
20227 3175 3039 3210 4027 
20228 1491 1507 1510 4238 
20229 402 3891 403 4090 
20230 3747 4743 4613 4785 
20231 2015 2030 1964 3740 
20232 1802 1835 1829 4161 
20233 142 3909 4280 4550 
20234 1746 1672 1717 4046 
20235 3362 4209 3752 4504 
20236 720 224 1929 1921 
20237 235 236 1901 4742 
20238 1504 1539 1506 4701 
20239 1757 597 2482 2535 
20240 579 2145 1570 1605 
20241 1588 1567 1589 4150 
20242 391 374 1572 1604 
20243 2862 2916 2900 4292 
20244 2495 2586 2646 3999 
20245 3010 1792 627 3155 
20246 3110 3159 3108 4216 
20247 2123 750 2439 2109 
20248 478 493 1401 4596 
20249 3947 4373 3591 4694 
20250 381 380 1298 3816 
20251 459 3835 4122 4330 
20252 991 983 4025 4533 
20253 897 1114 870 4456 
20254 3208 4027 3175 4599 
20255 2598 359 2616 4752 
20256 2151 1198 2320 3943 
20257 811 2582 812 3895 
20258 1080 1105 1027 4255 
20259 1760 1724 1754 3987 
20260 2389 2348 2349 4348 
20261 308 2371 1149 2126 
20262 2172 2256 751 4265 
20263 3919 4658 3441 4766 
20264 2737 4136 2739 4478 
20265 966 949 977 3829 
20266 2022 4241 2014 4439 
20267 1805 335 1849 4354 
20268 3058 3060 3071 3924 
20269 2869 2876 2871 4053 
20270 1832 1878 1881 4102 
20271 3295 3959 4129 4669 
20272 3376 3625 4370 4689 
20273 489 2658 490 3917 
20274 452 1416 1385 4671 
20275 1586 1616 1575 4050 
20276 3739 4274 3946 4428 
20277 2511 2558 2513 4317 
20278 1207 1178 4251 4793 
20279 2240 2449 2250 4060 
20280 2354 2355 2451 4228 
20281 1264 4314 1238 4718 
20282 4011 4553 3726 4713 
20283 1248 1271 1259 4033 
20284 2331 2458 2328 4119 
20285 3506 4269 4070 4737 
20286 549 3241 1520 4258 
20287 964 947 963 3804 
20288 422 421 4150 4333 
20289 1452 1503 1550 3821 
20290 1964 1952 2001 3710 
20291 2590 2595 2594 4166 
20292 4069 4187 3397 4712 
20293 856 2846 2997 2992 
20294 1381 3927 1422 4357 
20295 1201 1218 1155 4499 
20296 3695 4392 3488 4544 
20297 1506 1516 1540 4069 
20298 2039 2060 2097 3812 
20299 1157 4089 1193 4684 
20300 1580 1581 1582 4426 
20301 1713 1641 1781 4659 
20302 4744 4783 4251 4793 
20303 1771 1788 4077 4602 
20304 3002 2995 1025 4003 
20305 2006 1994 1998 3990 
20306 3349 3870 4230 4336 
20307 1016 3187 265 1088 
20308 1571 367 403 1622 
20309 2898 2934 2935 3967 
20310 1732 1733 4733 4756 
20311 420 419 3872 4044 
20312 2394 2144 2386 4759 
20313 3297 4655 4001 4739 
20314 2309 2310 2196 4502 
20315 3297 4503 3860 4552 
20316 2512 2535 2491 3925 
20317 2048 2091 2070 4268 
20318 1246 3816 380 4639 
20319 3852 4636 4079 4697 
20320 1717 1672 1670 4046 
20321 3375 4394 3756 4623 
20322 393 4156 392 4560 
20323 2150 2372 305 1186 
20324 1270 1253 3930 4639 
20325 1026 1079 283 3092 
20326 2250 2239 2240 4339 
20327 1983 1984 1976 4304 
20328 1231 1233 1228 3868 
20329 2531 4457 3847 4740 
20330 1386 1409 458 4616 
20331 2106 2120 2114 4511 
20332 2520 4470 3782 4686 
20333 2374 1197 1146 4197 
20334 1833 2421 3861 4790 
20335 2337 2174 2125 4184 
20336 3747 4424 814 4743 
20337 263 3176 1109 1022 
20338 4150 4333 421 4782 
20339 410 4336 3513 4395 
20340 3289 4298 4269 4737 
20341 787 2480 3012 4061 
20342 2205 2181 2206 4767 
20343 645 2396 2128 1811 
20344 4352 4557 3422 4736 
20345 3199 3102 3158 4303 
20346 1562 4086 1440 4521 
20347 2434 760 2590 2641 
20348 3059 4378 3058 4777 
20349 3205 3088 3264 4372 
20350 4075 4370 386 4734 
20351 1094 3180 3064 4313 
20352 83 914 868 3813 
20353 3379 4277 3799 4529 
20354 1874 1855 2323 4788 
20355 1513 1479 1475 3805 
20356 2152 637 1801 2416 
20357 2371 2267 2362 4207 
20358 3982 4414 3483 4687 
20359 1493 1505 1504 4701 
20360 1698 1637 1786 3736 
20361 3636 3287 4481 4601 
20362 1770 627 1792 4410 
20363 211 28 3077 3272 
20364 2227 2245 2229 4160 
20365 99 100 4310 4471 
20366 2537 2566 2481 4127 
20367 99 4310 3811 4471 
20368 3489 4724 3904 4763 
20369 3286 4138 3885 4382 
20370 2298 2242 2347 4636 
20371 418 417 1287 4715 
20372 1497 1543 1542 4483 
20373 1388 56 1387 810 
20374 3662 3863 4589 4681 
20375 444 443 3739 4279 
20376 2351 2246 2220 4004 
20377 3466 4224 4455 4716 
20378 1963 2089 1965 4501 
20379 3900 3534 4651 4747 
20380 3178 3070 4116 4605 
20381 2888 2887 2885 4466 
20382 3460 3895 4407 4704 
20383 3085 1024 1106 4231 
20384 549 3038 3241 4258 
20385 241 1924 705 1918 
20386 1148 120 880 4109 
20387 1759 1645 1708 4602 
20388 2616 4337 2596 4752 
20389 3300 4157 3988 4479 
20390 1544 1444 3997 4452 
20391 3059 3086 3061 4378 
20392 1942 3457 246 4700 
20393 1586 1618 1613 4612 
20394 1562 1535 1517 4086 
20395 1571 3891 1265 4383 
20396 394 393 3665 4156 
20397 3154 3029 2695 829 
20398 101 3909 102 4430 
20399 3530 4350 3673 4360 
20400 466 1345 408 3695 
20401 812 811 3895 4189 
20402 4178 4281 3872 4752 
20403 147 930 97 4394 
20404 4090 4095 3283 4560 
20405 481 4190 4358 4481 
20406 2026 2032 1983 4169 
20407 194 4425 875 4519 
20408 3239 3145 3236 4205 
20409 3609 4765 4320 4795 
20410 2804 52 514 2699 
20411 451 3965 1397 4603 
20412 3150 3073 3821 4583 
20413 2105 2256 752 4194 
20414 1958 2109 2117 4511 
20415 1754 3201 1638 608 
20416 239 4597 4377 4713 
20417 3375 4223 3770 4436 
20418 780 2539 2492 4371 
20419 211 28 3272 2986 
20420 2297 2292 2344 4296 
20421 3219 3083 3261 3775 
20422 3975 4247 323 4717 
20423 3908 4244 3451 4661 
20424 2050 731 2404 2382 
20425 3020 3139 3229 4134 
20426 3340 4339 3948 4702 
20427 810 2640 2666 4446 
20428 3077 211 3272 4663 
20429 2216 2218 2219 4202 
20430 2577 2534 2557 3962 
20431 3089 3145 3090 3815 
20432 1803 1255 333 1842 
20433 1130 1015 1074 4521 
20434 2877 2873 2895 4008 
20435 2373 2357 2273 4379 
20436 237 1938 1902 4101 
20437 3769 4543 1593 4761 
20438 3394 4308 4056 4554 
20439 2838 2978 2979 4117 
20440 211 2986 3272 4663 
20441 3173 4598 3169 4599 
20442 4732 4746 3327 4765 
20443 1809 1845 1825 3876 
20444 1738 1795 1737 3865 
20445 2982 2848 2935 4288 
20446 3444 4218 3886 4680 
20447 630 1813 629 3755 
20448 463 4779 3676 4795 
20449 1597 1576 1609 3922 
20450 3689 4271 3403 4501 
20451 3835 4616 3384 4646 
20452 3160 3026 3159 3737 
20453 1153 1181 1183 4656 
20454 207 3970 200 4287 
20455 725 724 2011 3968 
20456 977 4319 3829 4533 
20457 2629 2674 2645 4127 
20458 2701 3985 2815 4720 
20459 1754 3212 3201 608 
20460 621 4323 1377 4691 
20461 3187 3045 265 1088 
20462 402 4383 3891 4610 
20463 149 962 969 4398 
20464 2621 2620 2613 3983 
20465 3515 4029 3772 4696 
20466 772 2660 2556 2646 
20467 619 1776 3163 3097 
20468 3471 4358 3731 4534 
20469 4297 4527 3958 4784 
20470 3568 4174 4005 4590 
20471 3289 4153 3761 4737 
20472 488 3889 487 4565 
20473 3345 4025 3855 4533 
20474 483 4481 1363 4601 
20475 206 2982 207 4288 
20476 1997 2059 2076 4173 
20477 402 4090 1322 4330 
20478 525 1652 456 4429 
20479 2048 2099 2047 4268 
20480 2284 2283 4041 4698 
20481 3351 4543 3769 4761 
20482 4108 4349 3288 4762 
20483 2046 3914 2057 4491 
20484 1480 3991 1474 4760 
20485 3186 3194 3053 3982 
20486 2121 4290 4045 4482 
20487 3137 4259 3170 4577 
20488 376 1581 1291 1615 
20489 2849 3272 2986 4663 
20490 83 863 221 4375 
20491 3167 3161 3216 4627 
20492 3064 3180 3181 4313 
20493 4046 4308 3394 4554 
20494 1961 2048 2047 4268 
20495 3622 3594 4612 4624 
20496 2951 859 2961 3001 
20497 1731 1730 1783 4059 
20498 3668 4615 4182 4698 
20499 3459 4666 3762 4755 
20500 3046 3066 3155 4121 
20501 149 4398 148 4623 
20502 2585 4424 2634 4743 
20503 3856 4226 3569 4785 
20504 1985 2057 2046 3914 
20505 2320 3943 4318 4515 
20506 3166 3022 3149 3759 
20507 2377 3806 3887 4680 
20508 1918 704 705 3910 
20509 2991 3002 258 1020 
20510 2607 2625 2624 4537 
20511 3789 4334 3321 4362 
20512 2512 2545 2535 3925 
20513 2387 2479 2332 4253 
20514 2939 2949 2919 3921 
20515 2942 186 974 2845 
20516 3364 4040 3943 4499 
20517 3337 3837 4376 4651 
20518 1106 3085 281 1024 
20519 1963 4291 1948 4482 
20520 3588 3923 4493 4770 
20521 2993 2999 255 1113 
20522 1203 1148 1226 4109 
20523 1253 1252 43 576 
20524 3140 3226 3075 3814 
20525 2701 4189 3985 4720 
20526 2983 999 2962 4725 
20527 2265 2273 2222 4753 
20528 1643 1752 603 3034 
20529 1277 3870 410 4525 
20530 3364 4079 4636 4697 
20531 2096 2076 2013 4241 
20532 2115 2114 2105 4265 
20533 2519 2520 2522 4470 
20534 1075 1022 1077 3980 
20535 3327 4732 3717 4746 
20536 3393 4305 3797 4628 
20537 1571 1610 1632 4383 
20538 1761 1755 1699 4514 
20539 1461 1499 1489 4786 
20540 3034 3102 3199 4303 
20541 1964 1963 2077 4045 
20542 1862 1876 1812 3823 
20543 495 494 2664 2640 
20544 1019 1110 1091 4069 
20545 2907 2974 2840 4159 
20546 2390 2240 2248 3904 
20547 3179 3178 3274 4605 
20548 2248 2348 2389 4204 
20549 2732 2730 2733 4222 
20550 2866 2920 2899 4381 
20551 1815 1874 4184 4788 
20552 1403 448 1396 3998 
20553 3407 4494 4022 4542 
20554 210 209 2844 4307 
20555 3083 3219 3132 3775 
20556 2233 2232 2231 4038 
20557 1956 2155 2383 4664 
20558 2598 4178 357 4752 
20559 987 995 2957 4485 
20560 1764 4130 1753 4696 
20561 3173 4043 4598 4599 
20562 1143 887 877 3993 
20563 3383 4538 4109 4699 
20564 441 1419 440 4316 
20565 1948 2118 1963 4482 
20566 152 4158 3660 4506 
20567 641 1847 2418 2410 
20568 3651 3376 4396 4689 
20569 1383 1406 454 4463 
20570 3700 3410 4181 4611 
20571 2999 1071 255 1113 
20572 2427 2254 2365 4692 
20573 1453 1529 1525 3881 
20574 440 439 1308 4649 
20575 3520 4556 3704 4568 
20576 2197 2331 2401 4573 
20577 814 4424 2585 4743 
20578 3291 3947 4458 4694 
20579 1743 1742 1740 4433 
20580 2061 3843 2098 4631 
20581 1477 1455 1457 4015 
20582 2690 2814 1397 3965 
20583 1037 1103 229 4570 
20584 1636 1657 1658 3919 
20585 1166 4251 1178 4744 
20586 3373 4331 3778 4673 
20587 1728 4279 1727 4681 
20588 220 219 1041 3813 
20589 394 1281 395 3725 
20590 2935 2934 2837 3967 
20591 2484 2554 2525 3779 
20592 185 974 955 2942 
20593 2470 2265 2267 4753 
20594 506 1397 1374 2690 
20595 3489 4068 4724 4763 
20596 3646 4396 3376 4689 
20597 131 867 132 3777 
20598 3358 4195 3902 4486 
20599 106 6 3868 4684 
20600 2933 2871 2876 4787 
20601 2801 2785 3748 4720 
20602 2403 2465 2376 3806 
20603 1667 1718 1688 4270 
20604 2436 2298 2171 4515 
20605 1641 3141 1781 4659 
20606 869 103 899 4345 
20607 534 1639 1767 1415 
20608 2832 2977 959 4052 
20609 2091 1954 2016 3692 
20610 423 4481 4333 4735 
20611 3192 2841 836 2963 
20612 2483 2547 2526 3989 
20613 2950 2992 857 2836 
20614 378 376 1581 1291 
20615 632 1808 2163 4788 
20616 1377 1772 457 4323 
20617 3106 3107 3108 4791 
20618 1962 2063 700 4030 
20619 873 114 900 1179 
20620 1945 730 2382 2133 
20621 4173 4416 3414 4748 
20622 2842 2939 2919 3921 
20623 3570 4295 3956 4359 
20624 3847 4029 3515 4696 
20625 2524 4470 2520 4686 
20626 634 2142 2375 4369 
20627 928 3961 93 4506 
20628 2283 2285 2284 4041 
20629 3246 3189 3171 4259 
20630 237 4101 236 4477 
20631 1113 256 2993 1025 
20632 102 3679 4345 4430 
20633 3203 3133 3062 4139 
20634 1069 243 4028 4794 
20635 2782 2773 2787 3754 
20636 3002 1087 258 1020 
20637 3549 4022 4494 4542 
20638 369 392 45 1627 
20639 3489 3904 4642 4763 
20640 2221 2265 2222 4753 
20641 2576 2505 2509 4218 
20642 1285 1254 410 4525 
20643 672 1906 241 1918 
20644 1090 979 163 1034 
20645 1238 415 1255 4235 
20646 2366 2455 2329 3997 
20647 2265 2470 2273 4753 
20648 1146 2200 2374 4197 
20649 1214 1191 1190 4379 
20650 1110 4069 1085 4521 
20651 723 2067 1961 3848 
20652 3074 1038 1132 4110 
20653 2129 2392 2487 767 
20654 4182 4615 4041 4698 
20655 3844 4344 3445 4629 
20656 3751 3930 4639 4714 
20657 2714 2716 2715 4325 
20658 3902 4195 3358 4524 
20659 472 1423 471 3919 
20660 1847 641 1810 2410 
20661 3082 3137 3136 4252 
20662 2255 2252 2251 4047 
20663 3609 4145 4765 4795 
20664 974 968 971 4032 
20665 3424 3632 4643 4657 
20666 3804 4238 1537 4712 
20667 1173 1174 1172 4538 
20668 1388 1435 56 810 
20669 3246 4259 3137 4577 
20670 1036 1097 1078 3775 
20671 1022 262 3176 1097 
20672 3910 4286 3358 4486 
20673 1619 4543 3820 4761 
20674 3372 3817 4503 4676 
20675 2368 2397 1605 580 
20676 3149 3150 3166 4705 
20677 340 1846 1259 1267 
20678 1618 1586 1575 4050 
20679 2332 2254 2427 3824 
20680 1022 3980 1075 4547 
20681 2192 2190 2334 4294 
20682 218 1029 219 3908 
20683 2095 2025 2042 4420 
20684 3133 4066 3240 4417 
20685 547 3165 1441 3023 
20686 1944 2062 4009 4440 
20687 944 161 160 432 
20688 323 133 132 944 
20689 3139 3207 3096 4609 
20690 1725 1754 1724 3987 
20691 3203 3227 3087 4139 
20692 4095 4156 3283 4560 
20693 1817 398 345 1859 
20694 2786 3216 2692 4627 
20695 4097 3578 4311 4382 
20696 1800 1864 413 1288 
20697 3947 4458 3591 4708 
20698 2302 2271 2209 3928 
20699 1036 1517 291 1534 
20700 1645 1757 1796 4740 
20701 3692 4460 3533 4708 
20702 1732 1733 1736 4733 
20703 916 887 96 3993 
20704 3196 3051 3179 3996 
20705 579 2145 1605 2368 
20706 2828 847 3041 2939 
20707 3407 4219 3863 4494 
20708 3340 3948 4656 4702 
20709 3058 3059 3060 4378 
20710 1859 398 344 1799 
20711 403 4090 3891 4647 
20712 3418 3700 4181 4728 
20713 2467 2208 4630 4736 
20714 4427 4445 3449 4487 
20715 2968 2903 2971 4524 
20716 2077 2118 746 4045 
20717 1394 1402 445 4114 
20718 1797 1652 4429 4528 
20719 2511 2510 4077 4602 
20720 221 4375 3545 4527 
20721 982 955 965 3880 
20722 2697 3950 2827 4386 
20723 2261 2191 2262 3898 
20724 1382 480 481 4358 
20725 1566 362 1612 430 
20726 1730 1782 1644 4114 
20727 2752 3920 2811 4315 
20728 2153 2301 2418 4619 
20729 1829 1831 1828 4161 
20730 1580 1611 1579 4361 
20731 1436 549 1520 4258 
20732 3187 1016 264 4149 
20733 2320 4318 2171 4515 
20734 2346 2452 3948 4702 
20735 787 2542 2480 4061 
20736 402 403 1322 4090 
20737 1245 1849 335 4354 
20738 3052 270 1035 3209 
20739 2544 2543 2555 3831 
20740 3450 3854 4609 4774 
20741 383 441 1320 4428 
20742 394 1327 393 4156 
20743 2015 1964 2001 3740 
20744 1455 161 431 4015 
20745 2445 2249 4364 4365 
20746 872 903 912 3953 
20747 3132 3267 3176 3980 
20748 871 895 872 3825 
20749 948 985 994 3976 
20750 1514 1441 1515 3903 
20751 1862 1846 1830 4075 
20752 3295 4490 4176 4637 
20753 2950 2836 2967 4741 
20754 3765 4668 3656 4766 
20755 2638 2612 2615 4328 
20756 28 211 3077 3018 
20757 1710 4306 1662 4658 
20758 6 923 87 4683 
20759 3022 3154 3153 3760 
20760 2458 2331 2363 4119 
20761 146 147 967 4067 
20762 1074 4086 1141 4547 
20763 2955 2834 2927 4208 
20764 2686 2585 814 4424 
20765 990 967 959 4052 
20766 3847 3392 4531 4740 
20767 1993 2044 2061 4678 
20768 348 1258 2565 1299 
20769 417 475 1351 4048 
20770 754 2103 2139 3928 
20771 83 220 2 1111 
20772 621 1791 1377 4323 
20773 2646 2669 2661 4730 
20774 2169 2429 2422 4366 
20775 1210 125 902 1147 
20776 2590 2447 2434 4166 
20777 3185 1038 3074 4110 
20778 2559 2528 2480 4620 
20779 3445 4322 3693 4353 
20780 478 1401 477 4063 
20781 3958 4297 3545 4527 
20782 468 1389 1420 4130 
20783 1253 43 1300 576 
20784 991 983 964 4025 
20785 420 3872 419 4752 
20786 3336 4267 3647 4738 
20787 3474 4234 3861 4619 
20788 1462 1459 1496 4300 
20789 1487 1461 1488 4770 
20790 1178 1166 1207 4251 
20791 1637 1785 1731 4473 
20792 1747 1702 1705 4531 
20793 2436 2387 2319 4526 
20794 3420 3981 4490 4716 
20795 3063 3197 3242 4208 
20796 2155 1956 2049 4664 
20797 3835 4330 459 4646 
20798 2301 2296 2300 4376 
20799 236 1930 1901 4742 
20800 687 226 1892 1919 
20801 1351 475 474 4048 
20802 2687 2644 793 576 
20803 2737 2740 2777 4136 
20804 1105 1062 1122 4255 
20805 1705 1703 1706 4002 
20806 2061 2044 1949 3843 
20807 204 627 626 4121 
20808 2921 2838 2977 4117 
20809 102 4345 3679 4550 
20810 1820 1798 1856 4221 
20811 2085 2052 4431 4763 
20812 2372 2127 304 1156 
20813 3129 3257 3233 3792 
20814 1943 722 723 3545 
20815 1745 4084 1694 4733 
20816 1399 1419 1414 4316 
20817 2153 2421 2425 3861 
20818 3283 4122 3835 4330 
20819 2111 2121 2122 4290 
20820 2874 2873 2877 4008 
20821 3376 4162 4075 4370 
20822 95 149 3770 3890 
20823 1717 1670 1692 4308 
20824 2970 2988 2844 3864 
20825 125 905 902 1147 
20826 2384 1944 2024 4009 
20827 2343 2290 2297 4177 
20828 3248 2648 807 4496 
20829 2760 2796 2762 4453 
20830 4024 4338 3580 4655 
20831 1793 1769 2567 4130 
20832 626 203 204 4121 
20833 1392 1397 451 3965 
20834 14 138 960 3644 
20835 1542 1443 1498 3950 
20836 2236 2231 2352 4112 
20837 2413 2362 2451 3767 
20838 459 3810 1386 4616 
20839 2153 2425 2301 4619 
20840 2108 3928 2271 4462 
20841 3673 3530 4360 4693 
20842 3575 4032 3893 4670 
20843 1714 1692 1668 4056 
20844 405 1263 1258 4508 
20845 1505 1535 1562 4438 
20846 2428 2641 2134 4058 
20847 3646 3376 4634 4689 
20848 3318 4468 3889 4483 
20849 3727 3889 4468 4483 
20850 1168 3984 1154 4650 
20851 1256 424 1286 3827 
20852 2590 2593 2447 4166 
20853 3502 4407 4189 4704 
20854 1392 1374 1397 3965 
20855 1243 1868 630 1242 
20856 1680 4168 1729 4775 
20857 2260 2335 2334 3899 
20858 3812 4348 3503 4431 
20859 1405 1422 1376 4357 
20860 2058 4009 2062 4439 
20861 2335 2437 2158 3820 
20862 958 986 967 4117 
20863 1101 1528 287 1445 
20864 3399 4176 3938 4451 
20865 83 868 4 3813 
20866 473 474 1373 3934 
20867 2445 2124 4009 4440 
20868 2798 831 3166 3022 
20869 102 940 142 3909 
20870 1068 3180 1094 4313 
20871 3672 4352 3422 4736 
20872 2946 2924 2923 4027 
20873 3962 4412 3443 4795 
20874 1249 1246 1287 3802 
20875 142 941 102 4550 
20876 3449 4445 4259 4487 
20877 2697 557 1521 4386 
20878 2640 2636 2666 4446 
20879 1029 3908 218 4244 
20880 3803 3362 4209 4590 
20881 1521 557 1439 4386 
20882 2607 2604 2606 4537 
20883 715 716 4322 4353 
20884 1660 1710 1662 4658 
20885 575 2687 576 4507 
20886 1436 3038 549 4258 
20887 883 900 876 3884 
20888 1738 1697 1797 3865 
20889 3889 4468 3731 4758 
20890 403 4560 4090 4647 
20891 2758 2711 2759 4242 
20892 4014 4101 3347 4477 
20893 96 925 148 3770 
20894 876 900 115 1150 
20895 1594 1571 1632 3891 
20896 3177 3070 1093 4116 
20897 2777 2739 2737 4136 
20898 421 1607 364 4150 
20899 2905 2953 2904 4445 
20900 326 325 1256 3733 
20901 1461 1489 1488 3923 
20902 1348 4044 419 4448 
20903 3184 3242 3085 4231 
20904 2369 2420 4040 4251 
20905 2957 2843 2909 4485 
20906 238 1030 4377 4414 
20907 2629 4127 2675 4461 
20908 2867 2922 2869 4591 
20909 852 2849 2947 3035 
20910 754 2139 2271 3928 
20911 1255 1279 1238 3654 
20912 2783 3131 825 4128 
20913 3030 3031 3014 4226 
20914 1492 1495 1523 4498 
20915 2194 2395 2276 4000 
20916 4004 4364 3634 4750 
20917 2181 2167 2400 4133 
20918 3151 3883 3059 4777 
20919 1653 2482 1757 596 
20920 1533 565 2363 1447 
20921 2899 2916 2864 4381 
20922 1381 1433 1384 3927 
20923 1391 1421 482 4691 
20924 1515 1441 1478 3903 
20925 3294 3905 4584 4629 
20926 206 1009 199 4287 
20927 1260 421 364 4150 
20928 2123 2105 2120 4265 
20929 3203 3033 3227 3779 
20930 2834 2954 2927 4208 
20931 1698 1696 1785 4653 
20932 2347 2241 4040 4636 
20933 1736 1648 1751 4165 
20934 3834 4572 3303 4774 
20935 245 13 246 921 
20936 3384 4289 4129 4652 
20937 120 891 880 4109 
20938 2093 3846 1953 4706 
20939 3626 4028 4505 4580 
20940 1868 630 39 1243 
20941 2260 2334 2190 3899 
20942 2056 2004 4420 4491 
20943 1357 422 423 4333 
20944 970 975 176 2831 
20945 3220 3212 3117 3987 
20946 1826 1866 1824 4434 
20947 870 879 897 4456 
20948 1270 1237 1253 4639 
20949 1785 1696 1735 4473 
20950 1246 1298 380 3816 
20951 392 369 1564 1627 
20952 3291 4458 3947 4608 
20953 3695 4633 3488 4769 
20954 2786 3167 3216 4627 
20955 2098 2061 1949 3843 
20956 1394 1375 1406 4059 
20957 3461 4492 3659 4650 
20958 1445 1516 288 4069 
20959 962 973 178 2973 
20960 144 145 965 4229 
20961 2891 2892 2958 4213 
20962 50 1329 450 4095 
20963 1102 1471 213 1096 
20964 2588 2492 781 2538 
20965 1773 1642 3236 4205 
20966 589 1623 2158 1573 
20967 3906 4411 3595 4786 
20968 3389 4251 4783 4793 
20969 1439 1501 1561 4386 
20970 3901 4042 3374 4589 
20971 3391 4042 3901 4589 
20972 2544 2561 2576 4260 
20973 952 961 976 3766 
20974 142 971 3893 4768 
20975 1503 559 2803 2703 
20976 2597 2596 4281 4752 
20977 2797 555 1531 1443 
20978 3125 3995 3141 4659 
20979 2495 773 2586 2560 
20980 486 1360 487 4600 
20981 1130 1110 1085 4521 
20982 3403 4291 3689 4501 
20983 3039 2940 2946 4027 
20984 2603 2604 4537 4596 
20985 3404 4608 3947 4750 
20986 2787 2773 2789 4571 
20987 3341 3709 4454 4695 
20988 3429 3722 4513 4545 
20989 2642 3202 804 2589 
20990 3514 4667 4466 4674 
20991 1878 1832 1863 4102 
20992 2165 2474 2455 4452 
20993 3370 4615 3668 4698 
20994 479 514 52 2699 
20995 2035 2081 2036 4679 
20996 1847 2153 2418 4619 
20997 1561 4386 1501 4707 
20998 1395 1379 512 2808 
20999 3402 4137 4597 4713 
21000 3452 3885 4138 4382 
21001 1994 1997 1998 3990 
21002 1521 1498 3950 4386 
21003 1855 1808 632 4788 
21004 1419 4316 4607 4638 
21005 3031 3030 3032 4226 
21006 1781 1641 616 3141 
21007 825 3131 3213 4128 
21008 239 238 4137 4597 
21009 2830 2908 2965 3902 
21010 3847 4457 3392 4740 
21011 1437 1456 1455 4015 
21012 3348 4639 3930 4714 
21013 2002 2033 2053 4220 
21014 2599 357 2598 4178 
21015 3016 610 1760 1647 
21016 1600 4305 1599 4628 
21017 3250 3050 784 2551 
21018 209 2970 2844 3864 
21019 2291 2290 2289 4396 
21020 2770 2816 2690 3998 
21021 3126 3071 3125 4520 
21022 3701 4212 3321 4555 
21023 2925 2964 2893 4580 
21024 702 4356 2073 4771 
21025 2665 814 2585 4743 
21026 3421 4406 4211 4603 
21027 3911 4195 3531 4486 
21028 204 4121 203 4415 
21029 2342 2294 2341 4754 
21030 2762 2796 2763 4453 
21031 2991 2994 2996 4256 
21032 243 1920 1908 4390 
21033 1798 2359 648 2149 
21034 470 1346 412 3926 
21035 3632 4257 4125 4657 
21036 3437 4073 3848 4722 
21037 1671 1669 1670 4554 
21038 2619 2664 494 2640 
21039 1546 2795 1439 558 
21040 2205 2338 2182 4340 
21041 1892 227 1925 4295 
21042 2653 354 355 3999 
21043 2137 218 30 2173 
21044 2581 2674 2658 3917 
21045 2739 4272 2742 4478 
21046 423 4198 1247 4778 
21047 148 4394 3770 4623 
21048 1645 1796 1708 3925 
21049 454 453 4020 4463 
21050 778 2655 2537 2481 
21051 3398 3742 4386 4707 
21052 3947 4458 3533 4608 
21053 1777 1432 1780 4279 
21054 1507 4238 4187 4712 
21055 1329 4095 45 4560 
21056 2239 2345 2247 4339 
21057 2620 356 2599 4178 
21058 2801 2785 2706 3748 
21059 1056 4464 3688 4662 
21060 1295 1803 334 1849 
21061 1915 711 712 3879 
21062 2193 2329 2454 3964 
21063 3399 3842 4167 4567 
21064 1192 905 126 1147 
21065 232 1923 1931 713 
21066 1516 1085 4069 4521 
21067 2299 30 218 2173 
21068 1620 1564 1634 3788 
21069 1393 1434 522 2490 
21070 2346 3948 2345 4702 
21071 2655 2537 2645 777 
21072 2549 2435 2177 764 
21073 3357 3736 4463 4473 
21074 2055 2049 1956 4664 
21075 468 1412 1389 4130 
21076 3618 4306 3738 4673 
21077 3738 4306 3373 4673 
21078 1787 1772 1655 4429 
21079 119 880 1208 1148 
21080 1566 4214 1584 4612 
21081 2726 2720 2725 4224 
21082 2459 2346 302 1145 
21083 1995 2001 1952 3710 
21084 525 1772 1652 4429 
21085 1027 1122 1082 4255 
21086 4068 4267 3489 4738 
21087 2521 2518 2523 4154 
21088 247 106 246 1120 
21089 270 1127 1035 3209 
21090 239 1048 240 4377 
21091 3287 4565 3889 4566 
21092 3751 4639 3348 4714 
21093 1699 1658 1662 4658 
21094 2151 2347 2420 4040 
21095 597 1757 1645 2535 
21096 953 963 961 4319 
21097 1277 410 1254 4525 
21098 1460 1458 1459 3978 
21099 832 2700 3218 2781 
21100 380 438 1317 3771 
21101 1769 2497 2567 4130 
21102 3356 4119 3805 4760 
21103 3557 4466 4667 4674 
21104 1275 430 429 4214 
21105 1408 1382 459 3810 
21106 2178 2175 2264 3773 
21107 153 91 3627 4158 
21108 1078 1022 1075 4547 
21109 4106 4393 3408 4677 
21110 1654 1771 1788 4077 
21111 1784 1731 1783 4059 
21112 1772 4323 1655 4429 
21113 1174 1226 1148 4538 
21114 1715 1765 4607 4638 
21115 3603 4252 4480 4606 
21116 257 1025 1087 3002 
21117 535 1767 1765 4607 
21118 1494 1519 1495 3906 
21119 611 3235 1766 1647 
21120 3059 3151 3086 3883 
21121 1497 1498 1465 3794 
21122 1444 2165 3997 4452 
21123 460 461 1400 3920 
21124 1363 4601 4481 4735 
21125 1529 1453 1554 3881 
21126 722 721 1954 4722 
21127 1091 1110 1059 4632 
21128 1025 1138 1087 4003 
21129 1573 1619 1631 3820 
21130 848 2946 2828 3190 
21131 1713 1649 1778 3995 
21132 3303 4546 3834 4774 
21133 2093 713 1953 3846 
21134 1023 1063 1062 4367 
21135 2967 2931 2930 4672 
21136 1081 3076 280 1106 
21137 3062 804 3202 2589 
21138 3942 4582 3971 4675 
21139 1640 1430 536 4638 
21140 114 873 1175 1179 
21141 1236 2450 317 1227 
21142 2115 2122 2113 4065 
21143 2417 4060 2318 4710 
21144 3063 3242 3234 4208 
21145 2112 2102 744 1948 
21146 1406 4387 1416 4463 
21147 2464 2313 2282 4698 
21148 416 415 4235 4719 
21149 870 894 879 3881 
21150 2320 3943 1198 4318 
21151 1408 1400 1379 4107 
21152 870 85 1031 1114 
21153 1259 1271 1240 4530 
21154 3729 4320 3676 4779 
21155 2333 2183 2185 4245 
21156 951 981 141 4239 
21157 1585 1586 1584 4612 
21158 1611 1580 1570 4361 
21159 2081 2031 1960 4237 
21160 1930 710 1922 4742 
21161 2308 4334 2195 4563 
21162 2957 2964 2830 4485 
21163 1777 1728 1639 4595 
21164 1661 4668 3765 4766 
21165 592 1616 1585 2367 
21166 130 10 194 1003 
21167 3429 3966 4070 4737 
21168 1431 449 2696 503 
21169 3110 3109 3111 4548 
21170 2490 2557 2534 3962 
21171 2646 2586 2669 3999 
21172 454 453 1332 4020 
21173 2646 2556 772 2495 
21174 1731 1687 1730 4775 
21175 547 3165 1518 1441 
21176 3190 848 2946 3039 
21177 2687 2587 2644 576 
21178 2056 2004 2095 4420 
21179 1578 1530 1583 562 
21180 2909 4505 2894 4580 
21181 387 4075 4162 4370 
21182 403 45 4560 4647 
21183 3985 4189 3372 4720 
21184 1650 1764 1753 4696 
21185 2209 2271 2139 3928 
21186 3351 3820 4543 4761 
21187 341 1812 1865 1259 
21188 2198 2276 4244 4661 
21189 1846 1812 340 1259 
21190 957 205 158 4363 
21191 359 2598 358 4752 
21192 3531 3911 4486 4771 
21193 731 2404 2017 2050 
21194 1924 241 1906 1918 
21195 4085 4153 3289 4578 
21196 3568 4209 4174 4590 
21197 223 1116 1066 3718 
21198 1716 1767 1774 4607 
21199 1146 1212 1225 4197 
21200 3170 3137 3246 4259 
21201 1906 672 1924 1918 
21202 1892 1925 687 1919 
21203 1122 1082 4255 4497 
21204 224 4299 225 4532 
21205 2322 2308 2396 3876 
21206 545 3164 1514 1452 
21207 431 161 432 4015 
21208 3323 4199 3797 4622 
21209 1639 534 442 1415 
21210 3636 4358 4481 4566 
21211 2195 2308 2307 4334 
21212 1279 1238 3654 4718 
21213 3420 3784 4451 4490 
21214 3429 4545 3761 4737 
21215 979 952 163 1034 
21216 815 4613 814 4743 
21217 3386 3865 4129 4669 
21218 1529 213 1471 1096 
21219 3286 4311 4138 4382 
21220 1544 1444 1538 3997 
21221 2947 852 3035 3189 
21222 2189 2428 2583 758 
21223 2769 2733 2768 4581 
21224 49 1426 2784 4393 
21225 1592 1596 1595 4285 
21226 2196 2195 2307 4334 
21227 1258 406 405 4508 
21228 2022 2014 2023 4439 
21229 3127 3125 3072 4520 
21230 2424 2373 2273 4379 
21231 2817 505 1374 2690 
21232 1623 1575 590 4278 
21233 3253 3017 3130 3754 
21234 2311 2429 2169 4366 
21235 632 2163 2323 4788 
21236 2272 2264 2175 4236 
21237 3537 4293 4185 4584 
21238 3479 3970 3776 4476 
21239 3252 3182 3085 4335 
21240 3283 4036 4020 4644 
21241 3121 3106 3108 4216 
21242 1168 1170 1220 4650 
21243 3867 4513 3722 4545 
21244 2665 2685 814 4743 
21245 785 2485 3050 3266 
21246 2277 2323 2163 4788 
21247 975 980 175 2968 
21248 788 3211 2484 2542 
21249 2805 2794 2705 3792 
21250 2382 2050 730 1945 
21251 2846 2997 3000 855 
21252 2555 2536 2544 4260 
21253 2832 969 180 2975 
21254 2541 2528 2558 4620 
21255 2190 2192 2176 4294 
21256 3162 3118 3115 4467 
21257 3924 4147 3520 4568 
21258 3080 3099 3098 3944 
21259 124 902 898 1210 
21260 235 4014 236 4742 
21261 3559 4277 4051 4570 
21262 2598 2616 2596 4752 
21263 724 4297 3666 4784 
21264 3928 4462 2108 4539 
21265 1659 1660 4658 4766 
21266 2235 2226 2228 4217 
21267 396 397 4021 4764 
21268 3385 3751 4426 4540 
21269 3047 3274 3198 3798 
21270 531 1432 444 1780 
21271 1777 443 1432 4279 
21272 3381 4476 3888 4585 
21273 2320 2171 2298 4515 
21274 1165 4499 1201 4744 
21275 1173 4538 3767 4699 
21276 103 4142 4073 4550 
21277 1397 2813 450 4603 
21278 813 2668 2585 4424 
21279 2077 2107 1952 4045 
21280 2330 2328 2192 3897 
21281 753 2139 2103 2119 
21282 102 941 103 4550 
21283 720 719 2065 4096 
21284 3555 3842 4167 4756 
21285 1539 1562 1440 4521 
21286 2629 2655 2675 4127 
21287 1151 124 898 1210 
21288 2064 704 703 4771 
21289 2560 2495 2501 3999 
21290 1568 1621 1635 3913 
21291 1883 249 31 2398 
21292 1144 113 892 1175 
21293 2794 2780 2745 4144 
21294 100 101 896 3969 
21295 2441 2251 2164 3942 
21296 2752 2725 2722 4243 
21297 1280 336 1835 1805 
21298 2516 2530 2514 4074 
21299 1679 1677 1678 4711 
21300 3510 3971 4582 4675 
21301 2695 2798 3022 830 
21302 2494 1299 2565 4508 
21303 1294 1244 1273 4383 
21304 2785 2819 2784 4393 
21305 3506 4070 3966 4737 
21306 99 935 100 4471 
21307 558 1546 2795 2703 
21308 447 448 1403 4423 
21309 888 893 92 3984 
21310 3494 3717 4732 4746 
21311 760 2434 2134 2641 
21312 2787 2782 3253 822 
21313 2655 778 2579 2481 
21314 2870 2928 2897 4443 
21315 1480 1549 1474 3991 
21316 2203 2409 2377 4680 
21317 1864 1800 331 1288 
21318 3015 3010 204 3040 
21319 398 397 344 1799 
21320 1038 1104 1040 4110 
21321 2510 2572 2551 4077 
21322 2351 2399 2246 4004 
21323 3232 3036 3267 4149 
21324 3337 3900 4651 4747 
21325 3094 3096 3095 4326 
21326 2462 2131 725 2299 
21327 873 892 113 1175 
21328 3357 4463 4059 4473 
21329 2937 2850 2829 3996 
21330 1014 27 204 3015 
21331 3350 4284 3944 4480 
21332 466 2547 467 519 
21333 1049 1081 1106 4231 
21334 3215 3141 1641 4659 
21335 1096 1031 1092 3881 
21336 1925 1892 226 1919 
21337 2141 1153 2452 4702 
21338 2661 2592 2660 3806 
21339 1439 557 2795 4386 
21340 218 30 1124 2137 
21341 3396 4443 3880 4479 
21342 973 150 151 4159 
21343 3286 4097 4311 4382 
21344 1173 1226 4538 4699 
21345 3249 3136 3137 4577 
21346 2604 2624 2603 4537 
21347 718 2066 1946 4099 
21348 2108 2103 754 3928 
21349 3695 4392 465 4769 
21350 1166 2420 2132 4251 
21351 1771 2510 599 1759 
21352 3133 3086 3245 4066 
21353 3403 4045 4290 4482 
21354 1188 908 116 1150 
21355 1434 465 521 2557 
21356 415 4555 4235 4719 
21357 3450 4242 4128 4731 
21358 4164 4618 3476 4762 
21359 1086 1517 291 1036 
21360 2251 2252 2179 4047 
21361 456 4429 1652 4528 
21362 2530 2521 2527 4457 
21363 118 887 1143 1208 
21364 3482 4343 4206 4593 
21365 1781 1649 1713 3995 
21366 144 4035 100 4471 
21367 1377 4323 1409 4691 
21368 774 354 41 1370 
21369 2203 2187 2204 4604 
21370 2875 2906 2880 4729 
21371 1156 1200 1186 4699 
21372 2428 759 2134 2641 
21373 878 910 106 3868 
21374 2108 754 2271 3928 
21375 3458 4390 3910 4486 
21376 3487 4521 4086 4701 
21377 2343 2290 4177 4614 
21378 2568 2539 2569 4371 
21379 2113 2122 2121 4482 
21380 2080 2101 2036 4679 
21381 1636 470 471 4514 
21382 229 1103 230 4055 
21383 2697 2795 557 4386 
21384 874 194 1211 4425 
21385 2157 583 1568 2443 
21386 2316 2437 2261 4522 
21387 2701 2815 2785 4720 
21388 1015 1440 290 1086 
21389 2840 2973 2907 4159 
21390 2326 2206 2425 4767 
21391 2814 3965 2755 4603 
21392 145 99 4264 4471 
21393 1964 2077 1952 4045 
21394 1397 3965 2814 4603 
21395 396 4021 4510 4764 
21396 1791 1377 1378 621 
21397 1805 1280 335 4354 
21398 3423 3747 4613 4785 
21399 3883 4378 3059 4777 
21400 1245 1295 334 1849 
21401 2816 2755 2690 3965 
21402 46 356 404 3983 
21403 591 2146 1575 1616 
21404 2424 2126 309 1190 
21405 1898 233 680 1923 
21406 679 234 1900 1922 
21407 2425 2421 2326 3861 
21408 898 902 90 3929 
21409 3651 4396 4177 4689 
21410 2749 2806 2826 4469 
21411 2347 2241 2369 4040 
21412 610 3016 3228 1647 
21413 3031 3042 3044 4250 
21414 462 4320 4779 4795 
21415 1322 4090 403 4330 
21416 2095 2042 2056 4094 
21417 698 3773 699 4236 
21418 3207 3139 3020 4134 
21419 2885 2886 2883 4474 
21420 454 396 1333 4020 
21421 3316 3753 4517 4727 
21422 197 1007 194 3733 
21423 1608 1565 1593 4761 
21424 4071 4700 700 4709 
21425 1379 511 2691 1400 
21426 2786 3216 820 2692 
21427 1136 1104 1038 4414 
21428 1271 395 1281 4530 
21429 1132 3074 278 1038 
21430 1142 1221 1178 4793 
21431 3423 4613 4226 4785 
21432 1155 314 2151 1198 
21433 1354 421 422 4333 
21434 1438 1477 1526 4025 
21435 2164 21 192 2143 
21436 2749 2724 2800 4469 
21437 2810 2811 2752 3920 
21438 2127 2391 2433 4492 
21439 2116 2108 748 4539 
21440 1753 1389 1412 4130 
21441 1594 1622 1571 3891 
21442 356 2620 355 3983 
21443 2811 461 50 4315 
21444 1448 12 133 1466 
21445 3386 4403 3865 4669 
21446 865 882 881 3822 
21447 2865 2864 2863 4301 
21448 2321 2472 2225 3939 
21449 3218 3150 3073 3821 
21450 3860 3371 4409 4676 
21451 3488 4392 3695 4769 
21452 3250 2551 2572 4077 
21453 1820 1856 1822 4221 
21454 2375 2340 2279 4369 
21455 1794 1771 1654 4077 
21456 3415 4528 3736 4653 
21457 158 205 18 1004 
21458 1818 1816 1817 4399 
21459 403 3891 1622 4647 
21460 2066 2043 4099 4678 
21461 3245 3086 3151 3883 
21462 1479 1480 1474 4760 
21463 3240 2647 2584 806 
21464 1222 1183 1184 4656 
21465 2925 2908 2964 4273 
21466 737 2419 2155 2049 
21467 1181 1184 1183 4656 
21468 2052 2385 1945 4431 
21469 2697 2797 2753 3950 
21470 1384 1373 474 3935 
21471 45 50 1323 4095 
21472 3126 3215 3222 4659 
21473 2346 2345 2452 4702 
21474 1653 1769 2497 595 
21475 1612 430 1275 4214 
21476 2511 2512 2491 4602 
21477 2460 2349 2414 4703 
21478 1019 1085 1110 4069 
21479 1995 2116 748 4539 
21480 1035 1137 1080 4043 
21481 1593 4543 1619 4761 
21482 566 2147 1447 1513 
21483 483 484 4081 4405 
21484 2818 2696 449 503 
21485 1407 484 485 4263 
21486 2578 2500 2498 4127 
21487 3188 3074 277 1132 
21488 2467 2208 2207 4630 
21489 3358 3952 4524 4745 
21490 3385 4426 3800 4540 
21491 1164 1202 111 886 
21492 2130 752 2256 4194 
21493 1358 488 487 4565 
21494 3074 3185 278 1038 
21495 3241 3258 550 4776 
21496 183 982 958 2979 
21497 462 4320 3729 4779 
21498 2658 2627 2626 4145 
21499 1049 1048 1030 4377 
21500 2727 2729 2728 3981 
21501 1568 1609 583 2157 
21502 793 2587 2644 2687 
21503 2584 807 2648 4496 
21504 1250 394 1257 4516 
21505 1378 1377 1409 4691 
21506 2809 2691 2756 4107 
21507 395 1332 453 4020 
21508 3283 4036 3835 4122 
21509 3591 4458 3947 4694 
21510 2117 1987 741 4511 
21511 2546 2503 2556 3806 
21512 1521 1561 1498 4386 
21513 1397 2814 2813 4603 
21514 1656 1792 3142 4410 
21515 571 2364 2148 1547 
21516 2540 407 349 1299 
21517 1293 390 1261 4305 
21518 2280 2279 4182 4690 
21519 2148 2365 2478 4018 
21520 1847 1807 2153 4619 
21521 3080 4284 3079 4480 
21522 3732 4557 3583 4645 
21523 3422 4557 3732 4645 
21524 4174 4209 3362 4590 
21525 3321 4212 3701 4434 
21526 2584 4066 3013 4496 
21527 3228 3235 611 1647 
21528 194 1007 193 4519 
21529 4001 4655 3580 4739 
21530 2648 2637 2650 4496 
21531 906 3868 6 4684 
21532 1537 1522 1509 4712 
21533 2099 2070 2023 4459 
21534 883 876 904 3884 
21535 2117 2109 1958 741 
21536 3823 4162 3377 4530 
21537 959 969 180 2832 
21538 1641 3215 616 3141 
21539 1204 1188 1189 3907 
21540 1780 444 531 1402 
21541 1514 546 3023 3164 
21542 1653 2482 596 2548 
21543 2439 2109 740 2087 
21544 1507 4187 1540 4712 
21545 2060 1945 2050 4431 
21546 2594 2593 2590 4166 
21547 1447 1481 1479 4760 
21548 2363 566 2147 1447 
21549 874 875 194 4425 
21550 3177 3178 3070 4116 
21551 1491 1506 1507 4187 
21552 1715 1765 1716 4607 
21553 199 622 198 4691 
21554 1858 1277 1821 3870 
21555 3359 4582 3942 4675 
21556 2103 2108 2110 3928 
21557 892 1202 112 1144 
21558 732 2439 2087 2404 
21559 3039 3208 2940 4027 
21560 3144 3256 3248 4496 
21561 3689 4072 4271 4501 
21562 1355 425 426 4735 
21563 1422 476 1376 4357 
21564 757 2654 2189 2376 
21565 1442 550 3258 4776 
21566 2491 1759 2510 4602 
21567 3450 4134 4549 4592 
21568 2165 2455 3997 4452 
21569 355 1263 404 3983 
21570 384 336 1835 1280 
21571 2498 2645 2562 3917 
21572 2581 2562 776 2645 
21573 1687 1680 1729 4775 
21574 1942 701 3457 4700 
21575 3167 3216 820 2786 
21576 3253 3027 823 2782 
21577 1658 1659 1660 4658 
21578 39 1868 1243 1242 
21579 2516 2514 2515 4074 
21580 1728 1777 1727 4279 
21581 2547 2489 467 519 
21582 2365 2442 2427 4661 
21583 1172 1196 1171 4207 
21584 980 984 174 2965 
21585 3071 3060 3072 4520 
21586 3930 4337 3467 4507 
21587 2425 2206 4234 4767 
21588 3646 4177 4396 4689 
21589 3647 4267 4068 4738 
21590 984 987 173 2830 
21591 1028 138 245 1098 
21592 1143 1174 1208 3993 
21593 1689 1685 1686 4332 
21594 1261 390 1268 4305 
21595 2656 2677 2665 4743 
21596 2090 1949 2044 4353 
21597 2888 2889 4466 4667 
21598 2153 642 1847 2418 
21599 1466 1446 322 4247 
21600 908 876 116 1150 
21601 1745 1744 1694 4084 
21602 3423 4226 3856 4785 
21603 184 982 2979 2833 
21604 3099 3080 3135 4480 
21605 4176 4451 3784 4490 
21606 1248 341 1865 1259 
21607 2126 1149 309 1190 
21608 2832 2921 2977 4052 
21609 3093 3154 3251 4082 
21610 2827 2767 2795 4386 
21611 1017 4299 1072 4621 
21612 987 156 995 4485 
21613 1248 396 1271 4033 
21614 800 814 2686 2585 
21615 1813 630 1868 3755 
21616 1175 1177 1179 4155 
21617 1481 3986 1480 4760 
21618 2364 571 1449 1547 
21619 2252 2254 2179 4692 
21620 3330 4035 3909 4280 
21621 1417 1541 1437 4263 
21622 3388 4498 3906 4786 
21623 1821 1814 1820 4525 
21624 3750 3348 4579 4714 
21625 3639 4204 3904 4724 
21626 2463 2369 2269 4251 
21627 2337 2125 1874 4184 
21628 1397 506 2814 2690 
21629 1948 744 2112 2025 
21630 1517 290 1440 1086 
21631 3248 807 3013 4496 
21632 3021 2786 3167 819 
21633 2766 2765 2807 4254 
21634 3629 4040 4499 4744 
21635 249 1914 248 4236 
21636 1545 2426 2148 570 
21637 2326 3861 2421 4790 
21638 354 1263 355 3999 
21639 1973 1972 1971 3994 
21640 141 981 140 4239 
21641 1558 1533 1470 4573 
21642 2133 2385 2389 4431 
21643 2250 2318 2417 4060 
21644 2541 2485 785 3266 
21645 2786 2780 2702 3791 
21646 2639 2635 2625 4341 
21647 4134 4592 3450 4609 
21648 1086 1074 1015 4086 
21649 2143 315 1217 4318 
21650 2269 2223 2356 3941 
21651 1430 1380 536 4638 
21652 3457 4683 106 4700 
21653 3494 4746 4732 4765 
21654 720 2065 2069 4096 
21655 457 525 456 4429 
21656 953 954 977 4319 
21657 3213 3131 3104 4128 
21658 1637 1698 1785 3736 
21659 3430 4417 4139 4559 
21660 429 428 1559 3986 
21661 106 6 878 3868 
21662 1173 1200 1226 4699 
21663 2539 779 2579 2657 
21664 2691 512 1379 2808 
21665 1944 2062 2058 4009 
21666 1804 1837 1836 4013 
21667 3221 3203 3202 3912 
21668 570 2148 1545 1547 
21669 1474 1446 1473 4247 
21670 4304 4666 3548 4755 
21671 2753 2827 2697 3950 
21672 2517 2520 2519 4773 
21673 3727 4468 3889 4758 
21674 4572 4592 3303 4774 
21675 4125 4643 3632 4657 
21676 2909 2945 2894 4505 
21677 3391 4589 3901 4681 
21678 2043 1946 2066 4099 
21679 1409 1377 458 4323 
21680 2690 2817 2770 3998 
21681 387 386 4075 4370 
21682 1349 465 464 4392 
21683 3044 3237 3244 4419 
21684 1703 1711 1707 4091 
21685 4089 4683 3456 4684 
21686 2851 2852 2839 4039 
21687 1437 1424 1417 4263 
21688 2913 2857 2854 4201 
21689 1197 297 2180 2374 
21690 2019 2020 4068 4763 
21691 3172 3208 3175 4599 
21692 1975 1983 1976 4304 
21693 1782 1730 1729 4775 
21694 2120 2106 2117 4511 
21695 1822 1821 1820 3870 
21696 2973 973 177 2972 
21697 3065 3093 3066 3862 
21698 812 4189 3895 4704 
21699 2686 813 2585 4424 
21700 2316 2263 2386 4522 
21701 1987 2057 2028 4511 
21702 1787 1797 1652 4429 
21703 3165 3038 548 1518 
21704 818 3021 2702 2805 
21705 1280 1245 335 4354 
21706 226 1023 227 4232 
21707 1414 1430 1390 4638 
21708 2998 2991 259 1020 
21709 2646 2495 773 2586 
21710 1791 1378 58 621 
21711 489 54 1370 775 
21712 401 1324 400 4122 
21713 83 221 220 4527 
21714 463 1398 462 4795 
21715 2409 2203 2204 3886 
21716 207 208 1010 3970 
21717 1992 1991 1982 4416 
21718 1599 1600 1574 4305 
21719 1855 632 2323 4788 
21720 2381 2310 2379 4502 
21721 1699 1636 1658 4514 
21722 1495 4258 1520 4776 
21723 1232 1231 1228 3868 
21724 154 155 984 3902 
21725 2376 757 2654 2592 
21726 3801 4579 3348 4714 
21727 1858 1821 1822 3870 
21728 1571 1265 366 4383 
21729 973 970 177 2972 
21730 1244 366 1265 4383 
21731 1963 1965 1948 4291 
21732 927 3832 139 4375 
21733 221 220 2 83 
21734 2165 1538 2366 568 
21735 806 2584 3240 3013 
21736 1815 1855 1874 4788 
21737 2045 1992 1982 4416 
21738 392 4156 4095 4560 
21739 3602 4524 3952 4745 
21740 2124 2384 2445 4009 
21741 1386 459 1382 3810 
21742 2118 2077 1963 4045 
21743 2005 1981 1991 4631 
21744 1334 456 398 4036 
21745 1678 1676 1726 4711 
21746 2071 1962 2072 4642 
21747 433 483 484 4081 
21748 2789 2772 2775 4571 
21749 3748 3372 4432 4720 
21750 699 4071 700 4709 
21751 3218 3166 2700 832 
21752 1643 1734 1742 4303 
21753 99 931 145 4264 
21754 2962 187 2845 4725 
21755 916 877 887 3993 
21756 1033 1102 1112 4000 
21757 3366 4372 4061 4640 
21758 2557 522 1434 2490 
21759 510 2811 2810 461 
21760 3425 4433 4092 4546 
21761 3006 3000 854 2984 
21762 2537 2645 2498 4127 
21763 2848 2962 2956 4725 
21764 3230 4179 3191 4654 
21765 411 329 1806 1858 
21766 277 3188 1132 1067 
21767 2968 980 174 2965 
21768 470 1636 1755 4514 
21769 357 4178 420 4752 
21770 3160 3117 3201 4625 
21771 3168 3173 3052 4043 
21772 982 184 955 2833 
21773 1778 1649 1776 4210 
21774 1643 1742 1752 4303 
21775 1162 192 4318 4721 
21776 640 1877 1810 2410 
21777 1157 1192 1193 4089 
21778 2589 3062 805 3240 
21779 2253 1234 316 2408 
21780 131 132 324 4717 
21781 1592 1591 1596 4285 
21782 559 1503 1546 2703 
21783 1400 510 2810 461 
21784 240 241 4011 4553 
21785 413 1864 331 1288 
21786 4173 4574 3541 4748 
21787 392 4095 1329 4560 
21788 987 995 172 2957 
21789 1217 1162 192 4318 
21790 425 4635 426 4735 
21791 481 482 4190 4481 
21792 1762 4668 1661 4766 
21793 1404 198 1378 4691 
21794 1017 1052 1051 4621 
21795 4333 4481 3287 4735 
21796 2077 746 2107 4045 
21797 3178 3177 3263 4116 
21798 2672 2659 782 2571 
21799 2246 2249 2219 4364 
21800 224 1017 225 4299 
21801 1802 338 385 1297 
21802 1402 531 1780 1644 
21803 3125 3141 3126 4659 
21804 2287 2378 2289 4472 
21805 559 2803 1550 1503 
21806 2840 962 178 2973 
21807 1021 1 82 1116 
21808 1930 1922 235 4742 
21809 402 1265 403 3891 
21810 2930 2902 2967 4741 
21811 2745 2780 2743 4536 
21812 186 968 974 2845 
21813 2616 360 2644 4337 
21814 1372 437 438 4432 
21815 3770 4394 3375 4623 
21816 1454 429 1559 3986 
21817 1410 487 488 3727 
21818 1383 1394 1406 4059 
21819 2665 2585 2634 4743 
21820 242 1069 243 4028 
21821 2408 317 2450 1227 
21822 106 4683 6 4684 
21823 3600 4607 4316 4638 
21824 881 3822 4512 4586 
21825 2320 2151 314 1198 
21826 3503 3904 4204 4724 
21827 1377 1378 58 1791 
21828 1960 2031 2079 4237 
21829 1719 1773 1720 4205 
21830 2374 2200 2264 4197 
21831 2294 4472 2287 4754 
21832 3043 3056 3055 4408 
21833 1127 271 3054 3209 
21834 2350 2391 2238 4126 
21835 4063 4537 3609 4596 
21836 2677 815 2665 4743 
21837 1440 1562 1517 4086 
21838 2231 2232 2230 4038 
21839 1388 1376 1411 4446 
21840 2579 2481 779 2539 
21841 2309 2359 2379 4502 
21842 3933 4360 3530 4693 
21843 417 1249 1287 3802 
21844 2699 2766 2807 4534 
21845 1608 1593 1619 4761 
21846 404 3974 405 4779 
21847 2121 4045 2118 4482 
21848 2884 2908 2925 4273 
21849 142 102 3909 4550 
21850 1685 1684 1686 4332 
21851 1792 3155 3142 4410 
21852 3283 3835 4036 4644 
21853 2927 2926 2891 4329 
21854 490 2658 2626 4145 
21855 338 1802 1827 1297 
21856 1566 1612 1584 4214 
21857 1847 1807 642 2153 
21858 2235 2360 2226 4217 
21859 2093 2068 714 4344 
21860 2563 2536 2508 4230 
21861 1712 1779 1713 4248 
21862 3287 4481 4333 4566 
21863 1867 1821 1254 4525 
21864 1244 1587 366 4383 
21865 1802 384 337 1835 
21866 1251 423 1247 4778 
21867 2047 2055 1956 4664 
21868 1138 1047 1087 4003 
21869 974 971 978 4768 
21870 1519 1469 1478 4411 
21871 3238 3130 3017 3754 
21872 2021 2073 2100 4266 
21873 2926 2927 2954 4329 
21874 3203 3087 3133 4139 
21875 83 4375 221 4527 
21876 2968 175 975 2831 
21877 968 972 951 4725 
21878 1735 1684 1682 4148 
21879 2897 2929 2978 4443 
21880 2587 2662 2594 4507 
21881 865 881 879 4586 
21882 2204 2339 2380 4604 
21883 2466 2345 4339 4702 
21884 628 629 1815 4184 
21885 1216 1236 293 1159 
21886 2198 2427 2276 4661 
21887 1867 1254 2564 4525 
21888 1049 4231 1065 4346 
21889 297 1197 1146 2374 
21890 2408 1234 316 1227 
21891 2743 2776 2775 4536 
21892 1687 1731 1735 4473 
21893 2494 348 2565 1299 
21894 1420 1389 2550 4130 
21895 2118 745 1948 1963 
21896 3762 4666 4304 4755 
21897 1441 1514 546 3023 
21898 1616 591 2146 2367 
21899 1124 2137 2411 4244 
21900 551 1442 3258 3028 
21901 996 1 82 1021 
21902 2315 2301 2425 4234 
21903 1286 423 1251 4778 
21904 582 1624 1568 2443 
21905 960 988 14 3644 
21906 3150 3164 3073 4583 
21907 2485 2541 2558 4317 
21908 2039 1990 2038 4227 
21909 568 2165 1538 1444 
21910 419 420 1337 4044 
21911 3137 3170 3249 4577 
21912 1854 2268 649 1798 
21913 1622 3891 1594 4647 
21914 1353 52 47 4565 
21915 968 951 971 4032 
21916 2551 2511 2510 4077 
21917 1289 322 1446 4247 
21918 2074 2026 2027 4054 
21919 2232 2350 2238 4126 
21920 1863 639 2393 2138 
21921 535 1415 1767 4607 
21922 2780 2776 4536 4627 
21923 2292 2295 2344 4296 
21924 4549 4572 3450 4592 
21925 3021 2702 2786 819 
21926 1132 1038 1040 4110 
21927 1266 1241 1276 4337 
21928 2443 2312 2140 4196 
21929 346 399 1868 1242 
21930 1258 1299 406 4508 
21931 1262 1257 393 4516 
21932 2220 2218 2223 4388 
21933 1424 1437 48 431 
21934 2574 2526 2547 3989 
21935 1031 1114 1092 4456 
21936 769 2162 2488 2546 
21937 2508 2507 2496 4525 
21938 3385 4188 3932 4747 
21939 1960 2079 711 4246 
21940 322 1272 323 4247 
21941 1436 548 3038 1518 
21942 1277 1821 3870 4525 
21943 1802 1297 385 4734 
21944 1738 1737 1697 3865 
21945 2746 2747 2815 4200 
21946 2030 4072 2054 4501 
21947 3259 834 2985 3075 
21948 724 725 1927 3666 
21949 1827 1830 1846 4075 
21950 2294 2287 2285 4754 
21951 2909 2964 4485 4580 
21952 3041 3254 3191 3921 
21953 2694 823 3027 2782 
21954 2078 2026 1947 4054 
21955 955 978 965 3880 
21956 4074 4457 3392 4611 
21957 2466 2345 2250 4339 
21958 3602 3952 4729 4745 
21959 1607 4150 421 4782 
21960 2306 2445 2249 4364 
21961 1253 1276 1241 3930 
21962 239 240 4597 4713 
21963 1054 1052 1053 4621 
21964 3288 4618 4164 4762 
21965 2921 2832 2976 4052 
21966 2627 2605 2626 4145 
21967 3035 3243 3272 4663 
21968 850 3208 3037 2835 
21969 1006 21 192 2164 
21970 2663 2587 2594 4507 
21971 621 622 1655 4323 
21972 1732 4733 3933 4756 
21973 4090 4560 3432 4647 
21974 1764 1761 1704 4696 
21975 644 2421 1833 4790 
21976 1743 1770 1656 4410 
21977 2215 2212 2358 4397 
21978 3337 3932 4188 4747 
21979 450 392 1330 4095 
21980 2536 2493 2561 4260 
21981 489 490 1398 3917 
21982 119 880 887 1208 
21983 3266 3012 786 4620 
21984 462 491 51 4145 
21985 652 1819 1814 2506 
21986 1531 1542 1512 3727 
21987 967 998 959 4052 
21988 2645 3917 2498 4127 
21989 2778 2726 2728 4455 
21990 2966 2902 2894 4505 
21991 957 158 966 4363 
21992 2738 2737 2739 4478 
21993 1099 216 2395 2411 
21994 2421 643 1833 1807 
21995 1827 1297 1802 4734 
21996 2533 4124 2529 4312 
21997 3241 1520 4258 4776 
21998 3171 3172 3169 4598 
21999 1124 2411 1099 4244 
22000 3205 3128 3157 4372 
22001 51 1335 46 3729 
22002 2170 2387 2171 4253 
22003 969 962 179 2975 
22004 2121 2107 2118 4045 
22005 1222 1184 1151 3929 
22006 917 1164 111 886 
22007 246 106 247 4700 
22008 3414 4574 4173 4748 
22009 1571 366 1587 4383 
22010 3148 3068 3255 4444 
22011 1644 1782 1780 4114 
22012 473 1341 415 4719 
22013 2145 2448 2415 4361 
22014 36 322 1466 1446 
22015 1689 1740 1741 4433 
22016 151 928 93 4506 
22017 351 408 2493 2563 
22018 3169 4598 3172 4599 
22019 4345 4430 3679 4697 
22020 1136 1038 1081 4687 
22021 457 1772 525 4429 
22022 2889 4667 2930 4672 
22023 1203 1185 1148 4109 
22024 469 1650 1755 541 
22025 460 1326 402 4330 
22026 860 3001 3007 2985 
22027 142 143 971 4768 
22028 1157 918 127 913 
22029 2082 2040 2041 4706 
22030 2291 2305 2402 4396 
22031 897 879 868 4456 
22032 866 903 907 4425 
22033 1069 1018 1044 4674 
22034 1507 1506 1540 4187 
22035 746 2118 2107 4045 
22036 3253 3017 2787 822 
22037 1218 1163 1198 3943 
22038 2342 2416 2294 4013 
22039 2222 2273 2357 4007 
22040 3010 627 204 4121 
22041 1429 1408 1379 4107 
22042 1873 1840 3979 4764 
22043 2887 2888 2889 4466 
22044 2761 2720 2726 4224 
22045 1402 1394 530 1644 
22046 3283 4095 4090 4330 
22047 3189 4445 2947 4487 
22048 887 118 1143 877 
22049 2162 769 2403 2546 
22050 1493 1492 1523 4498 
22051 2021 2078 2064 4266 
22052 2008 2016 2069 4460 
22053 2088 709 2080 4679 
22054 2279 2340 2280 4182 
22055 1590 1618 1575 4278 
22056 968 951 4032 4725 
22057 1266 4337 359 4752 
22058 467 1352 468 4395 
22059 62 2135 574 1628 
22060 999 989 972 4725 
22061 2583 2654 2189 758 
22062 459 458 3835 4616 
22063 3360 4349 4108 4762 
22064 410 1277 411 3870 
22065 130 194 10 875 
22066 1877 640 2138 2410 
22067 1551 1532 1471 4000 
22068 556 2697 1521 1443 
22069 466 520 465 2483 
22070 62 2159 2406 574 
22071 3181 3180 3247 4313 
22072 4073 4142 3437 4550 
22073 1698 3736 4528 4653 
22074 3180 1068 272 3054 
22075 881 4512 871 4586 
22076 1168 1167 1154 3984 
22077 1695 1722 1768 4588 
22078 459 3810 4616 4646 
22079 3241 4258 3152 4776 
22080 3784 4451 3290 4792 
22081 2274 2462 2473 3968 
22082 3078 3080 3079 4480 
22083 393 451 1330 4156 
22084 1187 2452 301 1153 
22085 3067 3065 3049 4518 
22086 2367 1585 592 2401 
22087 3134 3124 3119 4282 
22088 1197 1212 1146 4197 
22089 2318 2250 2449 4060 
22090 507 2813 450 1397 
22091 3215 3011 1775 615 
22092 3450 4549 4242 4572 
22093 1552 1626 1470 4573 
22094 481 4481 4358 4566 
22095 621 198 622 4691 
22096 3038 3225 3152 4258 
22097 243 1909 670 1920 
22098 1061 1023 1062 4309 
22099 3767 4538 3383 4699 
22100 2816 2770 2769 4581 
22101 1972 2056 2042 4094 
22102 816 80 2822 3014 
22103 1245 4354 1284 4718 
22104 2359 649 2268 1798 
22105 387 4162 388 4370 
22106 3420 4451 3784 4792 
22107 3356 4193 3991 4635 
22108 206 2848 2982 4288 
22109 3243 3082 3077 4663 
22110 1069 1032 243 4794 
22111 85 870 897 1114 
22112 3179 3188 3070 4605 
22113 1777 533 442 1639 
22114 224 689 1889 1921 
22115 926 96 148 4394 
22116 473 472 1341 4206 
22117 1174 1143 1219 3993 
22118 2697 556 2797 1443 
22119 443 385 1318 4757 
22120 2474 2426 2317 4452 
22121 914 1114 897 4456 
22122 3269 790 2553 2571 
22123 234 1093 235 4116 
22124 1288 1800 332 1290 
22125 3173 3169 3172 4599 
22126 3113 3114 3112 4019 
22127 1369 494 2664 495 
22128 3013 807 2584 4496 
22129 3223 80 816 3030 
22130 3062 3133 3240 4417 
22131 1095 2998 259 1020 
22132 2135 2415 1628 577 
22133 2979 958 183 2838 
22134 2822 817 3233 3014 
22135 2570 2671 2660 771 
22136 595 2497 1653 2548 
22137 2104 2130 2207 4630 
22138 3673 4360 4148 4693 
22139 877 117 1143 1188 
22140 2806 2749 2800 4469 
22141 2705 2791 815 4613 
22142 2673 4328 2638 4371 
22143 2469 2151 2320 3943 
22144 490 462 1398 4145 
22145 195 1006 192 3942 
22146 3013 4066 3245 4496 
22147 652 1814 2496 2506 
22148 1604 1293 373 1574 
22149 387 1240 388 4162 
22150 2972 970 176 2831 
22151 3489 4724 4068 4738 
22152 2553 789 3033 2484 
22153 1959 2108 4462 4539 
22154 800 2685 814 2665 
22155 703 702 2073 4771 
22156 1261 373 1293 1574 
22157 2975 962 179 2840 
22158 4 872 912 4523 
22159 1141 1074 1086 4086 
22160 3211 3012 3264 4061 
22161 2821 2799 2698 4558 
22162 2742 2739 2746 4272 
22163 322 36 1289 1446 
22164 1802 4161 1828 4734 
22165 1477 161 15 1455 
22166 3154 2695 3022 830 
22167 1094 233 232 4313 
22168 520 466 2547 2483 
22169 3932 4651 3534 4747 
22170 130 131 325 3733 
22171 1879 1826 1825 4434 
22172 3265 3150 3147 4583 
22173 2080 708 1950 4026 
22174 1034 997 162 1129 
22175 1476 1496 1459 4300 
22176 1264 1249 1238 4314 
22177 2971 2882 2880 4729 
22178 1416 1406 1375 4387 
22179 1017 1072 1053 4621 
22180 1419 4607 1380 4638 
22181 4028 4505 3584 4794 
22182 2075 2028 2039 4227 
22183 2557 465 521 2483 
22184 359 1276 360 4337 
22185 3005 1128 254 2999 
22186 480 481 4358 4566 
22187 811 4189 2701 4720 
22188 788 3211 3033 2484 
22189 1067 276 3070 1093 
22190 3353 4359 3893 4670 
22191 460 1322 461 4330 
22192 2810 2691 511 1400 
22193 914 83 2 1111 
22194 457 456 4036 4429 
22195 2491 599 2510 1759 
22196 399 398 345 1817 
22197 1168 1154 1169 4650 
22198 1253 1241 1270 3930 
22199 2541 3266 786 4620 
22200 644 2128 2421 4790 
22201 2124 2384 1944 735 
22202 1944 2058 2024 4009 
22203 469 1755 470 541 
22204 394 1328 452 4156 
22205 3960 3351 4495 4610 
22206 4011 240 4553 4713 
22207 436 2706 1418 501 
22208 994 139 948 3976 
22209 2647 2589 805 3240 
22210 1544 1484 1444 4452 
22211 2799 4272 2746 4558 
22212 2863 2918 2865 4301 
22213 1527 1451 3219 552 
22214 2862 2900 2859 4292 
22215 3173 3175 3174 4599 
22216 1117 251 1118 1234 
22217 1964 2089 1963 4045 
22218 2657 2588 2673 4371 
22219 1487 1510 1526 4770 
22220 2553 789 3221 3033 
22221 227 1061 228 4051 
22222 3425 3834 4546 4774 
22223 3351 4610 3960 4688 
22224 1942 700 701 4700 
22225 385 384 337 1802 
22226 1680 1678 1729 4168 
22227 1348 476 418 4448 
22228 358 2598 357 4752 
22229 918 1199 6 4684 
22230 474 1351 4048 4719 
22231 477 476 1348 4448 
22232 1926 1916 698 4236 
22233 1674 1675 1673 4494 
22234 1048 1065 1135 4346 
22235 1733 1648 1736 4165 
22236 359 360 2616 4337 
22237 1926 4236 699 4709 
22238 2716 2764 2715 4325 
22239 1093 1100 3177 4116 
22240 2681 62 2406 574 
22241 552 3219 1527 3028 
22242 3125 3024 3141 3995 
22243 589 1623 2335 2158 
22244 1254 2508 2564 4525 
22245 2583 2652 2641 4058 
22246 2068 715 714 4344 
22247 1549 319 1282 428 
22248 471 1340 413 3926 
22249 2704 515 2804 4758 
22250 96 3770 148 4394 
22251 2019 2020 1989 4068 
22252 2128 2405 2326 4790 
22253 2507 2536 2555 4230 
22254 459 4616 3835 4646 
22255 575 2587 2687 4507 
22256 2607 2639 2625 4341 
22257 1443 1521 1498 3950 
22258 2280 2340 2283 4182 
22259 2403 3806 2377 4680 
22260 1377 457 458 4323 
22261 1380 4607 1765 4638 
22262 1397 507 2813 2814 
22263 2645 2537 2498 777 
22264 276 3070 3188 1067 
22265 2420 2347 2369 4040 
22266 1055 4464 1056 4662 
22267 455 526 1786 4528 
22268 1273 401 1247 4610 
22269 2124 2419 2049 4440 
22270 1928 703 1920 4390 
22271 533 442 443 1777 
22272 56 1387 810 2823 
22273 1033 216 2395 1099 
22274 3183 3249 3170 4497 
22275 2652 2597 2595 4281 
22276 1192 1224 1193 4089 
22277 2223 2224 2220 4388 
22278 3337 4376 3932 4651 
22279 2490 523 1427 2499 
22280 2752 2756 2810 3920 
22281 2308 2195 2338 4563 
22282 3120 3276 3162 4467 
22283 3889 4565 3287 4600 
22284 2804 515 52 4758 
22285 238 1030 239 4377 
22286 1773 1775 3011 614 
22287 459 401 1326 4122 
22288 480 422 1357 4566 
22289 1612 1629 1583 4214 
22290 2488 2509 2504 4218 
22291 702 1955 2073 4356 
22292 1825 1826 1824 4434 
22293 1437 1455 48 431 
22294 1348 419 477 4448 
22295 3178 3179 3070 4605 
22296 715 1949 716 4353 
22297 171 1000 2843 995 
22298 2414 2236 2352 4112 
22299 3001 860 2961 2985 
22300 2957 172 987 2830 
22301 1872 1811 1834 4790 
22302 2403 2376 2377 3806 
22303 2113 2114 2115 4065 
22304 2441 2164 2136 3942 
22305 6 4683 87 4684 
22306 1218 1165 1163 4499 
22307 2078 2032 2026 4169 
22308 3236 1773 3011 614 
22309 536 1765 1640 4638 
22310 102 103 4345 4550 
22311 2996 2992 2995 4003 
22312 983 993 964 4025 
22313 2491 598 1645 2535 
22314 2965 984 173 2830 
22315 100 935 144 4471 
22316 87 88 913 4089 
22317 2957 2909 2964 4485 
22318 1675 1723 1673 4494 
22319 1494 1492 1489 4786 
22320 1334 457 456 4036 
22321 834 2847 2985 3075 
22322 421 1260 422 4150 
22323 404 356 355 3983 
22324 2370 2200 299 1194 
22325 3370 4041 4615 4698 
22326 962 150 973 4159 
22327 1427 1393 523 2490 
22328 3434 4247 3975 4717 
22329 18 205 158 957 
22330 2946 2940 2924 4027 
22331 2710 2711 2708 4549 
22332 2747 2819 2785 4200 
22333 2858 2856 2857 4120 
22334 2682 80 816 3223 
22335 1240 1281 388 4530 
22336 257 1025 3002 2995 
22337 2238 2355 2353 4228 
22338 2349 2348 2236 4348 
22339 2934 2877 2910 4402 
22340 1926 248 4236 4709 
22341 1052 1063 1051 4347 
22342 1301 943 322 431 
22343 755 2271 2438 4462 
22344 2511 2491 2510 4602 
22345 1736 1745 1694 4733 
22346 455 456 526 4528 
22347 2498 776 2562 2645 
22348 1623 1590 1575 4278 
22349 1959 4462 1999 4539 
22350 3557 4213 4421 4672 
22351 3024 1776 3163 618 
22352 488 515 2704 4758 
22353 1155 2151 313 2420 
22354 2889 2930 2892 4672 
22355 3337 4651 3932 4747 
22356 1958 741 1987 4511 
22357 1613 1566 4612 4782 
22358 2244 2242 2298 4079 
22359 2284 2282 2283 4698 
22360 3273 3037 3172 4487 
22361 2598 359 1365 2616 
22362 1495 1520 1523 4776 
22363 1273 4383 402 4610 
22364 3215 1775 1641 615 
22365 2616 2644 2663 4337 
22366 995 156 157 4485 
22367 408 351 409 2563 
22368 3090 3239 3134 4123 
22369 2367 2330 2146 4050 
22370 590 1575 2146 4278 
22371 2014 2022 2013 4241 
22372 849 2946 3039 2940 
22373 168 997 976 1557 
22374 1927 219 1884 4784 
22375 1507 1537 4238 4712 
22376 886 1202 112 892 
22377 3575 4564 4032 4670 
22378 1131 1096 214 1554 
22379 2849 2986 2960 4663 
22380 3134 3217 3090 4123 
22381 4050 4612 3594 4624 
22382 2248 2453 2390 3904 
22383 881 895 871 4512 
22384 1025 256 2993 2995 
22385 1783 530 1394 1644 
22386 412 329 1806 411 
22387 3207 3104 3101 4609 
22388 1833 1811 644 4790 
22389 1728 1746 1774 4595 
22390 2659 2642 2651 3912 
22391 2814 2755 2754 4603 
22392 346 399 1817 1868 
22393 1452 1563 544 3262 
22394 2632 2639 2611 4140 
22395 1421 481 482 4190 
22396 1773 1719 1642 4205 
22397 598 1759 2491 1645 
22398 2500 2566 4127 4312 
22399 2689 2811 50 4315 
22400 2087 2017 732 2404 
22401 761 2590 2447 2434 
22402 2868 2867 2869 4591 
22403 2447 2201 2325 4166 
22404 248 1926 1913 4709 
22405 1117 1107 252 1231 
22406 2043 1993 1994 4678 
22407 1908 671 242 1920 
22408 538 1423 1425 1657 
22409 2529 2519 2522 4124 
22410 3140 862 3007 3259 
22411 561 1626 1470 1552 
22412 2530 2527 2531 4457 
22413 2366 2165 2455 3997 
22414 897 868 914 4456 
22415 1969 1968 1967 4484 
22416 918 1157 1199 4684 
22417 2412 2437 2316 4761 
22418 906 878 6 3868 
22419 2246 2306 2249 4364 
22420 3111 3238 3161 4548 
22421 2377 2314 2203 3887 
22422 1074 1141 1075 4547 
22423 1146 298 2200 1194 
22424 422 1247 423 4198 
22425 1969 1971 1968 4484 
22426 2538 782 2659 2571 
22427 117 877 908 1188 
22428 2346 2452 302 1187 
22429 2597 2598 2596 4752 
22430 3136 3232 3135 4252 
22431 1071 254 1128 2999 
22432 127 1157 913 1192 
22433 3150 3147 4583 4705 
22434 2398 2175 71 1916 
22435 2221 2215 2358 4397 
22436 1319 446 445 4037 
22437 2517 2518 2516 4773 
22438 1890 225 688 1921 
22439 451 450 4406 4603 
22440 1296 375 44 1572 
22441 31 2444 1883 2398 
22442 1377 524 1772 1791 
22443 2896 2898 2981 4564 
22444 3629 4040 4744 4783 
22445 187 2962 999 4725 
22446 1552 564 2456 4573 
22447 1480 319 1549 428 
22448 2707 2758 2783 4128 
22449 1210 1151 1184 3929 
22450 1408 459 460 4646 
22451 2794 2745 2821 4144 
22452 2613 2599 2597 4178 
22453 374 391 1293 1604 
22454 2070 2016 2022 4459 
22455 416 1339 415 4719 
22456 2738 2739 2742 4478 
22457 385 1311 384 4757 
22458 2445 4009 2304 4365 
22459 2502 2501 2495 3999 
22460 704 1920 703 4390 
22461 3241 3038 3152 4258 
22462 3037 3189 851 4487 
22463 3160 3110 3112 4625 
22464 3255 3225 3148 4444 
22465 2507 2508 2536 4230 
22466 1055 1054 1053 4662 
22467 433 434 483 4081 
22468 968 2845 187 4725 
22469 3270 3140 861 3004 
22470 3079 3080 3081 4284 
22471 444 1432 443 4279 
22472 1581 376 378 1283 
22473 564 2197 2456 4573 
22474 1252 1625 43 576 
22475 1124 1029 218 4244 
22476 1158 1211 194 4425 
22477 4155 4744 1176 4793 
22478 3012 3206 3205 4620 
22479 2217 2218 2216 4202 
22480 1448 133 12 911 
22481 748 2108 1959 4539 
22482 2006 2092 2043 3833 
22483 1273 1265 402 4383 
22484 1340 470 412 3926 
22485 2736 2735 2737 4626 
22486 2533 2519 2529 4124 
22487 761 2447 2590 2593 
22488 285 3270 1123 1083 
22489 2321 2207 2130 4630 
22490 1365 358 359 2598 
22491 853 2849 3035 3272 
22492 1889 689 1929 1921 
22493 670 1909 1928 1920 
22494 2441 2136 2166 3942 
22495 3094 3095 3066 4326 
22496 1263 354 1292 3999 
22497 2996 2995 3002 4003 
22498 3252 3069 3260 4335 
22499 1018 1043 1044 4674 
22500 2655 2629 2645 4127 
22501 3503 3904 4724 4763 
22502 915 1554 134 894 
22503 1982 1980 2030 4072 
22504 1404 1378 1391 4691 
22505 3283 4090 4122 4330 
22506 1215 1232 295 1235 
22507 2029 4642 1957 4763 
22508 1395 2808 513 4534 
22509 1967 1966 1965 4291 
22510 2264 2440 2374 4197 
22511 2642 3269 2672 803 
22512 1617 1614 1582 4199 
22513 3270 285 3226 1083 
22514 3081 3091 3079 4284 
22515 1980 2054 2030 4072 
22516 2780 2786 2776 4627 
22517 2104 2207 2119 4630 
22518 2189 2314 2377 3887 
22519 1325 400 458 4122 
22520 1041 1114 1111 4456 
22521 349 2494 2540 1299 
22522 1059 1057 1060 4632 
22523 481 1361 482 4481 
22524 442 441 1310 4428 
22525 2686 813 799 2585 
22526 485 1362 486 4600 
22527 2159 2160 2161 4579 
22528 1481 1454 1559 3986 
22529 2524 2520 2525 4686 
22530 137 1536 1448 911 
22531 2731 2778 2728 4455 
22532 2690 2755 2814 3965 
22533 2205 2206 2326 4767 
22534 890 886 869 4183 
22535 2362 2267 2361 4504 
22536 1753 1764 1769 4130 
22537 2597 2596 2595 4281 
22538 1289 318 1282 1549 
22539 1927 1884 1935 4784 
22540 1551 2468 573 1532 
22541 3443 4765 4145 4795 
22542 2567 2497 2550 4130 
22543 192 1005 195 3942 
22544 1873 1840 1841 3979 
22545 1762 1661 1659 4766 
22546 1349 406 407 4769 
22547 148 149 969 4398 
22548 2073 4266 2064 4771 
22549 1913 1926 1934 4709 
22550 1176 1165 1201 4744 
22551 1363 4481 482 4735 
22552 3088 3205 3157 4372 
22553 206 207 1009 4287 
22554 1437 1476 1456 4263 
22555 3948 4551 3340 4656 
22556 2689 4211 2812 4315 
22557 1207 1166 312 2132 
22558 2016 2008 2007 4460 
22559 2266 2361 2267 4504 
22560 2550 2497 2552 4130 
22561 474 416 1351 4719 
22562 3000 2959 854 2984 
22563 3012 4061 2480 4620 
22564 2327 2407 2329 4283 
22565 101 938 143 4035 
22566 1335 478 420 4044 
22567 537 1390 1749 1425 
22568 2383 2155 2399 4664 
22569 1370 774 354 2643 
22570 2465 2671 756 2592 
22571 3272 853 2849 2986 
22572 1652 1772 1787 4429 
22573 1077 1016 1089 4149 
22574 1553 1530 563 1629 
22575 2120 2117 2109 4511 
22576 1737 1739 1689 4403 
22577 1387 437 1372 4432 
22578 1384 1399 1373 3935 
22579 2921 2978 2838 4117 
22580 2909 2894 2893 4580 
22581 1510 1507 1537 4238 
22582 1349 464 406 4769 
22583 2591 808 3256 2648 
22584 2148 2478 2317 4018 
22585 3194 3185 3074 4110 
22586 3191 3230 3210 4179 
22587 449 1428 2818 503 
22588 272 1094 1068 3180 
22589 1807 2421 643 2153 
22590 1990 2028 2057 4227 
22591 526 1652 1786 4528 
22592 479 1395 513 4534 
22593 1457 1455 1456 4015 
22594 1545 2426 569 4452 
22595 3351 3891 4610 4688 
22596 2945 2966 2894 4505 
22597 1471 1532 1560 4000 
22598 251 1117 1229 1234 
22599 3235 3025 612 1766 
22600 2022 2096 2013 4241 
22601 536 1380 1765 4638 
22602 1813 1817 1816 4399 
22603 1166 1155 313 2420 
22604 1064 1088 1082 4497 
22605 486 428 1360 4600 
22606 1669 1668 1670 4554 
22607 1753 1769 1793 4130 
22608 445 1309 387 4037 
22609 1704 1747 1790 4531 
22610 564 1552 1533 4573 
22611 45 1622 1627 4647 
22612 424 4481 1361 4735 
22613 1209 2127 2459 4492 
22614 271 1068 1127 3054 
22615 544 3073 1452 3262 
22616 485 1417 1424 4263 
22617 2061 2005 1991 4631 
22618 2735 2736 2734 4626 
22619 489 1398 1427 3917 
22620 2509 2505 2504 4218 
22621 3024 1649 1776 618 
22622 2185 2183 2184 4245 
22623 2866 2868 2920 4132 
22624 1304 431 161 432 
22625 323 322 133 1304 
22626 995 2843 171 2957 
22627 2477 2133 2389 4431 
22628 2392 2162 2409 4680 
22629 2059 2094 2003 4152 
22630 456 1652 526 4528 
22631 2685 815 814 4743 
22632 3046 3155 3010 4121 
22633 2990 861 3140 3004 
22634 2990 3140 862 3007 
22635 45 1329 50 4095 
22636 1342 463 462 4779 
22637 1828 1802 1829 4161 
22638 386 1267 387 4075 
22639 626 1651 625 4355 
22640 2674 2581 2645 3917 
22641 2143 2320 315 4318 
22642 3025 612 1766 1642 
22643 1690 1727 1726 4681 
22644 3503 4724 4068 4763 
22645 1246 380 1237 4639 
22646 51 46 1336 3729 
22647 2242 2224 2241 4636 
22648 1277 1254 1821 4525 
22649 1033 2468 215 1133 
22650 1607 1589 1567 4150 
22651 1419 441 1415 4607 
22652 540 470 1636 1755 
22653 1031 1131 86 870 
22654 870 1131 86 915 
22655 564 1533 2197 4573 
22656 2643 489 1370 775 
22657 2804 2757 2704 4758 
22658 1495 1519 1436 4258 
22659 2128 644 1811 4790 
22660 874 10 194 875 
22661 1725 1724 1691 4509 
22662 1480 1481 1559 3986 
22663 2014 2058 2062 4439 
22664 3133 3013 3240 4066 
22665 2441 3942 2166 4675 
22666 1793 2567 517 1389 
22667 106 7 921 246 
22668 809 2667 2591 3223 
22669 2799 2742 2746 4272 
22670 2205 2182 2181 4340 
22671 1198 1155 1218 3943 
22672 582 1624 2443 2140 
22673 1797 1698 4528 4653 
22674 3044 3244 3129 4419 
22675 1472 168 976 1557 
22676 1266 420 419 4752 
22677 1651 1758 625 4355 
22678 639 1863 1877 2138 
22679 1375 446 1416 4387 
22680 2568 2492 2539 4371 
22681 1146 2200 298 2374 
22682 2325 2434 2447 4166 
22683 1021 996 164 1090 
22684 2558 2511 2485 4317 
22685 1453 134 1554 894 
22686 814 800 2665 2585 
22687 735 2384 1944 2024 
22688 2701 2790 2815 3985 
22689 3208 849 3039 2940 
22690 4053 4529 3635 4787 
22691 573 2468 2194 1532 
22692 3115 3120 3162 4467 
22693 3208 850 2940 2835 
22694 574 2684 2670 791 
22695 461 50 509 2811 
22696 880 891 94 4109 
22697 1425 1749 538 1657 
22698 2062 2049 2055 4440 
22699 2801 2701 2785 4720 
22700 2280 2278 2279 4690 
22701 2089 2054 1965 4501 
22702 479 513 2699 4534 
22703 1229 1117 252 1231 
22704 490 2626 491 4145 
22705 1961 724 723 4297 
22706 407 465 1349 4769 
22707 1669 1718 1667 4270 
22708 1199 906 6 4684 
22709 2480 786 3012 4620 
22710 812 2701 811 4189 
22711 2086 2438 2188 4462 
22712 709 1938 708 4101 
22713 2648 2650 2584 4496 
22714 2088 1960 710 4246 
22715 1855 1815 1816 4788 
22716 403 1622 45 4647 
22717 1243 197 23 1269 
22718 3042 3217 3044 4250 
22719 1290 1800 332 1842 
22720 3929 3340 4551 4656 
22721 1416 446 1385 4387 
22722 323 426 324 4717 
22723 736 2124 2419 2049 
22724 2581 2676 489 2658 
22725 1467 1468 1515 4275 
22726 2795 2697 2827 4386 
22727 2248 2237 2348 4204 
22728 488 52 515 4758 
22729 2439 750 2123 2172 
22730 1650 1761 1764 4696 
22731 701 1955 702 4356 
22732 2137 2198 2276 4244 
22733 3060 3059 3061 4378 
22734 2281 2386 2278 4759 
22735 1817 1813 1868 4399 
22736 1178 4744 4251 4793 
22737 1571 1587 1610 4383 
22738 879 871 868 4586 
22739 918 6 87 4684 
22740 2692 2789 2776 4627 
22741 274 3064 3177 1100 
22742 1975 1974 1973 4755 
22743 461 403 1323 4330 
22744 1006 2136 21 2164 
22745 2812 2754 2727 4211 
22746 495 1435 1411 4446 
22747 1254 2564 353 1867 
22748 2199 2270 2319 4526 
22749 1126 1045 1046 4421 
22750 1437 499 1417 1424 
22751 2596 2616 2663 4337 
22752 2902 2966 2950 4741 
22753 2958 2892 2932 4213 
22754 796 810 2640 2666 
22755 1973 2033 1975 4755 
22756 2074 1947 2026 4054 
22757 3450 4592 4572 4774 
22758 2086 1959 749 4462 
22759 959 181 990 2977 
22760 454 1332 396 4020 
22761 1173 1186 1200 4699 
22762 3241 550 1520 4776 
22763 1177 4155 1176 4793 
22764 1055 1073 1056 4464 
22765 2661 2621 2623 4730 
22766 2660 2556 2570 771 
22767 740 73 2439 2087 
22768 410 468 1352 4395 
22769 1404 198 26 1378 
22770 1209 2459 1145 4492 
22771 1626 2456 2401 4573 
22772 222 82 1 1116 
22773 2790 2799 2746 4558 
22774 1714 1661 1762 4668 
22775 1159 1236 293 1230 
22776 1581 1580 1577 4426 
22777 1777 1432 532 1780 
22778 1290 333 1255 1842 
22779 2560 2586 354 774 
22780 2905 2938 2835 4487 
22781 1052 1058 1063 4347 
22782 392 1329 45 4560 
22783 2651 2649 2617 4559 
22784 2211 2214 2212 4557 
22785 2710 2708 2709 4549 
22786 2293 2300 2296 4376 
22787 3142 3100 3034 4413 
22788 1861 1805 1871 4354 
22789 2452 2141 301 1153 
22790 3039 3175 3208 4027 
22791 3368 4495 4198 4778 
22792 2393 638 1878 2152 
22793 1221 1142 1191 4379 
22794 1121 1534 292 1555 
22795 1442 1520 550 4776 
22796 540 470 471 1636 
22797 2587 792 575 2687 
22798 1444 1545 569 4452 
22799 1626 1578 1470 4573 
22800 1233 109 878 919 
22801 360 359 2616 1369 
22802 1122 1064 1082 4497 
22803 2670 2662 2684 574 
22804 964 993 165 1438 
22805 1681 1680 1682 4693 
22806 2088 2036 2081 4679 
22807 2155 1956 737 2049 
22808 1802 1828 1827 4734 
22809 1583 563 1530 1629 
22810 2683 2677 815 801 
22811 1160 1232 295 1215 
22812 1692 1716 1717 4308 
22813 664 1914 249 1916 
22814 218 695 1917 1885 
22815 2323 1874 631 1855 
22816 1656 3142 1792 601 
22817 2154 2052 2385 728 
22818 991 949 983 4533 
22819 1734 1733 1693 4756 
22820 453 1406 1416 4463 
22821 2824 3218 833 3262 
22822 3183 3045 3249 4497 
22823 2 221 83 863 
22824 2525 2532 2559 4686 
22825 1438 993 165 1477 
22826 1085 1516 289 4521 
22827 513 2808 2699 4534 
22828 1615 44 375 1572 
22829 2838 990 182 2977 
22830 2079 2031 1953 4237 
22831 3088 3087 3227 4640 
22832 2315 2425 2206 4234 
22833 1365 493 2618 494 
22834 2208 2211 2210 4736 
22835 1419 1415 1380 4607 
22836 3256 808 3248 2648 
22837 2562 2499 2498 3917 
22838 1579 1577 1580 4426 
22839 228 1037 229 4570 
22840 2415 1611 1628 577 
22841 1468 1502 1515 4275 
22842 2435 2573 1875 650 
22843 240 1042 241 4553 
22844 1808 1855 1816 4788 
22845 755 2108 2271 4462 
22846 3232 3187 3036 4149 
22847 1121 261 1097 3261 
22848 911 137 1536 882 
22849 1642 1773 3236 613 
22850 2144 2412 2316 4761 
22851 2591 809 3223 3256 
22852 1875 2268 2435 650 
22853 2536 2561 2544 4260 
22854 2665 815 2685 4743 
22855 2287 2294 2378 4472 
22856 2327 2328 2407 4283 
22857 479 480 1395 4534 
22858 620 1794 3250 2572 
22859 1979 1978 1970 4685 
22860 1701 1662 1710 4306 
22861 2560 354 41 774 
22862 952 997 162 1034 
22863 4251 4744 4040 4783 
22864 2805 2822 817 3233 
22865 2387 2170 2479 4253 
22866 1298 1264 381 4314 
22867 1926 698 699 4236 
22868 2657 2673 2638 4371 
22869 3049 3146 3067 4518 
22870 1023 226 1051 4232 
22871 1728 1727 1690 4681 
22872 1771 1759 1788 4602 
22873 4071 4683 3457 4700 
22874 620 1794 3097 3250 
22875 2064 2073 2021 4266 
22876 1659 1661 1660 4766 
22877 2923 2924 2876 4787 
22878 2423 2140 2312 4196 
22879 2256 2432 2130 4194 
22880 358 1266 359 4752 
22881 3057 3151 3059 4777 
22882 2155 2306 2399 4664 
22883 485 1424 1407 4263 
22884 990 182 958 2838 
22885 1821 1254 327 1867 
22886 318 1289 1446 1549 
22887 181 959 2832 2977 
22888 1691 1744 1725 4509 
22889 2109 740 2087 1958 
22890 2888 2890 2889 4667 
22891 2137 217 1124 2411 
22892 1365 2618 2598 2616 
22893 2077 746 2118 1963 
22894 205 18 956 957 
22895 1435 1388 1411 4446 
22896 357 2599 356 4178 
22897 1406 453 454 4463 
22898 3057 3059 3058 4777 
22899 1233 1107 253 1140 
22900 551 1527 1442 3028 
22901 1209 2459 303 1145 
22902 869 102 103 4345 
22903 1742 1741 1740 4433 
22904 1874 631 2337 2323 
22905 1995 748 1959 4539 
22906 1681 1682 1683 4693 
22907 1060 1091 1059 4632 
22908 2345 2239 2250 4339 
22909 3236 3025 1642 613 
22910 2225 2214 2211 4557 
22911 2465 770 2570 2403 
22912 3210 3190 3191 4179 
22913 1177 1175 1176 4155 
22914 1707 1712 1713 4248 
22915 484 4405 483 4601 
22916 194 10 874 1211 
22917 324 132 131 945 
22918 160 159 945 433 
22919 2565 1292 347 2501 
22920 3218 2824 833 2781 
22921 2686 814 813 4424 
22922 2258 2460 2414 4703 
22923 803 2642 3269 3202 
22924 601 3142 1792 3155 
22925 457 399 1325 4036 
22926 46 420 357 4178 
22927 490 491 462 4145 
22928 2504 2494 2502 4508 
22929 1417 499 1437 1541 
22930 2845 2956 2962 4725 
22931 234 679 1915 1922 
22932 1915 680 233 1923 
22933 357 420 358 4752 
22934 187 999 968 4725 
22935 524 1772 457 1377 
22936 1843 1872 1834 4772 
22937 2541 786 2480 4620 
22938 2427 2442 2276 4661 
22939 874 907 875 4425 
22940 2523 2518 2533 4154 
22941 2383 1956 738 2155 
22942 2319 2387 2199 4526 
22943 1479 1481 1480 4760 
22944 1190 1191 1142 4379 
22945 2131 72 725 2299 
22946 2355 2354 2353 4228 
22947 2146 2334 2335 4278 
22948 698 2175 71 2156 
22949 2161 2160 2167 4579 
22950 1776 1709 1778 4210 
22951 1466 1473 1446 4247 
22952 851 3189 2947 4487 
22953 3056 3089 3055 4408 
22954 1540 1516 1445 4069 
22955 1170 1169 1223 4650 
22956 1327 451 393 4156 
22957 3149 3067 3147 4705 
22958 1501 1468 1500 4707 
22959 451 1397 450 4603 
22960 2578 2498 2499 3917 
22961 2465 756 2376 2592 
22962 1310 441 383 4428 
22963 221 1 222 863 
22964 1357 423 481 4481 
22965 2754 2812 2689 4211 
22966 2109 750 2439 740 
22967 3155 3095 3142 4410 
22968 2553 3221 790 3269 
22969 2545 2482 2535 4740 
22970 1437 1541 1476 4263 
22971 909 867 895 4512 
22972 1795 1739 1737 4403 
22973 459 1386 458 4616 
22974 2403 770 2570 2546 
22975 2093 1953 2041 4706 
22976 3029 3251 3154 4082 
22977 2101 2053 2034 4220 
22978 1068 1094 232 4313 
22979 1923 681 1897 1931 
22980 1901 678 1922 1930 
22981 1246 1270 1287 4639 
22982 2095 1951 2025 4420 
22983 31 249 1118 2253 
22984 1056 1073 1074 4464 
22985 1278 343 397 4764 
22986 1426 49 2784 502 
22987 2478 2365 2254 4692 
22988 1867 2564 1814 4525 
22989 2614 2617 2649 4559 
22990 717 718 1925 4295 
22991 1046 1045 1043 4421 
22992 532 443 1432 1777 
22993 2100 1955 2083 4267 
22994 1367 495 2580 795 
22995 2580 2678 1367 795 
22996 2688 812 798 2668 
22997 1308 382 440 4649 
22998 2562 54 489 775 
22999 2956 2981 2898 4564 
23000 52 488 1359 4565 
23001 2022 2023 2070 4459 
23002 996 979 164 1090 
23003 2105 2114 2120 4265 
23004 1762 1715 1714 4668 
23005 1695 1768 1718 4588 
23006 1534 292 1036 1121 
23007 3144 3013 3245 4496 
23008 1626 2401 1585 4573 
23009 2450 296 2180 1216 
23010 1010 201 200 4476 
23011 738 2011 1956 2383 
23012 1944 2124 2049 4440 
23013 1487 1488 1510 4770 
23014 3186 3234 3076 4687 
23015 2864 2866 2899 4381 
23016 480 479 1354 4566 
23017 2314 2428 2134 4058 
23018 1780 1727 1777 4279 
23019 170 1000 2944 2843 
23020 2704 2825 516 1410 
23021 2134 2430 2314 4058 
23022 1228 109 878 1233 
23023 1096 1529 214 1554 
23024 2166 2176 2193 4675 
23025 1907 242 671 1918 
23026 1520 1495 1436 4258 
23027 2541 2480 2528 4620 
23028 1161 1157 1193 4684 
23029 746 1952 2077 2107 
23030 421 363 1607 4782 
23031 3246 3171 3170 4259 
23032 2083 2018 2100 4267 
23033 2678 2580 794 795 
23034 3437 4142 4073 4722 
23035 569 2426 2165 4452 
23036 2886 2936 2883 4474 
23037 2580 794 360 1367 
23038 639 1878 1863 2393 
23039 1286 1251 1274 4778 
23040 424 425 1363 4735 
23041 225 1919 1891 688 
23042 2127 2459 303 1209 
23043 427 1362 485 4600 
23044 161 15 993 1477 
23045 628 1815 1874 4184 
23046 1555 1451 553 3261 
23047 2321 2467 2207 4630 
23048 2446 2432 2256 4194 
23049 889 101 102 4430 
23050 2291 2289 2305 4396 
23051 2890 2930 2889 4667 
23052 75 2119 2207 753 
23053 1226 1174 1173 4538 
23054 2059 2001 2094 4152 
23055 1278 1860 343 4764 
23056 1392 452 1385 4671 
23057 2983 205 18 956 
23058 1399 440 1419 4316 
23059 43 2679 1300 576 
23060 2684 2662 2670 791 
23061 2880 2906 2971 4729 
23062 1166 1178 1201 4744 
23063 289 1015 1085 4521 
23064 50 2811 2689 509 
23065 1626 1470 1578 561 
23066 261 3083 1097 3261 
23067 1622 368 45 1627 
23068 1873 1799 1840 4764 
23069 2638 2617 2612 4328 
23070 1958 1987 2028 4511 
23071 2053 2033 2034 4220 
23072 372 373 1261 1574 
23073 1934 1912 247 4700 
23074 2905 2947 4445 4487 
23075 2369 2132 2420 4251 
23076 2790 2698 2799 4558 
23077 2581 2562 489 775 
23078 189 960 1001 3005 
23079 482 1361 424 4481 
23080 2406 762 2670 2593 
23081 445 1402 444 4114 
23082 1600 1599 1601 4628 
23083 14 170 1000 2944 
23084 1957 727 2154 2431 
23085 1934 700 4700 4709 
23086 1925 1893 227 686 
23087 245 13 138 1028 
23088 2448 2311 2415 4361 
23089 1049 1065 1048 4346 
23090 3013 3133 3245 4066 
23091 4592 4609 3685 4774 
23092 1440 1015 289 4521 
23093 1199 6 128 918 
23094 2520 2532 2525 4686 
23095 2028 1990 2039 4227 
23096 1807 1848 1870 4619 
23097 1017 224 1072 4299 
23098 2566 2537 2498 4127 
23099 1801 1878 638 2152 
23100 2085 2029 2052 4763 
23101 1583 1584 1612 4214 
23102 1970 1978 1969 4685 
23103 2051 2086 2188 4462 
23104 1854 2268 1875 650 
23105 2813 2814 2754 4603 
23106 2278 2277 2279 4690 
23107 949 991 977 4533 
23108 2545 2531 2482 4740 
23109 1049 1024 1065 4231 
23110 733 2188 2086 2438 
23111 1805 1849 1871 4354 
23112 1793 1753 1389 543 
23113 1285 2508 1254 4525 
23114 2004 1951 2095 4420 
23115 810 1435 56 2680 
23116 2508 2564 353 1254 
23117 1834 1811 1833 4790 
23118 3264 3088 3227 4640 
23119 1055 1056 1054 4662 
23120 239 1030 1048 4377 
23121 2673 2617 2638 4328 
23122 1162 193 192 4721 
23123 3037 851 2835 4487 
23124 3054 3230 3247 4654 
23125 1439 1561 1521 4386 
23126 2124 2306 2419 4440 
23127 1793 2567 57 517 
23128 2024 734 2384 2188 
23129 2326 2421 2128 4790 
23130 2665 2634 2656 4743 
23131 2046 2004 2056 4491 
23132 2895 2905 2904 4427 
23133 2029 1957 2052 4763 
23134 460 402 1322 4330 
23135 3100 3102 3034 4413 
23136 2928 2929 2897 4443 
23137 569 2165 1444 4452 
23138 1508 1505 1493 4438 
23139 620 1794 1654 3097 
23140 1899 680 233 1915 
23141 1899 234 679 1915 
23142 710 1960 711 4246 
23143 3159 3121 3108 4216 
23144 1275 1454 321 1553 
23145 978 143 144 4768 
23146 1353 421 479 4566 
23147 2005 2061 2098 4631 
23148 3277 3250 3097 4077 
23149 1217 1198 1162 4318 
23150 343 1799 397 4764 
23151 1489 1499 1494 4786 
23152 2522 2524 2568 4470 
23153 63 1794 620 2572 
23154 1145 1220 1170 4492 
23155 2343 2288 2290 4614 
23156 45 403 368 1622 
23157 1918 242 671 1920 
23158 1794 2510 600 1771 
23159 3241 3152 3122 4776 
23160 2257 2258 2414 4703 
23161 2849 2953 2947 4445 
23162 3450 4609 4592 4774 
23163 357 356 46 4178 
23164 1613 1566 1584 4612 
23165 1875 2573 66 650 
23166 1539 1440 1516 4521 
23167 1062 1063 1064 4367 
23168 1417 486 498 1541 
23169 2769 2768 2816 4581 
23170 3182 3252 3260 4335 
23171 487 497 1450 1512 
23172 1063 1125 1064 4367 
23173 225 1919 688 1921 
23174 161 944 1304 432 
23175 944 323 133 1304 
23176 2524 2522 2520 4470 
23177 1217 192 21 2143 
23178 429 1454 321 1275 
23179 695 697 1882 1917 
23180 696 664 1883 1916 
23181 3082 3136 3135 4252 
23182 138 13 245 921 
23183 483 4601 1363 4735 
23184 2924 2933 2876 4787 
23185 2339 2204 2187 4604 
23186 3258 3241 3122 4776 
23187 2468 215 2395 1033 
23188 1278 342 1860 1248 
23189 2282 2284 2464 4698 
23190 2895 2938 2905 4427 
23191 2567 2550 517 1389 
23192 1410 516 2704 488 
23193 1292 347 1258 2565 
23194 2108 749 1959 4462 
23195 2253 31 249 2272 
23196 1109 1016 1077 4149 
23197 371 372 1239 1598 
23198 734 2024 2051 2188 
23199 483 1355 484 4601 
23200 696 1883 2444 1916 
23201 651 2506 2573 1875 
23202 130 325 326 3733 
23203 1814 2564 2496 4525 
23204 74 2086 749 2438 
23205 1516 1440 289 4521 
23206 1772 1791 1655 4323 
23207 2667 809 2682 3223 
23208 1284 1245 1280 4354 
23209 2564 40 353 1867 
23210 1774 1639 1728 4595 
23211 128 1199 918 1157 
23212 1114 914 84 1111 
23213 1355 4601 425 4735 
23214 490 489 1371 2676 
23215 188 999 2983 956 
23216 1652 1797 1698 4528 
23217 2542 2559 2480 4061 
23218 204 203 1008 4415 
23219 762 2681 2406 2670 
23220 3189 3037 3273 4487 
23221 450 1329 392 4095 
23222 2059 2045 2015 4173 
23223 2510 2572 1794 600 
23224 2030 2054 2089 4501 
23225 673 1905 240 1924 
23226 2384 2304 2445 4009 
23227 426 1356 484 4601 
23228 2171 2320 2143 4318 
23229 1996 1959 1999 4539 
23230 869 886 889 4183 
23231 1769 1793 2567 594 
23232 439 1314 381 4649 
23233 2396 645 646 1845 
23234 342 1865 1860 1248 
23235 842 2839 841 3193 
23236 886 892 889 4183 
23237 2640 810 796 2680 
23238 2263 2316 2261 4522 
23239 1997 2045 2059 4173 
23240 2647 2633 2649 4417 
23241 238 1104 1030 4414 
23242 2178 2388 2318 4710 
23243 1926 248 1913 665 
23244 694 1927 219 1884 
23245 2566 2498 2500 4127 
23246 2271 2302 2188 4462 
23247 3207 3101 3096 4609 
23248 445 4037 446 4171 
23249 1099 1124 217 2411 
23250 1945 730 2133 729 
23251 653 1867 2564 1814 
23252 3443 4412 4765 4795 
23253 3177 3070 275 1093 
23254 400 1324 458 4122 
23255 3272 3243 3077 4663 
23256 2308 2338 2405 4563 
23257 430 488 1358 4565 
23258 2676 490 489 2658 
23259 2130 75 2104 2207 
23260 2629 2615 2628 4461 
23261 1847 1848 1807 4619 
23262 1093 234 1100 4116 
23263 2603 2602 2604 4596 
23264 52 1359 47 4565 
23265 673 1932 1905 1924 
23266 1925 1933 1893 686 
23267 2019 2029 2020 4763 
23268 2052 1945 2085 4431 
23269 2137 2276 2411 4244 
23270 198 621 1378 4691 
23271 716 1949 2090 4353 
23272 1693 1733 1732 4756 
23273 235 1901 678 1922 
23274 2677 816 802 2683 
23275 2669 2621 2661 4730 
23276 907 903 875 4425 
23277 2618 493 2619 494 
23278 463 462 4779 4795 
23279 621 1655 1791 4323 
23280 1106 1024 1049 4231 
23281 2994 2991 3008 4256 
23282 360 2644 2679 794 
23283 189 960 3005 2989 
23284 2281 2394 2386 4759 
23285 1636 1699 1755 4514 
23286 1027 1105 1122 4255 
23287 813 2668 799 2585 
23288 762 2406 2447 2593 
23289 2456 1626 1552 4573 
23290 3076 3185 3186 4687 
23291 1273 1244 1265 4383 
23292 2850 842 843 3051 
23293 1284 382 1264 4718 
23294 1747 1704 1702 4531 
23295 2445 2306 2124 4440 
23296 1965 1966 1948 4291 
23297 3078 3135 3080 4480 
23298 728 2154 2052 1957 
23299 2629 2675 2615 4461 
23300 636 1836 637 2416 
23301 2567 1769 594 2497 
23302 2121 2118 2102 4482 
23303 307 308 2371 1171 
23304 1942 1912 1934 4700 
23305 1168 1169 1170 4650 
23306 1767 1716 1765 4607 
23307 1765 1715 1640 4638 
23308 593 1626 2456 2401 
23309 1678 1677 1676 4711 
23310 1806 1864 330 412 
23311 3140 861 2990 862 
23312 1363 482 424 4735 
23313 2952 839 840 3214 
23314 211 2960 2986 4663 
23315 739 2011 2383 2131 
23316 486 498 1541 1450 
23317 1732 1736 1694 4733 
23318 1907 672 241 1918 
23319 2375 2142 2340 4369 
23320 681 1897 232 1923 
23321 1289 1272 322 4247 
23322 794 2580 2678 1367 
23323 815 2665 2685 801 
23324 2582 797 2666 811 
23325 463 405 1344 4779 
23326 359 1266 1276 4337 
23327 837 2841 836 3069 
23328 1916 2175 71 698 
23329 1315 446 388 4037 
23330 1099 1029 1124 4244 
23331 3247 3230 3191 4654 
23332 1860 1799 343 4764 
23333 2534 2533 2500 4312 
23334 488 516 2704 515 
23335 3150 3265 3164 4583 
23336 1923 712 713 4385 
23337 2124 736 1944 2049 
23338 1809 2322 647 646 
23339 585 2313 584 1576 
23340 2941 840 841 3053 
23341 3071 3072 3125 4520 
23342 3219 553 1451 3261 
23343 1708 1788 1759 4602 
23344 564 1533 565 2197 
23345 421 47 363 4782 
23346 92 936 152 4158 
23347 1280 383 1284 4354 
23348 3106 3105 3107 4791 
23349 762 76 2681 2670 
23350 1660 1662 1658 4658 
23351 394 452 1327 4156 
23352 2693 826 827 3020 
23353 480 1354 422 4566 
23354 815 2791 814 4613 
23355 1409 1421 1378 4691 
23356 44 375 1291 1615 
23357 1254 353 327 1867 
23358 1919 687 226 1891 
23359 121 122 888 1154 
23360 1595 1622 1594 4647 
23361 2119 75 2207 2104 
23362 1751 3026 606 607 
23363 486 487 497 1450 
23364 3075 834 2847 835 
23365 2955 837 838 3197 
23366 2320 314 315 1198 
23367 724 723 4297 4784 
23368 809 79 2667 2682 
23369 459 1324 401 4122 
23370 2808 2766 2699 4534 
23371 2132 1166 312 2420 
23372 703 2073 2064 4771 
23373 3010 204 27 3015 
23374 715 716 1941 4322 
23375 1927 694 1935 1884 
23376 2379 2310 2309 4502 
23377 1926 1913 1934 665 
23378 19 988 3006 2984 
23379 795 495 2640 2680 
23380 1842 1843 1869 4772 
23381 1566 363 47 4782 
23382 2785 2815 2747 4200 
23383 421 363 364 1607 
23384 73 2439 750 740 
23385 1903 675 676 1940 
23386 683 684 1895 1941 
23387 2902 2950 2967 4741 
23388 1389 517 1793 543 
23389 2142 635 1844 634 
23390 9 1215 1235 906 
23391 2582 798 812 2668 
23392 1112 1029 1099 4244 
23393 289 288 1516 1085 
23394 2905 2835 2947 4487 
23395 2188 2086 2051 733 
23396 1804 636 635 2342 
23397 1094 273 3064 3180 
23398 356 2599 1364 2601 
23399 159 158 942 434 
23400 325 131 130 942 
23401 963 953 977 4319 
23402 263 262 3176 1022 
23403 2398 249 31 2272 
23404 2518 2517 2519 4773 
23405 838 839 2834 3063 
23406 1277 1254 327 1821 
23407 604 3019 605 1750 
23408 316 317 2408 1227 
23409 2909 2893 2964 4580 
23410 220 1884 219 4784 
23411 2643 1370 774 775 
23412 1412 1753 1650 542 
23413 557 1439 2795 558 
23414 120 121 891 1185 
23415 467 1338 409 4395 
23416 2772 2789 2773 4571 
23417 3064 274 273 1100 
23418 2017 732 2404 731 
23419 2985 3007 81 3259 
23420 815 2677 2665 801 
23421 1698 1786 1652 4528 
23422 1364 492 491 2601 
23423 2373 310 311 1142 
23424 2783 825 3131 824 
23425 2994 858 2951 859 
23426 493 2619 2603 2618 
23427 1231 1107 253 1233 
23428 1934 699 700 4709 
23429 1944 2049 2062 4440 
23430 393 1257 394 4516 
23431 1814 2564 653 2496 
23432 2644 2679 793 576 
23433 1566 1607 363 4782 
23434 2573 2435 763 650 
23435 1522 1537 1507 4712 
23436 1419 1380 1414 4638 
23437 2624 2604 2607 4537 
23438 247 1912 246 4700 
23439 2533 2529 2500 4312 
23440 2463 2132 2369 4251 
23441 197 39 1243 23 
23442 3215 3126 3141 4659 
23443 727 1957 2012 2431 
23444 3250 783 620 2572 
23445 1698 1697 1696 4653 
23446 3109 3238 3111 4548 
23447 296 1197 2180 1216 
23448 586 2144 1565 587 
23449 2603 492 2602 4596 
23450 39 197 1243 630 
23451 35 2450 1236 1216 
23452 3150 3149 3147 4705 
23453 1913 247 248 4709 
23454 2086 2051 1959 4462 
23455 1538 567 2366 568 
23456 667 1911 1942 668 
23457 1943 1887 692 691 
23458 1161 1199 1157 4684 
23459 2487 766 2129 767 
23460 695 1882 218 1917 
23461 1883 664 249 1916 
23462 1523 1520 1442 4776 
23463 2062 2023 2014 4439 
23464 2080 2036 2088 4679 
23465 845 2943 844 3047 
23466 360 42 2679 1300 
23467 606 605 3200 1648 
23468 2788 827 828 3229 
23469 1926 1914 664 1916 
23470 1927 1917 695 1885 
23471 792 2587 793 2687 
23472 2686 799 800 2585 
23473 2892 2930 2931 4672 
23474 2433 2459 2127 4492 
23475 2550 2489 518 1420 
23476 1561 1501 1500 4707 
23477 3144 3248 3013 4496 
23478 2682 809 79 3223 
23479 198 58 26 1378 
23480 618 1776 3163 619 
23481 2618 1365 359 2616 
23482 1452 545 3073 544 
23483 53 495 2680 1435 
23484 299 300 2370 1180 
23485 796 810 2666 811 
23486 285 284 3226 1083 
23487 1092 1114 1041 4456 
23488 2359 648 649 1798 
23489 122 123 893 1167 
23490 2082 2041 1953 4706 
23491 3012 3266 3206 4620 
23492 2696 2784 2819 4393 
23493 1760 610 3016 609 
23494 2681 2406 76 762 
23495 641 640 1810 2410 
23496 2992 856 2950 857 
23497 1378 1421 1391 4691 
23498 539 540 471 1636 
23499 2500 2529 2566 4312 
23500 2482 597 1757 596 
23501 2066 2044 2043 4678 
23502 1632 1610 1593 4543 
23503 1524 136 135 865 
23504 1031 86 85 870 
23505 2506 651 1819 1875 
23506 1595 1627 1622 4647 
23507 1070 1032 1050 4794 
23508 830 3154 2695 829 
23509 1528 287 286 1101 
23510 3187 265 264 1016 
23511 1260 364 365 1567 
23512 346 399 345 1817 
23513 2163 632 633 1808 
23514 2689 2812 2752 4315 
23515 1587 366 365 1244 
23516 1626 593 1585 2401 
23517 97 926 147 4394 
23518 1428 504 1396 2817 
23519 1209 1145 1170 4492 
23520 604 3199 1643 603 
23521 165 166 964 1438 
23522 1591 585 2394 586 
23523 486 1362 428 4600 
23524 2188 2438 2271 4462 
23525 279 278 3185 1038 
23526 392 369 370 1564 
23527 479 513 514 2699 
23528 1444 1484 1545 4452 
23529 1035 269 270 3052 
23530 874 110 917 1211 
23531 851 2947 2835 4487 
23532 2670 2681 574 791 
23533 34 1121 1555 3261 
23534 374 375 1296 1572 
23535 397 343 344 1799 
23536 2565 2502 2494 4508 
23537 358 1365 2618 2598 
23538 1082 266 267 3183 
23539 2341 2294 2285 4754 
23540 4 912 105 4523 
23541 1245 1284 1279 4718 
23542 2802 554 1531 555 
23543 1656 1770 1792 4410 
23544 1277 327 328 1821 
23545 1420 2489 518 519 
23546 797 2582 812 811 
23547 845 846 2842 3195 
23548 1935 1884 220 4784 
23549 291 292 1036 1534 
23550 3035 852 2849 853 
23551 461 1322 403 4330 
23552 492 2600 1366 493 
23553 669 244 1910 1928 
23554 26 198 1404 1004 
23555 105 927 139 4375 
23556 2801 811 2701 4720 
23557 878 1235 108 1228 
23558 2456 1626 61 1552 
23559 1731 1785 1735 4473 
23560 881 871 879 4586 
23561 420 478 1337 4044 
23562 2252 2478 2254 4692 
23563 2102 745 744 1948 
23564 1912 1942 666 667 
23565 693 1943 1886 692 
23566 275 274 3177 1100 
23567 826 2707 825 3213 
23568 1913 1934 247 4709 
23569 2752 2811 2689 4315 
23570 3165 548 547 1518 
23571 1605 579 2368 580 
23572 765 2177 764 2486 
23573 361 1275 1612 430 
23574 1003 23 197 1269 
23575 1559 319 1480 428 
23576 504 1428 2818 2817 
23577 1959 1996 1995 4539 
23578 1571 367 366 1265 
23579 33 3270 3004 1123 
23580 1729 1730 1687 4775 
23581 1454 321 320 429 
23582 304 305 2372 1156 
23583 724 1935 723 4784 
23584 3211 788 787 2542 
23585 2780 2776 2743 4536 
23586 478 51 492 4596 
23587 137 136 1536 882 
23588 2684 792 2662 791 
23589 77 2570 2671 2465 
23590 2668 2688 813 799 
23591 2347 2242 2241 4636 
23592 2141 300 301 1153 
23593 2580 360 2616 1369 
23594 1995 1996 2094 4539 
23595 802 816 2667 2682 
23596 2249 2445 2304 4365 
23597 492 493 478 4596 
23598 2125 631 2337 1874 
23599 1554 5 1131 915 
23600 1508 1535 1505 4438 
23601 916 96 97 4590 
23602 1553 37 1275 1629 
23603 1792 3010 601 3155 
23604 1403 1392 1385 4671 
23605 1085 1015 1130 4521 
23606 1551 212 1133 1102 
23607 522 523 1393 2490 
23608 608 1754 3212 609 
23609 1410 487 1512 496 
23610 2051 1999 1959 4462 
23611 123 124 898 1151 
23612 2989 190 960 3006 
23613 1619 1593 1610 4543 
23614 3112 3117 3160 4625 
23615 305 306 2150 1186 
23616 337 338 385 1802 
23617 1957 2029 2072 4642 
23618 500 1418 1387 2823 
23619 1882 697 2471 1917 
23620 1075 1141 1078 4547 
23621 1504 1505 1539 4701 
23622 2825 1556 55 1410 
23623 1612 362 361 430 
23624 2193 2441 2166 4675 
23625 2672 78 3269 2571 
23626 778 2579 2481 779 
23627 17 997 1557 1129 
23628 695 697 70 1882 
23629 664 696 1883 69 
23630 755 74 749 2438 
23631 774 2586 354 2643 
23632 1275 361 1612 1629 
23633 1412 1389 1753 543 
23634 445 387 1319 4037 
23635 1270 1246 1237 4639 
23636 1869 1843 1834 4772 
23637 457 1334 399 4036 
23638 538 539 1423 1657 
23639 2156 71 698 726 
23640 633 634 2375 1851 
23641 401 1273 402 4610 
23642 113 114 873 1175 
23643 638 637 1801 2152 
23644 809 2591 808 3256 
23645 500 1418 2823 2706 
23646 1821 328 1277 1858 
23647 3085 282 281 1024 
23648 2588 2492 780 781 
23649 828 2793 3029 829 
23650 3182 283 282 1079 
23651 1093 275 3177 1100 
23652 416 415 1238 4235 
23653 175 176 975 2831 
23654 1146 298 297 2374 
23655 1264 1298 1249 4314 
23656 710 1930 709 4742 
23657 1552 1470 1533 4573 
23658 1027 267 268 3048 
23659 690 1929 1937 1888 
23660 1910 1936 669 1928 
23661 2072 2029 2071 4642 
23662 2692 2776 2786 4627 
23663 3105 3268 3107 4791 
23664 992 138 13 1028 
23665 413 412 330 1864 
23666 848 2828 847 3190 
23667 2165 2426 2474 4452 
23668 746 1952 2107 747 
23669 847 3041 2939 846 
23670 2271 754 2108 755 
23671 1284 1264 1279 4718 
23672 763 66 2573 650 
23673 2580 2616 2664 1369 
23674 513 1395 512 2808 
23675 783 63 620 2572 
23676 1215 9 129 906 
23677 566 2363 565 1447 
23678 2336 2249 2304 4365 
23679 670 1908 243 1920 
23680 2508 353 1285 1254 
23681 57 1793 517 543 
23682 689 224 1890 1921 
23683 2676 2643 1371 2653 
23684 384 336 337 1835 
23685 988 19 169 2984 
23686 2117 741 1987 742 
23687 2480 787 3012 786 
23688 2962 188 999 2983 
23689 542 1412 1753 543 
23690 1133 2468 29 1551 
23691 1759 2491 599 598 
23692 3045 266 265 1088 
23693 615 1641 3215 616 
23694 332 331 1800 1288 
23695 566 2147 1513 567 
23696 876 115 116 1150 
23697 831 2700 3166 832 
23698 2398 696 2444 1916 
23699 327 353 40 1867 
23700 396 1278 397 4764 
23701 2415 1611 577 578 
23702 443 1311 385 4757 
23703 166 167 947 1509 
23704 607 1638 3201 608 
23705 198 58 1378 621 
23706 1235 108 9 906 
23707 2423 2288 2343 4614 
23708 255 256 2993 1113 
23709 1941 684 1894 685 
23710 1904 675 1940 674 
23711 190 19 988 3006 
23712 3262 1563 60 2824 
23713 1420 467 2489 519 
23714 843 844 2829 3196 
23715 511 512 1379 2691 
23716 1517 291 290 1086 
23717 1613 1607 1566 4782 
23718 1942 246 1912 4700 
23719 1371 354 355 2653 
23720 133 322 943 431 
23721 1939 1896 682 1931 
23722 1930 1938 1902 677 
23723 2784 1426 502 501 
23724 1293 373 374 1604 
23725 474 1339 416 4719 
23726 162 163 952 1034 
23727 2211 2208 2467 4736 
23728 506 1374 505 2690 
23729 502 1431 2696 503 
23730 1366 2600 357 2598 
23731 1032 1069 1050 4794 
23732 996 164 1 1021 
23733 1176 4744 1178 4793 
23734 1026 283 284 3092 
23735 676 1938 1903 1940 
23736 683 1895 1939 1941 
23737 881 909 895 4512 
23738 742 2106 743 1951 
23739 546 547 1441 3023 
23740 492 2603 493 4596 
23741 557 2697 1521 556 
23742 1993 2043 2044 4678 
23743 1902 236 1930 677 
23744 2412 1608 587 588 
23745 2599 357 356 1364 
23746 597 1645 598 2535 
23747 1512 1556 1410 496 
23748 469 1412 1650 541 
23749 2991 258 259 1020 
23750 306 307 2413 1152 
23751 556 555 2797 1443 
23752 682 1896 231 1931 
23753 431 133 322 1304 
23754 1586 1613 1584 4612 
23755 1628 62 2135 577 
23756 1266 358 420 4752 
23757 760 2134 759 2641 
23758 2822 80 817 3014 
23759 2125 65 631 1874 
23760 1772 457 525 524 
23761 2495 772 2646 773 
23762 639 638 1878 2393 
23763 489 2643 2581 775 
23764 64 1792 3010 601 
23765 268 269 1080 3168 
23766 2345 2466 2141 4702 
23767 3219 1451 553 552 
23768 745 2118 746 1963 
23769 2805 817 818 3233 
23770 1019 287 288 1445 
23771 2156 698 2012 726 
23772 642 641 1847 2418 
23773 2649 2589 2647 4417 
23774 2602 2626 491 2601 
23775 377 1581 1625 1283 
23776 1522 1507 1540 4712 
23777 1279 1264 1238 4718 
23778 999 972 968 4725 
23779 290 289 1440 1015 
23780 2403 2377 2162 4680 
23781 423 1361 481 4481 
23782 2510 600 1771 599 
23783 602 603 1752 3034 
23784 1514 546 3164 545 
23785 302 303 2459 1145 
23786 352 1285 2563 2508 
23787 747 748 1995 2116 
23788 573 2194 572 1532 
23789 3050 784 2485 785 
23790 20 1001 1128 3005 
23791 906 1235 108 878 
23792 668 1911 1942 1936 
23793 1887 1943 1937 691 
23794 1559 1454 320 429 
23795 354 1371 2643 2653 
23796 2456 2197 2401 4573 
23797 2603 2602 492 2600 
23798 2403 769 770 2546 
23799 542 1650 1412 541 
23800 184 185 955 2833 
23801 2303 2336 2304 4365 
23802 1453 135 134 894 
23803 1797 1697 1698 4653 
23804 617 1781 616 3141 
23805 176 177 970 2972 
23806 1430 537 1640 536 
23807 186 187 968 2845 
23808 1197 297 296 2180 
23809 897 914 84 1114 
23810 2102 2113 2121 4482 
23811 190 988 960 3006 
23812 351 352 1285 2563 
23813 2953 2905 2947 4445 
23814 1769 594 2497 595 
23815 2452 301 302 1187 
23816 1945 2060 2085 4431 
23817 836 835 3192 2963 
23818 562 1578 1470 561 
23819 580 2397 1569 581 
23820 520 521 465 2483 
23821 174 175 980 2968 
23822 610 3228 611 1647 
23823 644 645 2128 1811 
23824 1234 250 1118 2253 
23825 533 534 442 1639 
23826 255 254 1071 2999 
23827 640 639 1877 2138 
23828 1917 725 72 2299 
23829 2640 2580 495 795 
23830 3142 1656 602 601 
23831 1792 627 64 3010 
23832 54 774 1370 775 
23833 820 3167 2786 819 
23834 2657 2539 779 780 
23835 2364 571 572 1449 
23836 1053 1052 1017 4621 
23837 1874 2125 65 628 
23838 852 2947 851 3189 
23839 1581 377 376 1283 
23840 1030 1104 1136 4414 
23841 350 407 349 2540 
23842 177 178 973 2973 
23843 2395 215 216 1033 
23844 1942 666 1934 1912 
23845 1935 693 1943 1886 
23846 2811 510 509 461 
23847 1934 4700 247 4709 
23848 3221 789 2553 790 
23849 341 340 1812 1259 
23850 1414 1380 1430 4638 
23851 2012 2156 726 2431 
23852 2388 2417 2318 4710 
23853 802 816 2677 2667 
23854 487 497 1512 496 
23855 588 589 2158 1573 
23856 93 934 151 4506 
23857 854 2959 3000 855 
23858 1368 2622 355 2620 
23859 3202 803 2642 804 
23860 560 2824 1550 2803 
23861 979 163 164 1090 
23862 1120 7 107 910 
23863 757 2376 756 2592 
23864 2654 2189 758 757 
23865 119 120 880 1148 
23866 118 119 887 1208 
23867 2810 511 510 1400 
23868 685 228 1894 1933 
23869 517 2550 1420 1389 
23870 3076 280 279 1081 
23871 632 2323 631 1855 
23872 774 41 54 1370 
23873 488 4565 52 4758 
23874 3184 281 280 1106 
23875 2421 643 644 1833 
23876 642 1807 643 2153 
23877 214 213 1529 1096 
23878 1578 1626 1585 4573 
23879 1898 680 681 1923 
23880 679 1900 678 1922 
23881 2537 2655 778 777 
23882 79 80 2682 3223 
23883 3025 612 1642 613 
23884 167 168 976 1472 
23885 429 428 320 1559 
23886 1899 679 680 1915 
23887 355 356 1368 2620 
23888 316 250 1234 2253 
23889 974 185 186 2942 
23890 473 415 1339 4719 
23891 526 527 455 1786 
23892 7 106 910 1120 
23893 1901 678 1930 677 
23894 681 682 1897 1931 
23895 648 1823 2149 647 
23896 3013 806 2584 807 
23897 795 2640 796 2680 
23898 1633 1600 1601 4628 
23899 303 304 2127 1209 
23900 1530 563 1583 562 
23901 833 832 3218 2781 
23902 615 3011 1775 614 
23903 1928 669 1909 670 
23904 689 1929 690 1889 
23905 1218 1201 1165 4499 
23906 673 1906 672 1924 
23907 687 1925 1892 686 
23908 3007 81 860 2985 
23909 1929 690 223 1888 
23910 360 2644 794 2580 
23911 2644 2679 794 793 
23912 118 117 1143 877 
23913 859 860 2961 3001 
23914 1891 1919 687 688 
23915 1907 671 672 1918 
23916 812 798 2582 797 
23917 313 314 2151 1155 
23918 1121 34 261 3261 
23919 179 180 969 2975 
23920 3188 277 276 1067 
23921 1149 309 308 2126 
23922 1905 674 1932 673 
23923 685 1893 1933 686 
23924 670 671 1908 1920 
23925 689 1890 688 1921 
23926 1894 1941 685 1933 
23927 1940 1932 1904 674 
23928 2406 76 62 2681 
23929 1354 479 421 4566 
23930 403 367 368 1622 
23931 1283 1625 377 1252 
23932 3022 2798 831 830 
23933 781 782 2659 2538 
23934 571 2148 570 1547 
23935 482 4481 424 4735 
23936 110 1164 917 1211 
23937 443 532 533 1777 
23938 773 2586 2560 774 
23939 958 182 183 2838 
23940 357 358 1366 2598 
23941 1001 992 191 1128 
23942 273 3064 1100 1094 
23943 106 7 246 1120 
23944 388 446 1319 4037 
23945 653 1814 2496 652 
23946 385 1297 386 4734 
23947 1505 1562 1539 4701 
23948 1766 612 3235 611 
23949 771 2660 2556 772 
23950 2570 77 770 2465 
23951 1177 1176 1178 4793 
23952 505 1396 504 2817 
23953 900 114 115 1179 
23954 851 850 3037 2835 
23955 833 3262 60 2824 
23956 160 132 944 1302 
23957 1840 1799 1860 4764 
23958 2667 79 802 2682 
23959 1937 721 722 4722 
23960 538 537 1749 1425 
23961 1159 293 294 1230 
23962 1355 426 484 4601 
23963 2813 450 508 507 
23964 592 591 1616 2367 
23965 2670 76 2681 791 
23966 1258 347 348 2565 
23967 3172 3175 3173 4599 
23968 212 1551 1471 1102 
23969 3062 805 804 2589 
23970 54 1427 523 2499 
23971 1285 409 351 2563 
23972 411 1277 329 1858 
23973 2046 2057 2004 4491 
23974 500 1418 2706 501 
23975 1120 107 1140 910 
23976 1387 56 500 2823 
23977 578 579 2145 1570 
23978 2345 2141 2452 4702 
23979 3017 2787 822 821 
23980 666 1934 1913 665 
23981 339 338 1827 1297 
23982 694 1935 1884 693 
23983 295 294 1232 1160 
23984 944 132 323 1302 
23985 1302 944 160 432 
23986 439 381 1308 4649 
23987 593 592 1585 2401 
23988 848 849 2946 3039 
23989 2447 761 762 2593 
23990 3272 28 853 2986 
23991 1803 334 333 1295 
23992 2424 309 310 1190 
23993 227 1892 1925 686 
23994 456 525 526 1652 
23995 1550 560 2803 559 
23996 776 2562 2581 775 
23997 328 329 1277 1858 
23998 498 486 497 1450 
23999 82 863 83 4375 
24000 1550 1563 2824 560 
24001 180 181 959 2832 
24002 4481 4601 3287 4735 
24003 1271 1281 1240 4530 
24004 2085 2020 2029 4763 
24005 78 790 3269 2571 
24006 3004 260 33 1123 
24007 1131 5 86 915 
24008 2382 2050 731 730 
24009 2678 42 794 1367 
24010 589 1623 590 2335 
24011 1178 1176 1201 4744 
24012 133 161 944 1304 
24013 1177 1178 1221 4793 
24014 735 734 2384 2024 
24015 739 72 725 2131 
24016 258 257 1087 3002 
24017 1773 3236 613 614 
24018 1867 2564 40 653 
24019 1888 1937 690 691 
24020 1936 668 1910 669 
24021 158 16 1004 18 
24022 3266 785 2541 786 
24023 1291 375 376 1615 
24024 1883 2444 69 696 
24025 1355 483 425 4601 
24026 1302 323 944 432 
24027 8 1233 1140 919 
24028 503 1428 2818 504 
24029 988 169 170 2944 
24030 2547 466 520 519 
24031 3258 550 1442 551 
24032 982 183 184 2979 
24033 1367 2678 53 795 
24034 1545 569 2426 570 
24035 57 2567 1793 594 
24036 3241 550 549 1520 
24037 834 2985 81 3259 
24038 561 61 1626 1552 
24039 172 173 987 2830 
24040 3036 264 263 1109 
24041 134 5 1554 915 
24042 1394 529 530 1783 
24043 1896 683 1939 682 
24044 1938 1902 677 676 
24045 549 1436 548 3038 
24046 1359 488 430 4565 
24047 262 261 3083 1097 
24048 1819 652 651 2506 
24049 1133 29 212 1551 
24050 2782 823 3253 822 
24051 905 125 126 1147 
24052 2671 2570 77 771 
24053 2108 748 1959 749 
24054 1603 371 370 1262 
24055 997 17 162 1129 
24056 129 128 1199 906 
24057 666 247 1934 1912 
24058 693 1935 220 1886 
24059 2590 761 760 2434 
24060 1128 254 20 3005 
24061 248 1926 1914 665 
24062 1885 1927 219 694 
24063 1285 352 353 2508 
24064 798 2688 2668 799 
24065 582 1568 583 2443 
24066 943 161 133 431 
24067 2494 349 348 1299 
24068 960 189 190 2989 
24069 168 17 997 1557 
24070 768 2162 2488 769 
24071 2671 756 77 2465 
24072 2672 3269 78 803 
24073 551 552 1527 3028 
24074 2998 259 260 1095 
24075 2572 63 1794 600 
24076 515 2804 52 514 
24077 298 299 2200 1194 
24078 988 170 14 2944 
24079 738 2011 2383 739 
24080 2087 73 2439 732 
24081 913 126 127 1192 
24082 1420 518 2550 517 
24083 1131 214 5 1554 
24084 3027 824 823 2694 
24085 1557 286 17 1129 
24086 2162 2377 2409 4680 
24087 1846 340 339 1267 
24088 2600 492 2603 493 
24089 272 273 1094 3180 
24090 1432 531 532 1780 
24091 821 820 3216 2692 
24092 171 172 995 2957 
24093 463 1342 405 4779 
24094 2583 2428 759 758 
24095 1944 736 2124 735 
24096 2644 360 2616 2580 
24097 1906 673 240 1924 
24098 316 250 32 1234 
24099 2573 66 651 1875 
24100 1551 2468 29 573 
24101 1553 563 37 1629 
24102 1128 992 191 1028 
24103 725 2011 739 2131 
24104 2498 776 2645 777 
24105 2672 782 78 2571 
24106 1236 293 35 1216 
24107 11 130 1003 10 
24108 1292 41 347 2501 
24109 161 133 431 1304 
24110 766 2461 765 2543 
24111 1199 128 6 906 
24112 584 583 1609 2157 
24113 12 137 1448 911 
24114 3007 862 81 3259 
24115 169 988 2984 2944 
24116 3270 33 285 1123 
24117 1245 334 335 1849 
24118 1402 530 531 1644 
24119 2658 2622 490 2626 
24120 596 595 1653 2548 
24121 1649 3024 617 618 
24122 47 362 363 1566 
24123 1471 213 212 1102 
24124 1164 111 110 917 
24125 1864 331 330 413 
24126 112 113 892 1144 
24127 1867 1814 1821 4525 
24128 3270 861 33 3004 
24129 132 323 324 4717 
24130 528 1413 527 1637 
24131 217 216 1099 2411 
24132 535 1765 536 1380 
24133 160 433 1302 432 
24134 324 323 132 1302 
24135 1124 30 217 2137 
24136 3033 789 788 2484 
24137 483 1363 425 4735 
24138 559 1546 558 2703 
24139 178 179 962 2840 
24140 590 2146 1575 591 
24141 850 849 3208 2940 
24142 2086 74 733 2438 
24143 910 107 1140 919 
24144 2983 18 188 956 
24145 499 1417 498 1541 
24146 173 174 984 2965 
24147 276 275 3070 1093 
24148 1290 332 333 1842 
24149 2824 1563 60 560 
24150 112 111 1202 886 
24151 1352 467 409 4395 
24152 2599 356 2620 2601 
24153 1199 1215 129 906 
24154 2025 744 2112 743 
24155 1932 239 1904 674 
24156 1928 669 244 1909 
24157 1942 246 1911 667 
24158 1887 221 1943 692 
24159 238 675 1903 1940 
24160 684 229 1895 1941 
24161 2450 35 296 1216 
24162 857 2836 3003 858 
24163 878 108 109 1228 
24164 1444 568 2165 569 
24165 3240 805 2647 806 
24166 540 470 1755 541 
24167 1555 553 34 3261 
24168 2665 800 2685 801 
24169 235 678 1900 1922 
24170 1118 32 250 1234 
24171 620 1654 619 3097 
24172 593 1626 61 2456 
24173 1368 356 2622 2620 
24174 1127 270 271 3209 
24175 737 736 2419 2049 
24176 544 1563 60 3262 
24177 1121 292 34 1555 
24178 1868 39 346 1242 
24179 1117 252 251 1229 
24180 1926 1914 665 664 
24181 695 1927 1885 694 
24182 554 1556 55 2825 
24183 2508 2496 2564 4525 
24184 143 978 971 4768 
24185 2 84 914 1111 
24186 802 2677 2683 801 
24187 37 361 1275 1629 
24188 1886 1943 221 692 
24189 246 1942 1912 667 
24190 253 252 1107 1231 
24191 1625 43 377 1252 
24192 222 1887 1937 691 
24193 668 245 1911 1936 
24194 697 2471 70 1882 
24195 768 2575 2392 767 
24196 1068 271 272 3054 
24197 2997 2846 856 855 
24198 408 350 351 2493 
24199 681 232 1898 1923 
24200 1942 1934 700 4700 
24201 2051 734 2188 733 
24202 2643 2586 354 2653 
24203 999 187 188 2962 
24204 1275 321 37 1553 
24205 2602 491 492 2601 
24206 25 435 1004 1404 
24207 2468 29 215 1133 
24208 2702 3021 818 819 
24209 1377 58 524 1791 
24210 236 1901 1930 677 
24211 564 2456 61 1552 
24212 516 2825 55 1410 
24213 1233 253 8 1140 
24214 808 807 3248 2648 
24215 522 1434 521 2557 
24216 317 35 2450 1236 
24217 231 1897 682 1931 
24218 1233 8 109 919 
24219 191 20 1001 1128 
24220 278 277 3074 1132 
24221 908 116 117 1188 
24222 728 727 2154 1957 
24223 506 507 1397 2814 
24224 2616 359 2664 1369 
24225 1860 343 342 1278 
24226 2603 2600 493 2618 
24227 1893 228 685 1933 
24228 1904 675 238 1940 
24229 684 1894 229 1941 
24230 751 752 2105 2256 
24231 1410 1556 55 496 
24232 442 384 1311 4757 
24233 1118 251 32 1234 
24234 2549 2573 2435 763 
24235 326 24 1003 1269 
24236 2599 357 1364 2601 
24237 724 1927 1935 4784 
24238 2398 71 696 1916 
24239 699 1934 1926 4709 
24240 2572 3250 783 2551 
24241 358 2600 1366 2598 
24242 992 13 191 1028 
24243 342 341 1865 1248 
24244 1806 330 329 412 
24245 874 10 110 1211 
24246 21 315 1217 2143 
24247 1383 528 529 1784 
24248 462 404 1342 4779 
24249 1001 20 189 3005 
24250 509 2689 50 508 
24251 1895 1939 230 683 
24252 676 1938 237 1903 
24253 2666 797 796 811 
24254 1884 1935 220 693 
24255 1934 1913 247 666 
24256 2664 2580 495 2640 
24257 1624 582 581 2140 
24258 3006 854 19 2984 
24259 320 319 1559 428 
24260 257 256 1025 2995 
24261 1917 697 2471 2299 
24262 752 75 2104 2130 
24263 1854 2268 650 649 
24264 2601 492 2602 2600 
24265 1215 295 9 1235 
24266 2599 357 2601 2600 
24267 489 2643 2676 2581 
24268 2600 2599 357 2598 
24269 2052 729 2385 728 
24270 1207 312 311 2132 
24271 1280 335 336 1805 
24272 2664 2618 2619 494 
24273 344 345 398 1859 
24274 902 124 125 1210 
24275 434 435 158 1305 
24276 326 325 130 1305 
24277 2618 2600 358 2598 
24278 2620 356 2622 2601 
24279 2155 1956 738 737 
24280 2109 740 1958 741 
24281 223 690 1929 1889 
24282 2626 2622 491 2601 
24283 313 312 1166 2420 
24284 1888 222 1937 691 
24285 668 1910 245 1936 
24286 535 534 1767 1415 
24287 1304 944 323 432 
24288 499 1437 48 1424 
24289 1140 107 8 919 
24290 993 15 165 1477 
24291 1289 36 318 1446 
24292 897 84 85 1114 
24293 2664 2618 359 2616 
24294 1282 318 319 1549 
24295 45 368 369 1627 
24296 945 132 160 1302 
24297 1000 170 171 2843 
24298 1306 946 11 1002 
24299 1306 16 946 1002 
24300 683 1939 230 1896 
24301 1902 1938 237 676 
24302 918 127 128 1157 
24303 483 425 4601 4735 
24304 2653 355 2622 2620 
24305 674 1932 239 1905 
24306 990 181 182 2977 
24307 726 727 2012 2431 
24308 2139 2103 754 753 
24309 763 2435 2549 764 
24310 359 1365 2618 494 
24311 3250 784 783 2551 
24312 2444 69 31 1883 
24313 433 945 160 1302 
24314 945 324 132 1302 
24315 82 83 864 4375 
24316 627 204 27 3010 
24317 627 27 64 3010 
24318 2123 750 751 2172 
24319 2664 2580 1369 495 
24320 2664 359 2618 494 
24321 139 922 105 4375 
24322 2676 1371 355 2653 
24323 2643 1371 489 2676 
24324 659 204 627 626 
24325 625 203 659 626 
24326 627 67 27 660 
24327 661 195 662 628 
24328 661 628 68 195 
24329 203 204 659 626 
24330 659 204 660 627 
24331 202 203 658 625 
24332 657 202 658 625 
24333 658 203 659 625 
24334 660 204 27 627 
24335 663 197 38 630 
24336 197 663 662 630 
24337 42 43 2679 1300 
24338 1435 53 56 2680 
24339 627 67 64 27 
24340 434 158 942 1305 
24341 942 130 325 1305 
24342 1303 433 159 434 
24343 325 324 131 1303 
24344 38 197 23 39 
24345 655 200 656 623 
24346 197 38 630 39 
24347 491 356 2622 1368 
24348 59 26 198 58 
24349 198 199 655 622 
24350 655 198 622 654 
24351 24 25 1306 1002 
24352 621 59 654 198 
24353 1917 72 697 2299 
24354 2136 21 22 1006 
24355 2471 30 70 1882 
24356 2622 2676 355 2653 
24357 621 59 198 58 
24358 493 2600 358 2618 
24359 1364 357 492 2601 
24360 1366 2600 358 493 
24361 494 2664 359 1369 
24362 198 622 654 621 
24363 131 159 942 1303 
24364 1371 489 354 2643 
24365 490 2676 2622 2658 
24366 433 159 945 1303 
24367 945 131 324 1303 
24368 1118 250 31 2253 
24369 1303 159 942 434 
24370 942 325 131 1303 
24371 246 13 7 921 
24372 1404 25 26 1004 
24373 28 27 1014 3015 
24374 326 946 1306 435 
24375 1306 25 16 1002 
24376 1306 11 24 1002 
24377 1303 942 325 434 
24378 1003 24 23 1269 
24379 491 2622 356 2601 
24380 324 945 433 1302 
24381 2601 357 492 2600 
24382 16 11 946 1002 
24383 159 131 945 1303 
24384 864 4 3 922 
24385 433 945 324 1303 
24386 1369 2580 360 495 
24387 946 326 130 435 
24388 326 130 435 1305 
24389 489 1370 354 2643 
24390 490 1371 355 2676 
24391 495 2580 360 1367 
24392 942 158 130 1305 
24393 221 2 1 863 
24394 358 1365 493 2618 
24395 6 14 923 920 
24396 2676 355 490 2622 
24397 53 42 2678 1367 
24398 943 12 15 1511 
24399 946 130 158 435 
24400 435 130 158 1305 
24401 434 942 325 1305 
24402 1364 491 356 2601 
24403 1301 48 36 1511 
24404 2600 357 492 1366 
24405 2622 355 490 1368 
24406 1646 1795 1756 3386 
24407 624 1646 3381 3519 
24408 1646 3386 3381 3519 
24409 1756 3386 1795 3617 
24410 390 389 3393 3625 
24411 3386 3519 1646 3667 
24412 624 1758 1646 3667 
24413 624 1646 3519 3667 
24414 390 3625 3393 3797 
24415 1795 3617 3386 3865 
24416 624 3519 3381 3888 
24417 3381 3302 3519 4135 
24418 3381 3519 3386 4135 
24419 622 1756 3497 4143 
24420 3381 3386 1646 4143 
24421 3381 3302 4135 4143 
24422 3381 4135 3386 4143 
24423 1756 3617 3497 4143 
24424 623 1646 1756 4143 
24425 1646 3386 1756 4143 
24426 3386 3617 1756 4143 
24427 3386 3617 4143 4289 
24428 3497 3302 4143 4289 
24429 3497 4143 3617 4289 
24430 622 3497 1756 4323 
24431 3497 3617 1756 4323 
24432 624 1758 3667 4355 
24433 624 3667 3519 4355 
24434 624 3519 3888 4355 
24435 3386 3667 1646 4403 
24436 1795 3865 3386 4403 
24437 1646 1795 3386 4403 
24438 3880 2942 2980 2833 
24439 3880 2980 2942 3575 
24440 106 923 138 920 
24441 138 923 106 3457 
24442 4360 4418 3355 3530 
24443 3355 4418 4360 3853 
24444 4596 2619 4537 2603 
24445 4596 4537 2619 3633 
24446 4097 4108 3576 4016 
24447 3576 4108 4097 3338 
24448 4663 3864 3603 4307 
24449 4663 3603 3864 3521 
24450 4506 150 3961 3387 
24451 4506 3961 150 928 
24452 4460 3437 2069 4096 
24453 4460 2069 3437 3692 
24454 4022 1763 1722 3764 
24455 4022 1722 1763 1721 
24456 4546 3386 3303 3959 
24457 4546 3303 3386 3667 
24458 1110 3487 4632 4069 
24459 4632 3487 1110 4464 
24460 3820 1588 4543 1631 
24461 3820 4543 1588 3573 
24462 1610 4543 1588 1631 
24463 1610 1588 4543 3573 
24464 4442 3552 3401 3495 
24465 4442 3401 3552 3937 
24466 4311 4046 4338 3394 
24467 4311 4338 4046 3407 
24468 4380 3472 3285 3730 
24469 4380 3285 3472 3807 
24470 4723 3402 3313 3723 
24471 4723 3313 3402 3628 
24472 3703 475 4357 476 
24473 3703 4357 475 3596 
24474 4734 4102 3376 4161 
24475 4734 3376 4102 4075 
24476 4401 4751 4407 3463 
24477 4407 4751 4401 3747 
24478 4631 3539 1993 3843 
24479 4631 1993 3539 4416 
24480 2926 3830 3481 4329 
24481 3383 95 4538 3803 
24482 4538 95 3383 4109 
24483 4080 3694 3365 3822 
24484 4080 3365 3694 4018 
24485 4645 4209 3873 3583 
24486 4645 3873 4209 3568 
24487 4784 3369 3908 3813 
24488 4784 3908 3369 3666 
24489 4016 3480 4250 3576 
24490 4016 4250 3480 3945 
24491 4751 4401 3945 3463 
24492 4751 3945 4401 3309 
24493 4412 3675 4181 3327 
24494 4412 4181 3675 3418 
24495 4079 2274 3698 2244 
24496 4079 3698 2274 3968 
24497 4483 486 3889 3648 
24498 4483 3889 486 487 
24499 4278 1588 3820 1590 
24500 4278 3820 1588 3573 
24501 3900 383 4354 382 
24502 3900 4354 383 3838 
24503 4464 1110 4521 3487 
24504 4464 4521 1110 1073 
24505 4328 4461 3684 2615 
24506 2609 3684 4461 2615 
24507 2609 4461 3684 3494 
24508 4142 223 3574 3832 
24509 4142 3574 223 3664 
24510 4271 4576 3414 3428 
24511 4271 3414 4576 3851 
24512 3763 3414 4576 3428 
24513 3763 4576 3414 3851 
24514 3808 2831 970 2972 
24515 3808 970 2831 3602 
24516 4472 2288 2289 2287 
24517 4472 2289 2288 3651 
24518 4609 3505 4326 3139 
24519 4609 4326 3505 4592 
24520 4263 432 484 3439 
24521 4263 484 432 1407 
24522 1673 4046 1671 1672 
24523 1671 4046 1673 4022 
24524 4552 4316 3579 3473 
24525 4552 3579 4316 3517 
24526 4545 3471 3302 3867 
24527 4545 3302 3471 3940 
24528 3964 2255 4047 3501 
24529 3964 4047 2255 2454 
24530 4573 2363 2331 4119 
24531 4573 2331 2363 2197 
24532 3700 4154 3989 3418 
24533 3700 3989 4154 2523 
24534 2577 3989 4154 3418 
24535 2577 4154 3989 2523 
24536 4506 150 3524 151 
24537 4506 3524 150 3387 
24538 4529 3713 4191 3635 
24539 4529 4191 3713 4055 
24540 397 4036 398 1331 
24541 398 4036 397 4021 
24542 3912 4371 2673 2588 
24543 2673 4371 3912 3496 
24544 2673 2651 3912 2588 
24545 3912 2651 2673 3496 
24546 4142 941 103 141 
24547 4142 103 941 4550 
24548 3997 1473 3975 3434 
24549 3997 3975 1473 1544 
24550 4552 4641 4138 3394 
24551 4138 4641 4552 3860 
24552 4138 4311 4552 3394 
24553 4552 4311 4138 3860 
24554 4781 3285 3472 3858 
24555 4781 3472 3285 3807 
24556 4671 4406 452 3896 
24557 4671 452 4406 451 
24558 2512 4240 3475 2513 
24559 3475 4240 2512 3925 
24560 3561 4340 3532 3367 
24561 3532 4340 3561 3724 
24562 3594 2401 1585 4050 
24563 3594 1585 2401 4573 
24564 4688 3462 3351 3642 
24565 4688 3351 3462 3960 
24566 4389 4478 3518 4024 
24567 3518 4618 4389 4024 
24568 4014 4116 4442 235 
24569 4442 4116 4014 3401 
24570 381 380 4649 1314 
24571 381 4649 380 3589 
24572 4239 142 4280 141 
24573 4239 4280 142 3893 
24574 956 4725 3498 989 
24575 3498 4725 956 2983 
24576 3498 3641 956 989 
24577 956 3641 3498 2983 
24578 4521 1073 1074 1130 
24579 4521 1074 1073 4464 
24580 4450 3282 3796 3809 
24581 4450 3796 3282 3691 
24582 4260 3316 3849 3619 
24583 4260 3849 3316 3546 
24584 4441 3340 3639 3696 
24585 4441 3639 3340 4261 
24586 2575 4218 3546 2509 
24587 3546 4218 2575 2392 
24588 3546 2487 2575 2509 
24589 2575 2487 3546 2392 
24590 4791 4731 3105 3630 
24591 4791 3105 4731 3854 
24592 4128 3105 4731 3630 
24593 4128 4731 3105 3854 
24594 3954 3084 3856 3143 
24595 3954 3856 3084 3569 
24596 4358 1429 4534 3471 
24597 4358 4534 1429 480 
24598 3856 3084 4226 3032 
24599 3856 4226 3084 3569 
24600 4001 3721 4655 3408 
24601 4001 4655 3721 3311 
24602 3538 4655 3721 3408 
24603 3538 3721 4655 3311 
24604 4250 4016 4419 3423 
24605 4250 4419 4016 3576 
24606 3668 4726 4690 3339 
24607 4690 4726 3668 3642 
24608 4126 2433 2247 2350 
24609 4126 2247 2433 3461 
24610 3446 4261 4441 3714 
24611 4441 4261 3446 4172 
24612 4000 1525 1529 3881 
24613 4000 1529 1525 1560 
24614 4239 948 3498 981 
24615 4239 3498 948 3976 
24616 3950 2750 3398 3841 
24617 3950 3398 2750 2827 
24618 1204 3993 4207 1219 
24619 4207 3993 1204 3907 
24620 4207 1196 1204 1219 
24621 1204 1196 4207 3907 
24622 4576 3310 3428 3839 
24623 4576 3428 3310 4104 
24624 3679 4373 4500 3454 
24625 3679 4500 4373 3306 
24626 3852 4500 4373 3454 
24627 3852 4373 4500 3306 
24628 91 92 4158 936 
24629 4158 92 91 3714 
24630 4692 2479 3528 3824 
24631 4692 3528 2479 2179 
24632 3922 1591 1596 1576 
24633 3922 1596 1591 4285 
24634 4718 1850 3474 3654 
24635 4718 3474 1850 4354 
24636 4417 4141 4559 3430 
24637 4417 4559 4141 2633 
24638 4325 2720 2713 3440 
24639 4325 2713 2720 2715 
24640 3976 3768 3574 3308 
24641 3976 3574 3768 3718 
24642 4525 2506 2507 2496 
24643 4525 2507 2506 3786 
24644 4049 4639 3348 3802 
24645 3348 4639 4049 3930 
24646 3938 3853 3420 3314 
24647 3938 3420 3853 4451 
24648 4042 4389 3374 3580 
24649 3374 4389 4042 3826 
24650 4767 3532 4563 4340 
24651 4767 2205 4563 2405 
24652 4563 2205 4767 4340 
24653 2860 4292 3632 2862 
24654 3632 4292 2860 3552 
24655 435 4363 3416 158 
24656 3416 4363 435 4093 
24657 3416 434 435 158 
24658 435 434 3416 4093 
24659 3896 3871 3965 3421 
24660 3896 3965 3871 3380 
24661 1158 4318 4721 1162 
24662 4721 4318 1158 3465 
24663 4038 2234 4126 3696 
24664 4038 4126 2234 2232 
24665 4441 4038 3730 3335 
24666 4441 3730 4038 3566 
24667 4512 901 882 909 
24668 4512 882 901 4080 
24669 3937 2918 2948 2878 
24670 3937 2948 2918 3719 
24671 3958 4784 3369 3666 
24672 3369 4784 3958 4527 
24673 4722 223 4142 3832 
24674 4722 4142 223 1929 
24675 4515 2469 4079 2298 
24676 4515 4079 2469 3943 
24677 4644 4528 3611 3415 
24678 4644 3611 4528 4020 
24679 3736 3611 4528 3415 
24680 3736 4528 3611 4020 
24681 4577 3603 3307 4252 
24682 4577 3307 3603 3521 
24683 4410 626 4355 1770 
24684 4410 4355 626 3448 
24685 4468 3794 3841 3950 
24686 4468 3841 3794 3318 
24687 4049 4337 3930 1241 
24688 3930 4337 4049 3467 
24689 4725 2848 2935 2956 
24690 2935 2848 4725 3498 
24691 2935 3967 4725 2956 
24692 4725 3967 2935 3498 
24693 4575 3818 3754 3490 
24694 4575 3754 3818 4571 
24695 3333 3754 3818 3490 
24696 3333 3818 3754 4571 
24697 4068 2071 4267 2019 
24698 4068 4267 2071 3489 
24699 4441 3639 3566 3696 
24700 4441 3566 3639 3298 
24701 1381 3604 4357 1405 
24702 4357 3604 1381 3927 
24703 4190 483 4093 4081 
24704 4190 4093 483 482 
24705 4731 3466 3836 3314 
24706 4731 3836 3466 4242 
24707 4286 3536 2074 3707 
24708 4286 2074 3536 4054 
24709 471 472 3926 1347 
24710 471 3926 472 4206 
24711 3512 3926 472 1347 
24712 3512 472 3926 4206 
24713 4050 2401 2331 3594 
24714 4050 2331 2401 2367 
24715 3042 4408 3043 3055 
24716 3043 4408 3042 3856 
24717 3765 4450 3656 3319 
24718 3656 4450 3765 3441 
24719 4722 1888 222 1937 
24720 4722 222 1888 3832 
24721 4400 3280 3512 3653 
24722 4400 3512 3280 3484 
24723 4424 4140 2635 2632 
24724 4424 2635 4140 3460 
24725 4705 3903 3405 3607 
24726 4705 3405 3903 4583 
24727 4649 380 438 1314 
24728 4649 438 380 3771 
24729 4075 1853 1862 3823 
24730 4075 1862 1853 1830 
24731 4434 413 3652 4212 
24732 4434 3652 413 1864 
24733 412 3652 413 4212 
24734 412 413 3652 1864 
24735 3917 4312 3962 2500 
24736 3962 4312 3917 3443 
24737 4278 1573 2335 1623 
24738 4278 2335 1573 3820 
24739 3821 1563 2824 1550 
24740 3821 2824 1563 3262 
24741 3866 4151 4220 3459 
24742 4220 4151 3866 3390 
24743 3666 1917 1927 218 
24744 3666 1927 1917 725 
24745 4496 3084 3954 3144 
24746 4496 3954 3084 3569 
24747 3878 1139 4149 1089 
24748 3878 4149 1139 3687 
24749 1599 3913 1602 1621 
24750 1602 3913 1599 3702 
24751 4542 3590 3288 3549 
24752 4542 3288 3590 4108 
24753 4525 1819 1820 3786 
24754 4525 1820 1819 1814 
24755 3794 4300 3874 1462 
24756 3794 3874 4300 3438 
24757 4276 3874 4300 1462 
24758 4276 4300 3874 3438 
24759 3912 2484 3033 3779 
24760 3912 3033 2484 2553 
24761 4564 3498 4670 3967 
24762 4564 4670 3498 4032 
24763 3819 1181 1182 3623 
24764 3819 1182 1181 1206 
24765 4128 4609 3854 3104 
24766 3854 4609 4128 3450 
24767 3887 2376 2654 3806 
24768 3887 2654 2376 2189 
24769 4618 4164 3749 3333 
24770 4618 3749 4164 3476 
24771 4031 3749 4164 3333 
24772 4031 4164 3749 3476 
24773 4087 4365 3554 3404 
24774 3554 4365 4087 3787 
24775 3075 2963 835 2847 
24776 835 2963 3075 3192 
24777 3957 3146 4444 3068 
24778 3957 4444 3146 3607 
24779 4445 4663 2960 3521 
24780 2960 4663 4445 2849 
24781 2960 2953 4445 3521 
24782 4445 2953 2960 2849 
24783 3856 3480 3042 4250 
24784 3856 3042 3480 4408 
24785 3055 3042 3480 4250 
24786 3055 3480 3042 4408 
24787 4374 3866 4665 3553 
24788 4374 4665 3866 3310 
24789 4224 4572 4549 3708 
24790 4549 4572 4224 3466 
24791 4549 2761 4224 3708 
24792 4224 2761 4549 3466 
24793 4271 4574 3558 3972 
24794 3558 4574 4271 3414 
24795 4467 3244 3257 3162 
24796 4467 3257 3244 4419 
24797 4231 4335 3252 3085 
24798 3252 4335 4231 3492 
24799 3970 1012 3859 208 
24800 3970 3859 1012 3479 
24801 4625 3159 3110 3758 
24802 4625 3110 3159 3160 
24803 4196 3702 3743 3393 
24804 4196 3743 3702 3913 
24805 3900 4649 382 381 
24806 382 4649 3900 3683 
24807 4453 3511 2717 4062 
24808 4453 2717 3511 3966 
24809 3812 2017 2050 2097 
24810 3812 2050 2017 2404 
24811 4030 4738 4489 3489 
24812 4489 4738 4030 3336 
24813 4465 4751 3885 3463 
24814 3885 4751 4465 4138 
24815 4563 4790 4767 2405 
24816 4767 4790 4563 3532 
24817 4789 4076 3970 3464 
24818 4789 3970 4076 3640 
24819 4315 4646 3384 3920 
24820 3384 4646 4315 3543 
24821 4354 1848 1850 1871 
24822 4015 983 160 3855 
24823 4015 160 983 161 
24824 4133 3816 4366 3534 
24825 4133 4366 3816 3348 
24826 4002 1796 1708 1705 
24827 4002 1708 1796 3925 
24828 4549 2712 3505 2709 
24829 4549 3505 2712 3708 
24830 4258 1518 1519 1436 
24831 4258 1519 1518 3540 
24832 4610 4198 4778 1247 
24833 4610 4778 4198 4495 
24834 3805 4635 4283 3356 
24835 4283 4635 3805 3434 
24836 4532 719 225 1921 
24837 4532 225 719 3956 
24838 4398 4623 147 148 
24839 147 4623 4398 4052 
24840 147 998 4398 148 
24841 4398 998 147 4052 
24842 3942 4721 2164 192 
24843 2164 4721 3942 3528 
24844 4281 2641 2652 4058 
24845 4281 2652 2641 2595 
24846 4608 4458 3990 3291 
24847 4608 3990 4458 3533 
24848 231 4654 3713 1068 
24849 3713 4654 231 4191 
24850 4746 4660 4057 3717 
24851 4057 4660 4746 3305 
24852 4057 4327 4746 3717 
24853 4746 4327 4057 3305 
24854 1576 2394 3922 1591 
24855 1576 3922 2394 2313 
24856 3868 1230 1160 1232 
24857 3868 1160 1230 3757 
24858 4512 882 881 909 
24859 4512 881 882 3822 
24860 4547 4404 4086 3361 
24861 4547 4086 4404 4464 
24862 3962 1434 465 464 
24863 3962 465 1434 2557 
24864 4433 1789 4403 1740 
24865 4433 4403 1789 3667 
24866 442 4428 4595 441 
24867 442 4595 4428 3946 
24868 3517 4595 4428 441 
24869 3517 4428 4595 3946 
24870 4119 1513 4760 1447 
24871 4119 4760 1513 3805 
24872 3425 4774 4567 3834 
24873 3425 4567 4774 3854 
24874 3314 4567 4774 3834 
24875 3314 4774 4567 3854 
24876 4274 4037 4171 3565 
24877 4274 4171 4037 3739 
24878 4718 3367 4235 3654 
24879 4718 4235 3367 4314 
24880 4000 2364 2442 2194 
24881 4000 2442 2364 3694 
24882 4032 142 4239 951 
24883 4032 4239 142 3893 
24884 4466 2926 2891 2887 
24885 4466 2891 2926 4329 
24886 4708 4373 3947 3306 
24887 4708 3947 4373 3591 
24888 4670 3570 4351 3491 
24889 4670 4351 3570 4359 
24890 4214 4573 1584 3594 
24891 1584 4573 4214 1578 
24892 44 391 3682 1307 
24893 44 3682 391 4622 
24894 4106 3682 391 1307 
24895 4106 391 3682 4622 
24896 3083 3980 3132 3176 
24897 3132 3980 3083 3775 
24898 4550 4500 4073 3679 
24899 4550 4073 4500 3848 
24900 3346 4073 4500 3679 
24901 3346 4500 4073 3848 
24902 4000 1092 1096 1112 
24903 4000 1096 1092 3881 
24904 3968 2243 4079 3852 
24905 3968 4079 2243 2274 
24906 4725 981 989 972 
24907 4725 989 981 3498 
24908 4283 2193 2329 2327 
24909 4283 2329 2193 3964 
24910 629 3755 197 630 
24911 197 3755 629 196 
24912 197 662 629 630 
24913 629 662 197 196 
24914 4158 4261 91 3627 
24915 91 4261 4158 3714 
24916 4471 145 3504 4264 
24917 4471 3504 145 935 
24918 4229 3504 145 4264 
24919 3878 4606 4252 3307 
24920 4252 4606 3878 3508 
24921 4719 474 473 4048 
24922 4719 473 474 1339 
24923 408 2563 4230 2493 
24924 4230 2563 408 409 
24925 4230 4260 408 2493 
24926 408 4260 4230 409 
24927 4701 1506 3487 1539 
24928 4701 3487 1506 4187 
24929 4521 3487 1506 1539 
24930 4521 1506 3487 4187 
24931 4548 3130 3571 3109 
24932 4548 3571 3130 3754 
24933 4272 2745 3518 4144 
24934 4272 3518 2745 2742 
24935 4353 2068 715 1949 
24936 4353 715 2068 4344 
24937 3065 4121 3066 3046 
24938 3066 4121 3065 3862 
24939 3919 3926 4514 471 
24940 4514 3926 3919 3482 
24941 4757 383 4428 1310 
24942 4757 4428 383 3683 
24943 4295 1893 1925 1933 
24944 4295 1925 1893 227 
24945 4762 3590 4467 3476 
24946 4762 4467 3590 4108 
24947 3756 3412 146 4005 
24948 3756 146 3412 4264 
24949 98 146 3412 4005 
24950 98 3412 146 4264 
24951 4354 4619 1850 1848 
24952 1850 4619 4354 3474 
24953 87 88 3457 924 
24954 3457 88 87 4683 
24955 4767 3654 3474 3861 
24956 4767 3474 3654 3367 
24957 4275 4578 3607 3477 
24958 3607 4578 4275 3405 
24959 3607 3903 4275 3477 
24960 4275 3903 3607 3405 
24961 1138 4794 1070 1050 
24962 1070 4794 1138 3670 
24963 429 428 4600 1360 
24964 429 4600 428 4193 
24965 4455 2761 2726 4224 
24966 4455 2726 2761 2778 
24967 3991 1475 4760 3805 
24968 3991 4760 1475 1474 
24969 4300 1497 1465 3794 
24970 4300 1465 1497 1496 
24971 3939 2227 2225 3677 
24972 3939 2225 2227 2472 
24973 1453 865 135 894 
24974 135 865 1453 1524 
24975 4287 200 199 3776 
24976 4287 199 200 1009 
24977 4243 2764 2756 3643 
24978 4243 2756 2764 2722 
24979 2198 4526 2173 2199 
24980 2173 4526 2198 3908 
24981 4096 4437 3833 3330 
24982 3833 4437 4096 4099 
24983 1647 3235 3785 3228 
24984 1647 3785 3235 1766 
24985 4039 3053 3194 3982 
24986 4039 3194 3053 3193 
24987 4310 4694 3969 3354 
24988 3969 4694 4310 4471 
24989 4502 2476 3831 3786 
24990 4502 3831 2476 2379 
24991 2177 3831 2476 3786 
24992 2177 2476 3831 2379 
24993 4729 2831 3808 2906 
24994 4729 3808 2831 3602 
24995 4357 475 3927 1422 
24996 4357 3927 475 3596 
24997 1384 3927 475 1422 
24998 1384 475 3927 3596 
24999 4679 710 709 3613 
25000 4679 709 710 2088 
25001 4435 4325 4135 3511 
25002 4435 4135 4325 3440 
25003 3314 4791 3571 3630 
25004 3571 4791 3314 4078 
25005 4583 3224 3023 3903 
25006 4583 3023 3224 3265 
25007 4606 3944 3916 3508 
25008 4606 3916 3944 3350 
25009 4759 1591 3922 2394 
25010 4759 3922 1591 4285 
25011 923 106 6 920 
25012 6 106 923 4683 
25013 4557 2358 3583 2214 
25014 4557 3583 2358 4397 
25015 3937 4257 3632 3552 
25016 3632 4257 3937 3329 
25017 4250 3945 3856 3480 
25018 4250 3856 3945 3423 
25019 4329 4377 3830 3481 
25020 3830 4377 4329 3483 
25021 3097 1776 4210 1654 
25022 3097 4210 1776 3163 
25023 4593 4673 3441 3618 
25024 3441 4673 4593 3691 
25025 4762 4144 4349 3518 
25026 4762 4349 4144 3360 
25027 1104 4477 238 237 
25028 238 4477 1104 4414 
25029 4310 904 883 99 
25030 4310 883 904 3884 
25031 4106 391 3712 1312 
25032 4106 3712 391 4622 
25033 390 3712 391 1312 
25034 390 391 3712 4622 
25035 4790 3654 1834 4772 
25036 4790 1834 3654 3861 
25037 4722 1888 1929 223 
25038 4386 1546 1501 3742 
25039 4386 1501 1546 1439 
25040 249 1234 1117 1118 
25041 1117 1234 249 1229 
25042 3545 1887 1937 222 
25043 150 4398 962 149 
25044 962 4398 150 4159 
25045 4692 2317 4047 2252 
25046 4692 4047 2317 4018 
25047 3980 1097 1078 1022 
25048 3980 1078 1097 3775 
25049 1875 2268 3786 2435 
25050 1875 3786 2268 1854 
25051 413 412 3926 1340 
25052 3926 412 413 4212 
25053 1683 4693 4332 3933 
25054 1683 4332 4693 4148 
25055 3399 4332 4693 3933 
25056 3399 4693 4332 4148 
25057 211 3015 28 1014 
25058 28 3015 211 3018 
25059 4257 4442 3879 3495 
25060 3879 4442 4257 3329 
25061 144 145 3504 935 
25062 3504 145 144 4229 
25063 2786 4627 3021 3167 
25064 2786 3021 4627 3791 
25065 3276 3021 4627 3167 
25066 3276 4627 3021 3791 
25067 4672 4674 4667 3584 
25068 4667 4674 4672 3557 
25069 2692 3017 821 2787 
25070 2692 821 3017 3216 
25071 893 1151 123 898 
25072 123 1151 893 1167 
25073 1753 4696 1412 1650 
25074 1412 4696 1753 4130 
25075 2219 4365 2249 2336 
25076 2249 4365 2219 4364 
25077 3481 4474 2926 2886 
25078 3481 2926 4474 3830 
25079 2911 2926 4474 2886 
25080 2911 4474 2926 3830 
25081 4747 4366 3816 3534 
25082 4747 3816 4366 3385 
25083 4313 1100 233 3522 
25084 4313 233 1100 1094 
25085 4093 483 434 4081 
25086 4093 434 483 1391 
25087 4080 1482 1448 3975 
25088 4080 1448 1482 1483 
25089 2434 2641 4166 2134 
25090 4166 2641 2434 2590 
25091 4618 4478 4389 3431 
25092 4618 4389 4478 3518 
25093 4507 2684 2587 2662 
25094 4507 2587 2684 575 
25095 792 2587 2684 2662 
25096 792 2684 2587 575 
25097 4029 4728 3772 3301 
25098 3772 4728 4029 3515 
25099 3244 4100 3237 3118 
25100 3237 4100 3244 4419 
25101 4611 4728 4029 3301 
25102 4029 4728 4611 3700 
25103 4783 4040 4697 3629 
25104 4697 4040 4783 3454 
25105 4697 4430 4783 3629 
25106 4783 4430 4697 3454 
25107 4754 2287 3743 4472 
25108 4754 3743 2287 2285 
25109 4376 3646 4296 2293 
25110 4296 3646 4376 3932 
25111 4296 2295 4376 2293 
25112 4376 2295 4296 3932 
25113 4600 4601 427 4193 
25114 426 4601 427 1356 
25115 426 427 4601 4193 
25116 4385 1953 4237 712 
25117 4385 4237 1953 3846 
25118 4267 2063 2071 4030 
25119 4267 2071 2063 2083 
25120 4404 4086 4701 3487 
25121 4404 4701 4086 3361 
25122 4390 702 4180 1928 
25123 4390 4180 702 3500 
25124 4576 3312 3375 3851 
25125 4576 3375 3312 4104 
25126 4666 3882 3387 3973 
25127 3387 3882 4666 3459 
25128 3387 4151 4666 3973 
25129 4666 4151 3387 3459 
25130 4601 3889 4405 3636 
25131 4601 4405 3889 4600 
25132 4590 885 4174 97 
25133 4590 4174 885 3907 
25134 98 4174 885 97 
25135 98 885 4174 3907 
25136 4353 717 4099 2090 
25137 4353 4099 717 3693 
25138 4761 2386 4522 2316 
25139 4761 4522 2386 3769 
25140 4247 1549 1474 1446 
25141 4247 1474 1549 3991 
25142 4155 1213 4793 1177 
25143 4155 4793 1213 3884 
25144 4366 2167 2400 2169 
25145 4366 2400 2167 4133 
25146 2410 1877 3638 2138 
25147 2410 3638 1877 1810 
25148 3960 4122 4688 401 
25149 4688 4122 3960 3582 
25150 4554 4311 4046 3578 
25151 4554 4046 4311 3394 
25152 4349 4272 4024 3518 
25153 4349 4024 4272 3371 
25154 4685 2037 3828 1978 
25155 4685 3828 2037 3663 
25156 1106 3076 4231 1081 
25157 1106 4231 3076 3184 
25158 4779 4769 405 1344 
25159 4779 405 4769 3488 
25160 1003 3733 130 326 
25161 130 3733 1003 194 
25162 4603 2689 2754 2813 
25163 4603 2754 2689 4211 
25164 1928 1936 244 1910 
25165 1928 244 1936 702 
25166 4180 244 1936 1910 
25167 4180 1936 244 702 
25168 4760 3594 3356 4119 
25169 4760 3356 3594 3986 
25170 3001 2985 3814 3007 
25171 3814 2985 3001 2961 
25172 1524 882 136 865 
25173 136 882 1524 1536 
25174 4732 3796 3327 3717 
25175 4732 3327 3796 4648 
25176 380 379 3771 1317 
25177 3771 379 380 4540 
25178 2346 4492 1145 2459 
25179 1145 4492 2346 3948 
25180 238 4477 4101 237 
25181 4101 4477 238 4137 
25182 4583 1452 1502 1514 
25183 4583 1502 1452 3821 
25184 4619 4354 1861 1848 
25185 1861 4354 4619 3837 
25186 1861 1852 4619 1848 
25187 4619 1852 1861 3837 
25188 4067 4264 145 146 
25189 145 4264 4067 3537 
25190 4632 4682 4017 3397 
25191 4017 4682 4632 3649 
25192 4017 3485 4632 3397 
25193 4632 3485 4017 3649 
25194 4547 1036 4086 1141 
25195 4547 4086 1036 3775 
25196 4757 442 443 1311 
25197 4757 443 442 4428 
25198 4758 2820 4468 2757 
25199 4758 4468 2820 3727 
25200 4570 1137 3671 1037 
25201 4570 3671 1137 4043 
25202 3142 1752 602 1656 
25203 3142 602 1752 3034 
25204 1929 1937 4722 721 
25205 1929 4722 1937 1888 
25206 1930 1938 4101 1902 
25207 1930 4101 1938 709 
25208 1939 1931 231 1896 
25209 231 1931 1939 714 
25210 231 3844 1939 1896 
25211 1939 3844 231 714 
25212 3899 2437 2335 3820 
25213 3899 2335 2437 2260 
25214 4679 2034 2101 2036 
25215 4679 2101 2034 4220 
25216 495 53 795 1367 
25217 495 795 53 2680 
25218 3510 4283 4294 2327 
25219 3510 4294 4283 3897 
25220 2192 4294 4283 2327 
25221 2192 4283 4294 3897 
25222 478 51 3729 1335 
25223 3729 51 478 4320 
25224 4229 4584 4067 3396 
25225 4067 4584 4229 3537 
25226 4355 1789 4092 1651 
25227 4355 4092 1789 3667 
25228 1095 3004 260 2998 
25229 1095 260 3004 1123 
25230 4758 2804 2699 52 
25231 2699 479 4758 52 
25232 4758 479 2699 3731 
25233 2694 3131 824 2783 
25234 2694 824 3131 3027 
25235 4290 2103 2119 2111 
25236 4290 2119 2103 3672 
25237 4295 1919 1925 226 
25238 4295 1925 1919 718 
25239 4638 1373 4316 3935 
25240 4638 4316 1373 1414 
25241 1399 4316 1373 3935 
25242 1399 1373 4316 1414 
25243 2140 1569 581 1624 
25244 2140 581 1569 2397 
25245 4674 241 1042 4553 
25246 4674 1042 241 1018 
25247 3082 4480 3135 3078 
25248 3135 4480 3082 4252 
25249 4660 4154 4181 3550 
25250 4660 4181 4154 3410 
25251 1859 4399 1818 1817 
25252 1818 4399 1859 3915 
25253 1637 455 527 1786 
25254 1637 527 455 1413 
25255 2132 1142 311 1207 
25256 311 1142 2132 2373 
25257 4740 1790 1653 1757 
25258 4740 1653 1790 3847 
25259 42 360 794 1367 
25260 42 794 360 2679 
25261 4783 4155 3969 3389 
25262 4783 3969 4155 3629 
25263 4394 4223 4113 3568 
25264 4394 4113 4223 3375 
25265 3543 4330 461 4095 
25266 461 4330 3543 4315 
25267 461 50 3543 4095 
25268 3543 50 461 4315 
25269 4706 2031 1953 2082 
25270 4706 1953 2031 4237 
25271 2177 2543 765 2461 
25272 765 2543 2177 2486 
25273 3527 4754 2142 2341 
25274 3527 2142 4754 4013 
25275 2342 2142 4754 2341 
25276 2342 4754 2142 4013 
25277 4794 243 3626 1032 
25278 4794 3626 243 4028 
25279 1227 2450 3757 1236 
25280 1227 3757 2450 2408 
25281 4698 2281 2280 3668 
25282 4698 2280 2281 2282 
25283 3943 4636 2469 2347 
25284 3943 2469 4636 4079 
25285 2298 2469 4636 2347 
25286 2298 4636 2469 4079 
25287 4672 2932 3567 2931 
25288 4672 3567 2932 4213 
25289 4761 1573 1619 1608 
25290 4761 1619 1573 3820 
25291 624 3888 625 4355 
25292 203 3888 625 202 
25293 4601 485 427 1356 
25294 4601 427 485 4600 
25295 4625 3114 3987 4019 
25296 4625 3987 3114 3117 
25297 4755 4342 3548 3994 
25298 4755 3548 4342 4666 
25299 4683 923 3457 106 
25300 4683 3457 923 87 
25301 428 427 4600 1362 
25302 4600 427 428 4193 
25303 1295 1849 4718 1803 
25304 4718 1849 1295 1245 
25305 4537 2625 3633 4341 
25306 4537 3633 2625 2624 
25307 4390 1909 1920 1928 
25308 4390 1920 1909 243 
25309 4795 3327 3676 4412 
25310 4795 3676 3327 4320 
25311 629 3971 195 196 
25312 195 3971 629 628 
25313 195 662 629 196 
25314 629 662 195 628 
25315 1933 1941 4322 1894 
25316 1933 4322 1941 716 
25317 1940 1932 4597 1904 
25318 1940 4597 1932 707 
25319 4566 4534 480 479 
25320 4566 480 4534 4358 
25321 4219 4711 4494 3735 
25322 4494 4711 4219 3863 
25323 2063 4356 4267 1955 
25324 4267 4356 2063 4030 
25325 4642 2012 1962 2072 
25326 4642 1962 2012 3774 
25327 4631 2040 2041 2005 
25328 4631 2041 2040 4010 
25329 812 813 2668 2688 
25330 812 2668 813 4704 
25331 4769 4633 3316 3619 
25332 4769 3316 4633 3488 
25333 4508 1292 1263 1258 
25334 4508 1263 1292 3999 
25335 1306 16 435 946 
25336 158 435 16 946 
25337 158 16 435 1004 
25338 947 1472 167 976 
25339 167 1472 947 1509 
25340 3939 4194 2472 4160 
25341 2245 2472 4194 4160 
25342 2245 4194 2472 2432 
25343 4317 2551 3050 4077 
25344 4317 3050 2551 2485 
25345 2107 4290 2121 2111 
25346 2121 4290 2107 4045 
25347 4680 2203 3887 2377 
25348 4680 3887 2203 3886 
25349 4794 4741 4505 3584 
25350 4794 4505 4741 3670 
25351 414 413 3512 1347 
25352 414 3512 413 4212 
25353 3926 3512 413 1347 
25354 3926 413 3512 4212 
25355 388 387 4037 1319 
25356 388 4037 387 4370 
25357 451 452 4156 1327 
25358 451 4156 452 4406 
25359 1936 1942 3457 1911 
25360 3457 1942 1936 701 
25361 4656 1205 1187 3948 
25362 4656 1187 1205 1183 
25363 4527 1943 4784 723 
25364 4527 4784 1943 1886 
25365 1935 4784 1943 723 
25366 1935 1943 4784 1886 
25367 1557 1101 286 1129 
25368 286 1101 1557 1528 
25369 489 2499 54 2562 
25370 54 2499 489 1427 
25371 130 11 326 946 
25372 130 326 11 1003 
25373 1306 326 11 946 
25374 3266 2485 4620 2541 
25375 3266 4620 2485 3050 
25376 4317 4620 2485 2541 
25377 4317 2485 4620 3050 
25378 4725 951 4239 972 
25379 4725 4239 951 4032 
25380 4448 1337 419 477 
25381 4448 419 1337 4044 
25382 225 224 1921 1890 
25383 225 1921 224 4532 
25384 1570 2415 578 1611 
25385 1570 578 2415 2145 
25386 963 4533 977 991 
25387 977 4533 963 4319 
25388 2653 3983 2620 2621 
25389 2620 3983 2653 355 
25390 1943 1937 3545 1887 
25391 3545 1937 1943 722 
25392 4439 4750 4364 3615 
25393 4364 4750 4439 3404 
25394 51 462 3729 1336 
25395 3729 462 51 4320 
25396 4761 587 1565 2144 
25397 4761 1565 587 1608 
25398 4150 1613 1607 1589 
25399 4150 1607 1613 4782 
25400 1938 1940 4101 1903 
25401 4101 1940 1938 708 
25402 1941 1939 3844 1895 
25403 3844 1939 1941 715 
25404 1649 3141 617 3024 
25405 1649 617 3141 1781 
25406 1423 1636 3919 1657 
25407 3919 1636 1423 471 
25408 450 451 4095 1330 
25409 450 4095 451 4406 
25410 4156 4095 451 1330 
25411 4156 451 4095 4406 
25412 4709 4683 4071 4700 
25413 4709 4071 4683 3456 
25414 4778 401 400 3960 
25415 4778 400 401 1251 
25416 386 3739 4037 1309 
25417 4037 3739 386 4370 
25418 4037 387 386 1309 
25419 386 387 4037 4370 
25420 4598 3048 3170 4255 
25421 4598 3170 3048 3169 
25422 4706 2040 2009 2082 
25423 4706 2009 2040 4010 
25424 2999 1128 3644 3005 
25425 2999 3644 1128 1071 
25426 2501 354 41 2560 
25427 2501 41 354 1292 
25428 2392 2488 768 2162 
25429 2392 768 2488 2575 
25430 3002 1020 4256 1087 
25431 4256 1020 3002 2991 
25432 2689 450 508 2813 
25433 508 450 2689 50 
25434 2087 2404 3507 2017 
25435 3507 2404 2087 2439 
25436 92 4506 152 934 
25437 152 4506 92 4158 
25438 246 106 3457 921 
25439 246 3457 106 4700 
25440 1383 1783 529 1394 
25441 529 1783 1383 1784 
25442 153 154 3911 939 
25443 3911 154 153 4195 
25444 3911 3627 153 939 
25445 153 3627 3911 4195 
25446 1511 12 322 943 
25447 1511 322 12 1466 
25448 133 322 12 943 
25449 133 12 322 1466 
25450 1431 4393 2784 2696 
25451 2784 4393 1431 49 
25452 2784 502 1431 2696 
25453 1431 502 2784 49 
25454 1629 1530 4214 1553 
25455 1629 4214 1530 1583 
25456 2571 2659 3912 2672 
25457 2571 3912 2659 2538 
25458 96 97 4394 926 
25459 4394 97 96 4590 
25460 2385 1945 729 2052 
25461 2385 729 1945 2133 
25462 3729 462 404 1336 
25463 3729 404 462 4779 
25464 161 15 431 943 
25465 161 431 15 1455 
25466 1511 431 15 943 
25467 1511 15 431 1455 
25468 418 417 3484 1350 
25469 418 3484 417 4715 
25470 4607 535 1380 1765 
25471 4607 1380 535 1415 
25472 410 409 4395 1352 
25473 410 4395 409 4336 
25474 414 3512 4719 1341 
25475 4719 3512 414 4555 
25476 4719 415 414 1341 
25477 414 415 4719 4555 
25478 1531 2825 554 2802 
25479 554 2825 1531 1556 
25480 1637 1383 528 1413 
25481 1637 528 1383 1784 
25482 590 4278 2335 1623 
25483 2335 4278 590 2146 
25484 1532 2468 4000 1551 
25485 1532 4000 2468 2194 
25486 749 4462 2438 2086 
25487 4318 315 1198 2320 
25488 4318 1198 315 1217 
25489 485 4601 4405 484 
25490 4405 4601 485 4600 
25491 200 4143 622 199 
25492 622 4143 200 623 
25493 622 655 200 199 
25494 200 655 622 623 
25495 2589 3240 4417 3062 
25496 4417 3240 2589 2647 
25497 2506 1814 4525 1819 
25498 2506 4525 1814 2496 
25499 4462 755 749 2438 
25500 4462 749 755 2108 
25501 322 36 1511 1301 
25502 322 1511 36 1466 
25503 195 22 2136 2125 
25504 195 2136 22 1006 
25505 4757 1310 442 384 
25506 4757 442 1310 4428 
25507 435 25 16 1306 
25508 435 16 25 1004 
25509 459 460 4330 1326 
25510 459 4330 460 4646 
25511 24 326 11 1306 
25512 24 11 326 1003 
25513 48 431 1511 1301 
25514 1511 431 48 1455 
25515 490 491 2622 1368 
25516 490 2622 491 2626 
25517 68 195 65 22 
25518 68 65 195 628 
25519 2125 65 195 22 
25520 2125 195 65 628 
25521 4143 3279 200 623 
25522 626 4121 3888 203 
25523 3888 4121 626 4355 
25524 3888 625 626 203 
25525 626 625 3888 4355 
25526 623 657 201 656 
25527 3381 3279 3776 4143 
25528 3381 3776 3279 4476 
25529 200 3776 3279 4143 
25530 200 3279 3776 4476 
25531 4461 3684 3563 4328 
25532 4461 3563 3684 3494 
25533 3305 3563 3684 4328 
25534 3305 3684 3563 3494 
25535 2699 4758 2807 2804 
25536 2807 4758 2699 3731 
25537 200 623 201 656 
25538 4194 2472 2321 3939 
25539 4194 2321 2472 2432 
25540 623 1646 3279 624 
25541 623 3279 1646 4143 
25542 3381 3279 1646 624 
25543 3381 1646 3279 4143 
25544 201 202 624 3888 
25545 201 624 202 657 
25546 625 624 202 3888 
25547 625 202 624 657 
25548 201 623 624 657 
25549 624 623 201 3279 
25550 3279 200 201 4476 
25551 3279 201 200 623 
25552 4135 4143 4289 3386 
25553 4289 4143 4135 3302 
25554 3888 4476 3279 201 
25555 3279 4476 3888 3381 
25556 3279 624 3888 201 
25557 3888 624 3279 3381 
$EndElements
